asset_id,source_url,mime_type,width,height,title,alt_text,caption,suggested_role,handoff_scope,used_by,variant_count,binary_copied,review_required,review_reason
asset:wp-18252,https://www.klkoleo.com/wp-content/uploads/2026/09/Davos-ColorNet-Partnership-incosLatam-SQ-scaled.jpg,image/jpeg,2560,2560,Davos Life Science & ColorNet Partnership: Transforming Brazil’s Skincare Future with the Power of Tocotrienols,Davos Life Science & ColorNet Partnership: Transforming Brazil’s Skincare Future with the Power of Tocotrienols,Davos Life Science & ColorNet Partnership: Transforming Brazil’s Skincare Future with the Power of Tocotrienols,card_or_thumbnail,linked_to_in_scope_content,"[""page:https-www-klkoleo-com"",""page:https-www-klkoleo-com-archive-by-year-2026"",""page:https-www-klkoleo-com-news-media"",""page:https-www-klkoleo-com-r3d-de-assembly-terms-and-conditions-klke-dusseldorf"",""page:https-www-klkoleo-com-r3d-de-general-terms-and-conditions-of-purchase-klk-emmerich"",""page:https-www-klkoleo-com-r3d-de-general-terms-and-conditions-of-sale-klk-emmerich"",""page:https-www-klkoleo-com-r3d-de-safety-guide-klk-emmerich"",""page:https-www-klkoleo-com-r3d-eng-anti-corruption-policy-klk-group"",""page:https-www-klkoleo-com-r3d-eng-code-of-conduct-and-ethics-for-the-company-group-klk-group"",""page:https-www-klkoleo-com-r3d-eng-code-of-conduct-for-suppliers-klk-emmerich"",""page:https-www-klkoleo-com-r3d-eng-general-conditions-of-sale-klktemix"",""page:https-www-klkoleo-com-r3d-eng-general-terms-and-conditions-for-the-purchase-of-goods-and-or-services-klk-oleo-group"",""page:https-www-klkoleo-com-r3d-eng-general-terms-and-conditions-of-sale-klk-emmerich"",""page:https-www-klkoleo-com-r3d-eng-general-terms-and-conditions-of-sale-klk-tensachem"",""page:https-www-klkoleo-com-r3d-eng-general-terms-and-conditions-of-sale-or-supply-klk-kolb-specialties"",""page:https-www-klkoleo-com-r3d-eng-general-terms-and-conditions-of-sale-or-supply-palmoleo-klang"",""page:https-www-klkoleo-com-r3d-eng-quality-environmental-safety-and-food-safety-policy-klktemix"",""page:https-www-klkoleo-com-r3d-eng-supplier-code-of-conduct-klk-group"",""page:https-www-klkoleo-com-r3d-klk-oleo-beauty-and-personal-care-brochure"",""page:https-www-klkoleo-com-r3d-klk-oleo-palmester-biolubricant-base-oil-for-mwf-neat-oil-applications"",""page:https-www-klkoleo-com-r3d-klk-oleos-traceability"",""page:https-www-klkoleo-com-r3d-klk-sustainability-report-2021""]",13,False,False,
asset:wp-18248,https://www.klkoleo.com/wp-content/uploads/2026/09/Davos-ColorNet-Partnership-incosLatam-scaled.jpg,image/jpeg,2560,1920,Davos ColorNet Partnership incosLatam,Davos ColorNet Partnership incosLatam,Davos ColorNet Partnership incosLatam,editorial_image,unassigned_library_asset,[],13,False,False,
asset:wp-18245,https://www.klkoleo.com/wp-content/uploads/2026/09/Portuguese-PALMOCOL-Alkanolamides-Leaflet.pdf,application/pdf,,,Portuguese-PALMOCOL Alkanolamides-Leaflet,,Portuguese-PALMOCOL Alkanolamides-Leaflet,download,unassigned_library_asset,[],0,False,True,Missing alt text
asset:wp-18242,https://www.klkoleo.com/wp-content/uploads/2026/09/Portuguese-KLK-OLEO-Increase-Skin-Resilience-to-Modern-Pollution-Leaflet.pdf,application/pdf,,,Portuguese-KLK OLEO-Increase Skin Resilience to Modern Pollution-Leaflet,,Portuguese-KLK OLEO-Increase Skin Resilience to Modern Pollution-Leaflet,download,unassigned_library_asset,[],0,False,True,Missing alt text
asset:wp-18239,https://www.klkoleo.com/wp-content/uploads/2026/09/Portuguese-KLK-OLEO-DavosLife-Revive-Leaflet.pdf,application/pdf,,,Portuguese-KLK OLEO-DavosLife Revive-Leaflet,,Portuguese-KLK OLEO-DavosLife Revive-Leaflet,download,unassigned_library_asset,[],0,False,True,Missing alt text
asset:wp-18236,https://www.klkoleo.com/wp-content/uploads/2026/09/Portuguese-KLK-OLEO-DavosLife-Rejueclat-Salmon-PDRN-Leaflet.pdf,application/pdf,,,Portuguese-KLK OLEO-DavosLife Rejueclat-Salmon PDRN-Leaflet,,Portuguese-KLK OLEO-DavosLife Rejueclat-Salmon PDRN-Leaflet,download,unassigned_library_asset,[],0,False,True,Missing alt text
asset:wp-18233,https://www.klkoleo.com/wp-content/uploads/2026/09/Portuguese-KLK-OLEO-DavosLife-Rejueclat-Rice-PDRN-Leaflet.pdf,application/pdf,,,Portuguese-KLK OLEO-DavosLife Rejueclat-Rice PDRN-Leaflet,,Portuguese-KLK OLEO-DavosLife Rejueclat-Rice PDRN-Leaflet,download,unassigned_library_asset,[],0,False,True,Missing alt text
asset:wp-18230,https://www.klkoleo.com/wp-content/uploads/2026/09/Portuguese-DavosLife-E3-FACT-Yvette-Testimonial-Leaflet.pdf,application/pdf,,,Portuguese-DavosLife E3 FACT Yvette Testimonial-Leaflet,,Portuguese-DavosLife E3 FACT Yvette Testimonial-Leaflet,download,unassigned_library_asset,[],0,False,True,Missing alt text
asset:wp-18227,https://www.klkoleo.com/wp-content/uploads/2026/09/Portuguese-KLK-OLEO-Sympare-MES-Leaflet.pdf,application/pdf,,,Portuguese-KLK OLEO-Sympare MES-Leaflet,,Portuguese-KLK OLEO-Sympare MES-Leaflet,download,unassigned_library_asset,[],0,False,True,Missing alt text
asset:wp-18224,https://www.klkoleo.com/wp-content/uploads/2026/09/Portuguese-KLK-OLEO-PALMOSALT-Soap-Noodles-Leaflet.pdf,application/pdf,,,Portuguese-KLK OLEO-PALMOSALT Soap Noodles-Leaflet,,Portuguese-KLK OLEO-PALMOSALT Soap Noodles-Leaflet,download,unassigned_library_asset,[],0,False,True,Missing alt text
asset:wp-18221,https://www.klkoleo.com/wp-content/uploads/2026/09/Portuguese-KLK-OLEO-PALMESTER-Wax-Esters-Leaflet.pdf,application/pdf,,,Portuguese-KLK OLEO-PALMESTER Wax Esters-Leaflet,,Portuguese-KLK OLEO-PALMESTER Wax Esters-Leaflet,download,unassigned_library_asset,[],0,False,True,Missing alt text
asset:wp-18218,https://www.klkoleo.com/wp-content/uploads/2026/09/Portuguese-KLK-OLEO-PALMESTER-4001-Leaflet.pdf,application/pdf,,,Portuguese-KLK OLEO-PALMESTER 4001-Leaflet,,Portuguese-KLK OLEO-PALMESTER 4001-Leaflet,download,unassigned_library_asset,[],0,False,True,Missing alt text
asset:wp-18215,https://www.klkoleo.com/wp-content/uploads/2026/09/Portuguese-KLK-OLEO-PALMESTER-1910-Leaflet.pdf,application/pdf,,,Portuguese-KLK OLEO-PALMESTER 1910-Leaflet,,Portuguese-KLK OLEO-PALMESTER 1910-Leaflet,download,unassigned_library_asset,[],0,False,True,Missing alt text
asset:wp-18212,https://www.klkoleo.com/wp-content/uploads/2026/09/Portuguese-KLK-OLEO-PALMESTER-1900-Leaflet.pdf,application/pdf,,,Portuguese-KLK OLEO-PALMESTER 1900-Leaflet,,Portuguese-KLK OLEO-PALMESTER 1900-Leaflet,download,unassigned_library_asset,[],0,False,True,Missing alt text
asset:wp-18205,https://www.klkoleo.com/wp-content/uploads/2026/09/Portuguese-KLK-OLEO-Global-Personal-Care-Ingredients-Leaflet.pdf,application/pdf,,,Portuguese-KLK OLEO-Global Personal Care Ingredients-Leaflet,,Portuguese-KLK OLEO-Global Personal Care Ingredients-Leaflet,download,unassigned_library_asset,[],0,False,True,Missing alt text
asset:wp-18202,https://www.klkoleo.com/wp-content/uploads/2026/09/Portuguese-KLK-OLEO-Sympare-Sense-Series-Leaflet.pdf,application/pdf,,,Portuguese-KLK OLEO-Sympare Sense Series-Leaflet,,Portuguese-KLK OLEO-Sympare Sense Series-Leaflet,download,unassigned_library_asset,[],0,False,True,Missing alt text
asset:wp-18199,https://www.klkoleo.com/wp-content/uploads/2026/09/Portuguese-KLK-OLEO-Sympare-Glide-Series-Leaflet.pdf,application/pdf,,,Portuguese-KLK OLEO-Sympare Glide Series -Leaflet,,Portuguese-KLK OLEO-Sympare Glide Series -Leaflet,download,unassigned_library_asset,[],0,False,True,Missing alt text
asset:wp-18196,https://www.klkoleo.com/wp-content/uploads/2026/09/Portuguese-KLK-OLEO-PALMESTER-5305-5306-Leaflet.pdf,application/pdf,,,Portuguese-KLK OLEO-PALMESTER 5305-5306-Leaflet,,Portuguese-KLK OLEO-PALMESTER 5305-5306-Leaflet,download,unassigned_library_asset,[],0,False,True,Missing alt text
asset:wp-18193,https://www.klkoleo.com/wp-content/uploads/2026/09/Portuguese-KLK-OLEO-Sympare-Glow-Leaflet.pdf,application/pdf,,,Portuguese-KLK OLEO-Sympare Glow-Leaflet,,Portuguese-KLK OLEO-Sympare Glow-Leaflet,download,unassigned_library_asset,[],0,False,True,Missing alt text
asset:wp-18190,https://www.klkoleo.com/wp-content/uploads/2026/09/Portuguese-KLK-OLEO-DavosLife-Rejueclat-Innovation-Zone.pdf,application/pdf,,,Portuguese-KLK OLEO-DavosLife Rejueclat-Innovation Zone,,Portuguese-KLK OLEO-DavosLife Rejueclat-Innovation Zone,download,unassigned_library_asset,[],0,False,True,Missing alt text
asset:wp-18187,https://www.klkoleo.com/wp-content/uploads/2026/09/English-KLK-OLEO-DavosLife-Revive-Leaflet.pdf,application/pdf,,,English-KLK OLEO-DavosLife Revive-Leaflet,,English-KLK OLEO-DavosLife Revive-Leaflet,download,unassigned_library_asset,[],0,False,True,Missing alt text
asset:wp-18184,https://www.klkoleo.com/wp-content/uploads/2026/09/English-KLK-OLEO-DavosLife-Rejueclat-Rice-PDRN-Leaflet.pdf,application/pdf,,,English-KLK OLEO-DavosLife Rejueclat-Rice PDRN-Leaflet,,English-KLK OLEO-DavosLife Rejueclat-Rice PDRN-Leaflet,download,unassigned_library_asset,[],0,False,True,Missing alt text
asset:wp-18181,https://www.klkoleo.com/wp-content/uploads/2026/09/2026-KLK-OLEO-Exhibition_Supplyside-Global.png,image/png,938,417,2026 KLK OLEO Exhibition Supplyside Global,2026 KLK OLEO Exhibition Supplyside Global,2026 KLK OLEO Exhibition Supplyside Global,banner_candidate,unassigned_library_asset,[],10,False,False,
asset:wp-18178,https://www.klkoleo.com/wp-content/uploads/2026/09/2026-KLK-OLEO-Exhibition_incosmetics-Asia.png,image/png,938,417,2026 KLK OLEO Exhibition incosmetics Asia,2026 KLK OLEO Exhibition incosmetics Asia,2026 KLK OLEO Exhibition incosmetics Asia,banner_candidate,unassigned_library_asset,[],10,False,False,
asset:wp-18172,https://www.klkoleo.com/wp-content/uploads/2026/09/1-CDP.jpg,image/jpeg,660,460,1 CDP,1 CDP,1 CDP,editorial_image,linked_to_in_scope_content,"[""page:https-www-klkoleo-com-accreditations""]",9,False,False,
asset:wp-18169,https://www.klkoleo.com/wp-content/uploads/2026/09/1-Sedex.jpg,image/jpeg,660,460,1 Sedex,1 Sedex,1 Sedex,editorial_image,linked_to_in_scope_content,"[""page:https-www-klkoleo-com-accreditations""]",9,False,False,
asset:wp-18166,https://www.klkoleo.com/wp-content/uploads/2026/09/1-Ecovadis.jpg,image/jpeg,660,460,1 Ecovadis,1 Ecovadis,1 Ecovadis,editorial_image,linked_to_in_scope_content,"[""page:https-www-klkoleo-com-accreditations""]",9,False,False,
asset:wp-18136,https://www.klkoleo.com/wp-content/uploads/2026/08/KLK-OLEO-in-cosmetics-Latin-America.png,image/png,1080,1080,KLK OLEO in cosmetics Latin America,"KLK OLEO personal care showcase featuring skincare and cosmetic products, highlighting oleochemical solutions and tocotrienols for beauty and wellness applications.",KLK OLEO in cosmetics Latin America,card_or_thumbnail,linked_to_in_scope_content,"[""page:https-www-klkoleo-com"",""page:https-www-klkoleo-com-archive-by-year-2026"",""page:https-www-klkoleo-com-news-media"",""page:https-www-klkoleo-com-news-media-visit-klk-oleo-at-in-cosmetics-latin-america-2026"",""page:https-www-klkoleo-com-r3d-de-assembly-terms-and-conditions-klke-dusseldorf"",""page:https-www-klkoleo-com-r3d-de-general-terms-and-conditions-of-purchase-klk-emmerich"",""page:https-www-klkoleo-com-r3d-de-general-terms-and-conditions-of-sale-klk-emmerich"",""page:https-www-klkoleo-com-r3d-de-safety-guide-klk-emmerich"",""page:https-www-klkoleo-com-r3d-eng-anti-corruption-policy-klk-group"",""page:https-www-klkoleo-com-r3d-eng-code-of-conduct-and-ethics-for-the-company-group-klk-group"",""page:https-www-klkoleo-com-r3d-eng-code-of-conduct-for-suppliers-klk-emmerich"",""page:https-www-klkoleo-com-r3d-eng-general-conditions-of-sale-klktemix"",""page:https-www-klkoleo-com-r3d-eng-general-terms-and-conditions-for-the-purchase-of-goods-and-or-services-klk-oleo-group"",""page:https-www-klkoleo-com-r3d-eng-general-terms-and-conditions-of-sale-klk-emmerich"",""page:https-www-klkoleo-com-r3d-eng-general-terms-and-conditions-of-sale-klk-tensachem"",""page:https-www-klkoleo-com-r3d-eng-general-terms-and-conditions-of-sale-or-supply-klk-kolb-specialties"",""page:https-www-klkoleo-com-r3d-eng-general-terms-and-conditions-of-sale-or-supply-palmoleo-klang"",""page:https-www-klkoleo-com-r3d-eng-quality-environmental-safety-and-food-safety-policy-klktemix"",""page:https-www-klkoleo-com-r3d-eng-supplier-code-of-conduct-klk-group"",""page:https-www-klkoleo-com-r3d-klk-oleo-beauty-and-personal-care-brochure"",""page:https-www-klkoleo-com-r3d-klk-oleo-palmester-biolubricant-base-oil-for-mwf-neat-oil-applications"",""page:https-www-klkoleo-com-r3d-klk-oleos-traceability"",""page:https-www-klkoleo-com-r3d-klk-sustainability-report-2021""]",11,False,False,
asset:wp-18132,https://www.klkoleo.com/wp-content/uploads/2026/08/English-KLK-OLEO-DAVOSLIFE-BeauE-B2C-Leaflet.pdf,application/pdf,,,English-KLK OLEO-DAVOSLIFE BeauE-B2C (Leaflet),,English-KLK OLEO-DAVOSLIFE BeauE-B2C (Leaflet),download,unassigned_library_asset,[],0,False,True,Missing alt text
asset:wp-18129,https://www.klkoleo.com/wp-content/uploads/2026/08/English-PALMESTER-PLANTERA-MCT-For-Plant-based-meat-Leaflet.pdf,application/pdf,,,English-PALMESTER & PLANTERA MCT For Plant based meat (Leaflet),,English-PALMESTER & PLANTERA MCT For Plant based meat (Leaflet),download,unassigned_library_asset,[],0,False,True,Missing alt text
asset:wp-18126,https://www.klkoleo.com/wp-content/uploads/2026/08/English-PALMESTER-PLANTERA-MCT-For-Sauces-Dressings-Leaflet.pdf,application/pdf,,,English-PALMESTER & PLANTERA MCT For Sauces & Dressings (Leaflet),,English-PALMESTER & PLANTERA MCT For Sauces & Dressings (Leaflet),download,unassigned_library_asset,[],0,False,True,Missing alt text
asset:wp-18123,https://www.klkoleo.com/wp-content/uploads/2026/08/English-KLK-OLEO-Food-and-Nutrition-Ingredients-1.pdf,application/pdf,,,English-KLK OLEO-Food and Nutrition Ingredients,,English-KLK OLEO-Food and Nutrition Ingredients,download,unassigned_library_asset,[],0,False,True,Missing alt text
asset:wp-18120,https://www.klkoleo.com/wp-content/uploads/2026/08/English-DavosLife-MCT-Oil-Leaflet.pdf,application/pdf,,,English-DavosLife MCT Oil (Leaflet),,English-DavosLife MCT Oil (Leaflet),download,unassigned_library_asset,[],0,False,True,Missing alt text
asset:wp-18117,https://www.klkoleo.com/wp-content/uploads/2026/08/English-DavosLife-RP-Oil-Leaflet.pdf,application/pdf,,,English-DavosLife RP Oil (Leaflet),,English-DavosLife RP Oil (Leaflet),download,unassigned_library_asset,[],0,False,True,Missing alt text
asset:wp-18114,https://www.klkoleo.com/wp-content/uploads/2026/08/English-KLK-OLEO-DavosLife-E3-Ferroptosis.pdf,application/pdf,,,English-KLK OLEO-DavosLife E3-Ferroptosis,,English-KLK OLEO-DavosLife E3-Ferroptosis,download,unassigned_library_asset,[],0,False,True,Missing alt text
asset:wp-18111,https://www.klkoleo.com/wp-content/uploads/2026/08/English-KLKOLEO-PALMESTER-PLANTERA-MCT-Brochure-FN.pdf,application/pdf,,,English-KLKOLEO-PALMESTER-PLANTERA MCT Brochure-F&N,,English-KLKOLEO-PALMESTER-PLANTERA MCT Brochure-F&N,download,unassigned_library_asset,[],0,False,True,Missing alt text
asset:wp-18108,https://www.klkoleo.com/wp-content/uploads/2026/08/English-KLK-OLEO-Food-and-Nutrition-Ingredients.pdf,application/pdf,,,English-KLK OLEO-Food and Nutrition Ingredients,,English-KLK OLEO-Food and Nutrition Ingredients,download,unassigned_library_asset,[],0,False,True,Missing alt text
asset:wp-18034,https://www.klkoleo.com/wp-content/uploads/2026/07/2026-Lube-Media-Directory-Banner_.gif,image/gif,900,150,2026 Lube Media Directory Banner,2026 Lube Media Directory Banner,2026 Lube Media Directory Banner,banner_candidate,unassigned_library_asset,[],10,False,False,
asset:wp-18030,https://www.klkoleo.com/wp-content/uploads/2026/07/KLK-OLEO-Vitafoods-Asia-2026.png,image/png,938,417,KLK OLEO Vitafoods Asia 2026,KLK OLEO Vitafoods Asia 2026,KLK OLEO Vitafoods Asia 2026,banner_candidate,unassigned_library_asset,[],10,False,False,
asset:wp-18027,https://www.klkoleo.com/wp-content/uploads/2026/07/KLK-OLEO-in-cosmetics-LATAM-2026.png,image/png,938,417,KLK OLEO in cosmetics LATAM 2026,KLK OLEO in cosmetics LATAM 2026,KLK OLEO in cosmetics LATAM 2026,banner_candidate,unassigned_library_asset,[],10,False,False,
asset:wp-17682,https://www.klkoleo.com/wp-content/uploads/2026/07/Yayasan-KLK-2026.png,image/png,2400,994,Yayasan KLK 2026,Yayasan KLK 2026,Yayasan KLK 2026,banner_candidate,unassigned_library_asset,[],13,False,False,
asset:wp-17549,https://www.klkoleo.com/wp-content/uploads/2026/07/Code-of-Conduct-for-Suppliers_DE-2025-01-10-Final.pdf,application/pdf,,,Code-of-Conduct-for-Suppliers_DE-2025-01-10-Final,,Code-of-Conduct-for-Suppliers_DE-2025-01-10-Final,download,unassigned_library_asset,[],0,False,True,Missing alt text
asset:wp-17435,https://www.klkoleo.com/wp-content/uploads/2026/06/2026-06-Tailored-Solutions-Transformative-Beauty-Brochure-Korean.pdf,application/pdf,,,2026-06-Tailored Solutions Transformative Beauty (Brochure)-Korean,,2026-06-Tailored Solutions Transformative Beauty (Brochure)-Korean,download,unassigned_library_asset,[],0,False,True,Missing alt text
asset:wp-17424,https://www.klkoleo.com/wp-content/uploads/2026/06/2026-General-Terms-and-Conditions-of-Purchase_KLK-Emmerich-GmbH_GERMAN_Rev-1Jan2016.pdf,application/pdf,,,2026-General Terms and Conditions of Purchase_KLK Emmerich GmbH_GERMAN_Rev 1Jan2016,,2026-General Terms and Conditions of Purchase_KLK Emmerich GmbH_GERMAN_Rev 1Jan2016,download,unassigned_library_asset,[],0,False,True,Missing alt text
asset:wp-17421,https://www.klkoleo.com/wp-content/uploads/2026/06/2026-General-Terms-and-Conditions-of-Purchase_KLK-Kolb-Specialties-BV_ENG_Rev-31Aug2018-1.pdf,application/pdf,,,2026-General Terms and Conditions of Purchase_KLK Kolb Specialties BV_ENG_Rev 31Aug2018,,2026-General Terms and Conditions of Purchase_KLK Kolb Specialties BV_ENG_Rev 31Aug2018,download,unassigned_library_asset,[],0,False,True,Missing alt text
asset:wp-17415,https://www.klkoleo.com/wp-content/uploads/2026/06/2026-General-Terms-and-Conditions-For-the-Purchase-of-Goods-and-or-Services_KLK-OLEO_Rev-Sept2018.pdf,application/pdf,,,2026-General Terms and Conditions For the Purchase of Goods and or Services_KLK OLEO_Rev Sept2018,,2026-General Terms and Conditions For the Purchase of Goods and or Services_KLK OLEO_Rev Sept2018,download,unassigned_library_asset,[],0,False,True,Missing alt text
asset:wp-17412,https://www.klkoleo.com/wp-content/uploads/2026/06/2026-General-Terms-and-Conditions-of-Purchase_KLK-Emmerich-GmbH_ENG_Rev-1Jan2016.pdf,application/pdf,,,2026-General Terms and Conditions of Purchase_KLK Emmerich GmbH_ENG_Rev 1Jan2016,,2026-General Terms and Conditions of Purchase_KLK Emmerich GmbH_ENG_Rev 1Jan2016,download,unassigned_library_asset,[],0,False,True,Missing alt text
asset:wp-17409,https://www.klkoleo.com/wp-content/uploads/2026/06/2026-General-Terms-and-Conditions-of-Purchase_KLK-Kolb-Specialties-BV_ENG_Rev-31Aug2018.pdf,application/pdf,,,2026-General Terms and Conditions of Purchase_KLK Kolb Specialties BV_ENG_Rev 31Aug2018,,2026-General Terms and Conditions of Purchase_KLK Kolb Specialties BV_ENG_Rev 31Aug2018,download,unassigned_library_asset,[],0,False,True,Missing alt text
asset:wp-17406,https://www.klkoleo.com/wp-content/uploads/2026/06/2026-General-Terms-and-Conditions-of-Technical-Purchase-of-Goods-Works-Services_KLKSDrWKolb-NL_Rev-Aug2021.pdf,application/pdf,,,2026-General Terms and Conditions of Technical Purchase of Goods Works Services_KLKS&DrWKolb NL_Rev Aug2021,,2026-General Terms and Conditions of Technical Purchase of Goods Works Services_KLKS&DrWKolb NL_Rev Aug2021,download,unassigned_library_asset,[],0,False,True,Missing alt text
asset:wp-17403,https://www.klkoleo.com/wp-content/uploads/2026/06/1-Mould-Release-Agent-1-1.png,image/png,30,30,1-Mould Release Agent,,,card_or_thumbnail,unassigned_library_asset,[],0,False,True,Missing alt text
asset:wp-17400,https://www.klkoleo.com/wp-content/uploads/2026/06/1-Surface-Finish-Improver-1.png,image/png,30,30,1-Surface Finish Improver,,,card_or_thumbnail,unassigned_library_asset,[],0,False,True,Missing alt text
asset:wp-17397,https://www.klkoleo.com/wp-content/uploads/2026/06/1-Slip-Additive-1.png,image/png,30,30,1-Slip Additive,,,card_or_thumbnail,unassigned_library_asset,[],0,False,True,Missing alt text
asset:wp-17394,https://www.klkoleo.com/wp-content/uploads/2026/06/1-Processing-Aid-1.png,image/png,30,30,1-Processing Aid,,,card_or_thumbnail,unassigned_library_asset,[],0,False,True,Missing alt text
asset:wp-17391,https://www.klkoleo.com/wp-content/uploads/2026/06/1-Plasticiser-1.png,image/png,30,30,1-Plasticiser,,,card_or_thumbnail,unassigned_library_asset,[],0,False,True,Missing alt text
asset:wp-17388,https://www.klkoleo.com/wp-content/uploads/2026/06/1-Pigment-Dispersant-1.png,image/png,30,30,1-Pigment Dispersant,,,card_or_thumbnail,unassigned_library_asset,[],0,False,True,Missing alt text
asset:wp-17346,https://www.klkoleo.com/wp-content/uploads/2026/06/English-KLK-OLEO-Sympare-Series.pdf,application/pdf,,,English-KLK OLEO-Sympare Series,,English-KLK OLEO-Sympare Series,download,unassigned_library_asset,[],0,False,True,Missing alt text
asset:wp-16943,https://www.klkoleo.com/wp-content/uploads/2026/06/New-Website-KLK-OLEO-Banner-Enriching-Human-Lives-Everyday_Germany.png,image/png,1920,795,New Website KLK OLEO Banner Enriching Human Lives Everyday Germany,New Website KLK OLEO Banner Enriching Human Lives Everyday Germany,New Website KLK OLEO Banner Enriching Human Lives Everyday Germany,banner_candidate,unassigned_library_asset,[],12,False,False,
asset:wp-16940,https://www.klkoleo.com/wp-content/uploads/2026/06/New-Website-KLK-OLEO-Banner-Enriching-Human-Lives-Everyday_Mandarin.png,image/png,1920,795,New Website KLK OLEO Banner Enriching Human Lives Everyday Mandarin,New Website KLK OLEO Banner Enriching Human Lives Everyday Mandarin,New Website KLK OLEO Banner Enriching Human Lives Everyday Mandarin,banner_candidate,unassigned_library_asset,[],12,False,False,
asset:wp-16937,https://www.klkoleo.com/wp-content/uploads/2026/06/2026-05-26-New-Website-KLK-OLEO-Banner-Enriching-Human-Lives-Everyday.png,image/png,1920,795,2026 05 26 New Website KLK OLEO Banner Enriching Human Lives Everyday,2026 05 26 New Website KLK OLEO Banner Enriching Human Lives Everyday,2026 05 26 New Website KLK OLEO Banner Enriching Human Lives Everyday,banner_candidate,unassigned_library_asset,[],12,False,False,
asset:wp-16900,https://www.klkoleo.com/wp-content/uploads/2026/06/English-KLK-OLEO-Global-Personal-Care-Ingredients-Leaflet.pdf,application/pdf,,,English-KLK OLEO-Global Personal Care Ingredients-(Leaflet),,English-KLK OLEO-Global Personal Care Ingredients-(Leaflet),download,unassigned_library_asset,[],0,False,True,Missing alt text
asset:wp-16897,https://www.klkoleo.com/wp-content/uploads/2026/06/Korean-KLK-OLEO-Global-Personal-Care-Ingredients-Leaflet-1.pdf,application/pdf,,,Korean-KLK OLEO-Global Personal Care Ingredients-(Leaflet),,Korean-KLK OLEO-Global Personal Care Ingredients-(Leaflet),download,unassigned_library_asset,[],0,False,True,Missing alt text
asset:wp-16892,https://www.klkoleo.com/wp-content/uploads/2026/06/Korean-KLK-OLEO-PALMESTER-4001-Leaflet.pdf,application/pdf,,,Korean-KLK OLEO-PALMESTER 4001-Leaflet,,Korean-KLK OLEO-PALMESTER 4001-Leaflet,download,unassigned_library_asset,[],0,False,True,Missing alt text
asset:wp-16889,https://www.klkoleo.com/wp-content/uploads/2026/06/Korean-KLK-OLEO-PALMESTER-1910-Leaflet.pdf,application/pdf,,,Korean-KLK OLEO-PALMESTER 1910-Leaflet,,Korean-KLK OLEO-PALMESTER 1910-Leaflet,download,unassigned_library_asset,[],0,False,True,Missing alt text
asset:wp-16886,https://www.klkoleo.com/wp-content/uploads/2026/06/Korean-KLK-OLEO-PALMESTER-1900-Leaflet.pdf,application/pdf,,,Korean-KLK OLEO-PALMESTER 1900-Leaflet,,Korean-KLK OLEO-PALMESTER 1900-Leaflet,download,unassigned_library_asset,[],0,False,True,Missing alt text
asset:wp-16883,https://www.klkoleo.com/wp-content/uploads/2026/06/Korean-KLK-OLEO-Increase-Skin-Resilience-to-Modern-Pollution-Leaflet.pdf,application/pdf,,,Korean-KLK OLEO-Increase Skin Resilience to Modern Pollution-Leaflet,,Korean-KLK OLEO-Increase Skin Resilience to Modern Pollution-Leaflet,download,unassigned_library_asset,[],0,False,True,Missing alt text
asset:wp-16877,https://www.klkoleo.com/wp-content/uploads/2026/06/Korean-DavosLife-E3-FACT-Yvette-Testimonial-Leaflet.pdf,application/pdf,,,Korean-DavosLife E3 FACT Yvette Testimonial-Leaflet,,Korean-DavosLife E3 FACT Yvette Testimonial-Leaflet,download,unassigned_library_asset,[],0,False,True,Missing alt text
asset:wp-16874,https://www.klkoleo.com/wp-content/uploads/2026/06/Korean-KLK-OLEO-DavosLife-Rejueclat-Leaflet.pdf,application/pdf,,,Korean-KLK OLEO-DavosLife Rejueclat-Leaflet,,Korean-KLK OLEO-DavosLife Rejueclat-Leaflet,download,unassigned_library_asset,[],0,False,True,Missing alt text
asset:wp-16871,https://www.klkoleo.com/wp-content/uploads/2026/06/Korean-KLK-OLEO-DavosLife-Revive-Leaflet.pdf,application/pdf,,,Korean-KLK OLEO-DavosLife Revive-Leaflet,,Korean-KLK OLEO-DavosLife Revive-Leaflet,download,unassigned_library_asset,[],0,False,True,Missing alt text
asset:wp-16868,https://www.klkoleo.com/wp-content/uploads/2026/06/Korean-KLK-OLEO-Sympare-Sense-Series-Leaflet.pdf,application/pdf,,,Korean-KLK OLEO-Sympare Sense Series-Leaflet,,Korean-KLK OLEO-Sympare Sense Series-Leaflet,download,unassigned_library_asset,[],0,False,True,Missing alt text
asset:wp-16865,https://www.klkoleo.com/wp-content/uploads/2026/06/Korean-KLK-OLEO-Sympare-MES-Leaflet.pdf,application/pdf,,,Korean-KLK OLEO-Sympare MES-Leaflet,,Korean-KLK OLEO-Sympare MES-Leaflet,download,unassigned_library_asset,[],0,False,True,Missing alt text
asset:wp-16862,https://www.klkoleo.com/wp-content/uploads/2026/06/Korean-KLK-OLEO-Sympare-GLOW-Leaflet.pdf,application/pdf,,,Korean-KLK OLEO-Sympare GLOW-Leaflet,,Korean-KLK OLEO-Sympare GLOW-Leaflet,download,unassigned_library_asset,[],0,False,True,Missing alt text
asset:wp-16859,https://www.klkoleo.com/wp-content/uploads/2026/06/Korean-KLK-OLEO-Sympare-Glide-Series-Leaflet.pdf,application/pdf,,,Korean-KLK OLEO-Sympare Glide Series-Leaflet,,Korean-KLK OLEO-Sympare Glide Series-Leaflet,download,unassigned_library_asset,[],0,False,True,Missing alt text
asset:wp-16856,https://www.klkoleo.com/wp-content/uploads/2026/06/Korean-KLK-OLEO-PALMOSALT-Soap-Noodles-Leaflet.pdf,application/pdf,,,Korean-KLK OLEO-PALMOSALT Soap Noodles-Leaflet,,Korean-KLK OLEO-PALMOSALT Soap Noodles-Leaflet,download,unassigned_library_asset,[],0,False,True,Missing alt text
asset:wp-16853,https://www.klkoleo.com/wp-content/uploads/2026/06/Korean-KLK-OLEO-PALMOCOL-Alkanolamides-Leaflet.pdf,application/pdf,,,Korean-KLK OLEO-PALMOCOL Alkanolamides-Leaflet,,Korean-KLK OLEO-PALMOCOL Alkanolamides-Leaflet,download,unassigned_library_asset,[],0,False,True,Missing alt text
asset:wp-16850,https://www.klkoleo.com/wp-content/uploads/2026/06/Korean-KLK-OLEO-PALMESTER-Wax-Esters-Leaflet.pdf,application/pdf,,,Korean-KLK OLEO-PALMESTER Wax Esters-Leaflet,,Korean-KLK OLEO-PALMESTER Wax Esters-Leaflet,download,unassigned_library_asset,[],0,False,True,Missing alt text
asset:wp-16847,https://www.klkoleo.com/wp-content/uploads/2026/06/Korean-KLK-OLEO-PALMESTER-5305-5306-Leaflet.pdf,application/pdf,,,Korean-KLK OLEO-PALMESTER 5305-5306-Leaflet,,Korean-KLK OLEO-PALMESTER 5305-5306-Leaflet,download,unassigned_library_asset,[],0,False,True,Missing alt text
asset:wp-16834,https://www.klkoleo.com/wp-content/uploads/2026/06/English-KLK-OLEO-DavosLife-Rejueclat.pdf,application/pdf,,,English-KLK OLEO-DavosLife Rejueclat,,English-KLK OLEO-DavosLife Rejueclat,download,unassigned_library_asset,[],0,False,True,Missing alt text
asset:wp-16831,https://www.klkoleo.com/wp-content/uploads/2026/06/English-KLK-OLEO-Sympare-GLOW.pdf,application/pdf,,,English-KLK OLEO-Sympare GLOW,,English-KLK OLEO-Sympare GLOW,download,unassigned_library_asset,[],0,False,True,Missing alt text
asset:wp-16828,https://www.klkoleo.com/wp-content/uploads/2026/06/English-KLK-OLEO-Sympare-Glide-Series.pdf,application/pdf,,,English-KLK OLEO-Sympare Glide Series,,English-KLK OLEO-Sympare Glide Series,download,unassigned_library_asset,[],0,False,True,Missing alt text
asset:wp-16825,https://www.klkoleo.com/wp-content/uploads/2026/06/English-KLK-OLEO-PALMOSALT-Soap-Noodles.pdf,application/pdf,,,English-KLK OLEO-PALMOSALT Soap Noodles,,English-KLK OLEO-PALMOSALT Soap Noodles,download,unassigned_library_asset,[],0,False,True,Missing alt text
asset:wp-16822,https://www.klkoleo.com/wp-content/uploads/2026/06/English-KLK-OLEO-PALMOCOL-Alkanolamides.pdf,application/pdf,,,English-KLK OLEO-PALMOCOL Alkanolamides,,English-KLK OLEO-PALMOCOL Alkanolamides,download,unassigned_library_asset,[],0,False,True,Missing alt text
asset:wp-16819,https://www.klkoleo.com/wp-content/uploads/2026/06/English-KLK-OLEO-PALMESTER-1900.pdf,application/pdf,,,English-KLK OLEO-PALMESTER 1900,,English-KLK OLEO-PALMESTER 1900,download,unassigned_library_asset,[],0,False,True,Missing alt text
asset:wp-16816,https://www.klkoleo.com/wp-content/uploads/2026/06/English-KLK-OLEO-Sympare-MES.pdf,application/pdf,,,English-KLK OLEO Sympare MES,,English-KLK OLEO Sympare MES,download,unassigned_library_asset,[],0,False,True,Missing alt text
asset:wp-16813,https://www.klkoleo.com/wp-content/uploads/2026/06/English-KLK-OLEO-PALMESTER-Wax-Esters.pdf,application/pdf,,,English-KLK OLEO-PALMESTER Wax Esters,,English-KLK OLEO-PALMESTER Wax Esters,download,unassigned_library_asset,[],0,False,True,Missing alt text
asset:wp-16810,https://www.klkoleo.com/wp-content/uploads/2026/06/English-KLK-OLEO-PALMESTER-5305-5306.pdf,application/pdf,,,English-KLK OLEO-PALMESTER 5305-5306,,English-KLK OLEO-PALMESTER 5305-5306,download,unassigned_library_asset,[],0,False,True,Missing alt text
asset:wp-16807,https://www.klkoleo.com/wp-content/uploads/2026/06/English-KLK-OLEO-PALMESTER-4001.pdf,application/pdf,,,English-KLK OLEO-PALMESTER 4001,,English-KLK OLEO-PALMESTER 4001,download,unassigned_library_asset,[],0,False,True,Missing alt text
asset:wp-16804,https://www.klkoleo.com/wp-content/uploads/2026/06/English-KLK-OLEO-PALMESTER-1910.pdf,application/pdf,,,English-KLK OLEO-PALMESTER 1910,,English-KLK OLEO-PALMESTER 1910,download,unassigned_library_asset,[],0,False,True,Missing alt text
asset:wp-16801,https://www.klkoleo.com/wp-content/uploads/2026/06/English-KLK-OLEO-Sympare-Sense-Series.pdf,application/pdf,,,English-KLK OLEO-Sympare Sense Series,,English-KLK OLEO-Sympare Sense Series,download,unassigned_library_asset,[],0,False,True,Missing alt text
asset:wp-16164,https://www.klkoleo.com/wp-content/uploads/2026/06/2026-06-05-Fuel-Smarter-with-Sustainable-MCT_Banner_certification.png,image/png,1688,209,2026 06 05 Fuel Smarter with Sustainable MCT Banner certification,2026 06 05 Fuel Smarter with Sustainable MCT Banner certification,2026 06 05 Fuel Smarter with Sustainable MCT Banner certification,logo_or_icon,linked_to_in_scope_content,"[""page:https-www-klkoleo-com-news-media-fuel-smarter-with-sustainable-mct""]",12,False,False,
asset:wp-16081,https://www.klkoleo.com/wp-content/uploads/2026/06/KLK-EMMERICH-GmbH-Dusseldorf.jpg,image/jpeg,1106,830,KLK EMMERICH GmbH Dusseldorf,KLK EMMERICH GmbH Dusseldorf,KLK EMMERICH GmbH Dusseldorf,editorial_image,linked_to_in_scope_content,"[""page:https-www-klkoleo-com-klkemmerich""]",11,False,False,
asset:wp-16078,https://www.klkoleo.com/wp-content/uploads/2026/06/KLK-Emmerich-GmbH-2.jpg,image/jpeg,1106,830,KLK Emmerich GmbH 2,KLK Emmerich GmbH 2,KLK Emmerich GmbH 2,editorial_image,linked_to_in_scope_content,"[""page:https-www-klkoleo-com-klkemmerich""]",11,False,False,
asset:wp-16046,https://www.klkoleo.com/wp-content/uploads/2026/06/KLK-EMMERICH-Code-of-Conduct-for-Suppliers-English_2025-01-30.pdf,application/pdf,,,KLK EMMERICH Code of Conduct for Suppliers (English)_2025-01-30,,KLK EMMERICH Code of Conduct for Suppliers (English)_2025-01-30,download,unassigned_library_asset,[],0,False,True,Missing alt text
asset:wp-16043,https://www.klkoleo.com/wp-content/uploads/2026/06/English-Sympare-Sense-Series-Leaflet-Jun2026-2.pdf,application/pdf,,,English-Sympare Sense Series (Leaflet)-Jun2026,,English-Sympare Sense Series (Leaflet)-Jun2026,download,unassigned_library_asset,[],0,False,True,Missing alt text
asset:wp-16031,https://www.klkoleo.com/wp-content/uploads/2026/06/General-Terms-and-Conditions-of-Sale_KLK-Tensachem-SA_ENG_Rev-June2018-Refreshed-Logo.pdf,application/pdf,,,General Terms and Conditions of Sale_KLK Tensachem SA_ENG_Rev June2018-Refreshed Logo,,General Terms and Conditions of Sale_KLK Tensachem SA_ENG_Rev June2018-Refreshed Logo,download,unassigned_library_asset,[],0,False,True,Missing alt text
asset:wp-15988,https://www.klkoleo.com/wp-content/uploads/2026/06/KLK-Temix-General-Conditions-of-Sale-English.pdf,application/pdf,,,KLK Temix General Conditions of Sale (English),,KLK Temix General Conditions of Sale (English),download,unassigned_library_asset,[],0,False,True,Missing alt text
asset:wp-15985,https://www.klkoleo.com/wp-content/uploads/2026/06/KLK-TEmix-Code-of-Ethics-English_June-2018.pdf,application/pdf,,,KLK TEmix Code of Ethics (English)_June 2018,,KLK TEmix Code of Ethics (English)_June 2018,download,unassigned_library_asset,[],0,False,True,Missing alt text
asset:wp-15982,https://www.klkoleo.com/wp-content/uploads/2026/06/KLK-Temix-Quality-Environmental-And-Food-Safety-Policy-English_October-2025.pdf,application/pdf,,,"KLK Temix Quality, Environmental, And Food Safety Policy (English)_October 2025",,"KLK Temix Quality, Environmental, And Food Safety Policy (English)_October 2025",download,unassigned_library_asset,[],0,False,True,Missing alt text
asset:wp-15979,https://www.klkoleo.com/wp-content/uploads/2026/06/KLK-Temix-Whistleblowing-Policy-Italian_December-2023.pdf,application/pdf,,,KLK Temix Whistleblowing Policy (Italian)_December 2023,,KLK Temix Whistleblowing Policy (Italian)_December 2023,download,unassigned_library_asset,[],0,False,True,Missing alt text
asset:wp-15974,https://www.klkoleo.com/wp-content/uploads/2026/06/KLK-Temix-Traded-Products-3a.jpg,image/jpeg,1487,993,KLK Temix Traded Products 3a,KLK Temix Traded Products 3a,KLK Temix Traded Products 3a,editorial_image,linked_to_in_scope_content,"[""page:https-www-klkoleo-com-brand-traded-products""]",11,False,False,
asset:wp-15970,https://www.klkoleo.com/wp-content/uploads/2026/06/KLK-Temix-Traded-Products-3.png,image/png,1102,736,KLK Temix Traded Products 3,KLK Temix Traded Products 3,KLK Temix Traded Products 3,editorial_image,unassigned_library_asset,[],11,False,False,
asset:wp-15953,https://www.klkoleo.com/wp-content/uploads/2026/05/KLK-Temix-Traded-Products-2.jpg,image/jpeg,991,662,KLK Temix Traded Products (2),KLK Temix Traded Products (2),KLK Temix Traded Products (2),editorial_image,unassigned_library_asset,[],10,False,False,
asset:wp-15915,https://www.klkoleo.com/wp-content/uploads/2026/05/KLK-Temix-Quality-Environmental-And-Food-Safety-Policy-English_October-2025.pdf,application/pdf,,,"KLK Temix Quality, Environmental, And Food Safety Policy (English)_October 2025",,"KLK Temix Quality, Environmental, And Food Safety Policy (English)_October 2025",download,unassigned_library_asset,[],0,False,True,Missing alt text
asset:wp-15912,https://www.klkoleo.com/wp-content/uploads/2026/05/KLK-Temix-Whistleblowing-Policy-Italian_December-2023.pdf,application/pdf,,,KLK Temix Whistleblowing Policy (Italian)_December 2023,,KLK Temix Whistleblowing Policy (Italian)_December 2023,download,unassigned_library_asset,[],0,False,True,Missing alt text
asset:wp-15775,https://www.klkoleo.com/wp-content/uploads/2026/05/Chinese-Get-The-Most-Out-of-Tocotrienols-with-DavosLife-E3-Bio-Enhanced-20-Leaflet-AUG2025.pdf,application/pdf,,,Chinese-Get The Most Out of Tocotrienols with DavosLife E3 Bio-Enhanced 20 (Leaflet)-AUG2025,,Chinese-Get The Most Out of Tocotrienols with DavosLife E3 Bio-Enhanced 20 (Leaflet)-AUG2025,download,unassigned_library_asset,[],0,False,True,Missing alt text
asset:wp-15769,https://www.klkoleo.com/wp-content/uploads/2026/05/Viscosity-Modifying-Controlling.png,image/png,30,30,Viscosity Modifying Controlling,Viscosity Modifying Controlling,Viscosity Modifying Controlling,card_or_thumbnail,unassigned_library_asset,[],0,False,False,
asset:wp-15766,https://www.klkoleo.com/wp-content/uploads/2026/05/Surfactancy-Cleansing.png,image/png,30,30,Surfactancy Cleansing,Surfactancy Cleansing,Surfactancy Cleansing,card_or_thumbnail,unassigned_library_asset,[],0,False,False,
asset:wp-15763,https://www.klkoleo.com/wp-content/uploads/2026/05/Solvency.png,image/png,30,30,Solvency,Solvency,Solvency,card_or_thumbnail,unassigned_library_asset,[],0,False,False,
asset:wp-15760,https://www.klkoleo.com/wp-content/uploads/2026/05/Solubilising.png,image/png,30,30,Solubilising,Solubilising,Solubilising,card_or_thumbnail,unassigned_library_asset,[],0,False,False,
asset:wp-15757,https://www.klkoleo.com/wp-content/uploads/2026/05/Soap-Base.png,image/png,30,30,Soap Base,Soap Base,Soap Base,card_or_thumbnail,unassigned_library_asset,[],0,False,False,
asset:wp-15498,https://www.klkoleo.com/wp-content/uploads/2026/05/1-Raw-Material-for-Emulsifiers-Esterification.png,image/png,30,30,1 Raw Material for Emulsifiers Esterification,1 Raw Material for Emulsifiers Esterification,1 Raw Material for Emulsifiers Esterification,card_or_thumbnail,unassigned_library_asset,[],0,False,False,
asset:wp-15495,https://www.klkoleo.com/wp-content/uploads/2026/05/1-Thickening-Agent.png,image/png,30,30,1 Thickening Agent,1 Thickening Agent,1 Thickening Agent,card_or_thumbnail,unassigned_library_asset,[],0,False,False,
asset:wp-15492,https://www.klkoleo.com/wp-content/uploads/2026/05/1-Sweetening-Agent.png,image/png,30,30,1 Sweetening Agent,1 Sweetening Agent,1 Sweetening Agent,card_or_thumbnail,unassigned_library_asset,[],0,False,False,
asset:wp-15489,https://www.klkoleo.com/wp-content/uploads/2026/05/1-Solvent-Carrier.png,image/png,30,30,1 Solvent & Carrier,1 Solvent & Carrier,1 Solvent & Carrier,card_or_thumbnail,unassigned_library_asset,[],0,False,False,
asset:wp-15336,https://www.klkoleo.com/wp-content/uploads/2026/05/2026-05-13-Website-Career-page-Link-3c-Web-scaled.png,image/png,2560,1536,4 Oleochemicals Operating Site Employees walking at KLK OLEO,4 Oleochemicals Operating Site Employees walking at KLK OLEO,2026 05 13 Website Career page Link 3c Web,editorial_image,unassigned_library_asset,[],13,False,False,
asset:wp-15320,https://www.klkoleo.com/wp-content/uploads/elementor/screenshots/Elementor-post-screenshot_14338_2026-05-18-05-42-26_660c14d1.png,image/png,,,Elementor post screenshot 14338 2026 05 18 05 42 26 660c14d1.png,Elementor post screenshot 14338 2026 05 18 05 42 26 660c14d1.png,Elementor post screenshot 14338 2026 05 18 05 42 26 660c14d1.png,editorial_image,unassigned_library_asset,[],0,False,False,
asset:wp-15317,https://www.klkoleo.com/wp-content/uploads/elementor/screenshots/Elementor-post-screenshot_14332_2026-05-18-05-32-08_54ea3f62.png,image/png,,,Elementor post screenshot 14332 2026 05 18 05 32 08 54ea3f62.png,Elementor post screenshot 14332 2026 05 18 05 32 08 54ea3f62.png,Elementor post screenshot 14332 2026 05 18 05 32 08 54ea3f62.png,editorial_image,unassigned_library_asset,[],0,False,False,
asset:wp-15314,https://www.klkoleo.com/wp-content/uploads/elementor/screenshots/Elementor-post-screenshot_14329_2026-05-18-05-31-22_2281d7de.png,image/png,,,Elementor post screenshot 14329 2026 05 18 05 31 22 2281d7de.png,Elementor post screenshot 14329 2026 05 18 05 31 22 2281d7de.png,Elementor post screenshot 14329 2026 05 18 05 31 22 2281d7de.png,editorial_image,unassigned_library_asset,[],0,False,False,
asset:wp-15308,https://www.klkoleo.com/wp-content/uploads/2026/05/2026-05-13-Website-Career-page-Link-Global-Impact-R3c-scaled.png,image/png,2560,1708,2026 05 13 Website Career page Link Global Impact R3c,2026 05 13 Website Career page Link Global Impact R3c,2026 05 13 Website Career page Link Global Impact R3c,editorial_image,unassigned_library_asset,[],13,False,False,
asset:wp-15301,https://www.klkoleo.com/wp-content/uploads/2026/05/2026-05-13-Website-Career-page-Link-Global-Impact-R3b.png,image/png,1440,961,2026 05 13 Website Career page Link Global Impact R3b,2026 05 13 Website Career page Link Global Impact R3b,2026 05 13 Website Career page Link Global Impact R3b,editorial_image,linked_to_in_scope_content,"[""page:https-www-klkoleo-com-careers""]",11,False,False,
asset:wp-15289,https://www.klkoleo.com/wp-content/uploads/2026/05/green-map-greennnn-9.png,image/png,2000,550,green map greennnn 9,green map greennnn 9,green map greennnn 9,banner_candidate,unassigned_library_asset,[],12,False,False,
asset:wp-15280,https://www.klkoleo.com/wp-content/uploads/2026/05/green-map-greennnn-8.png,image/png,2000,550,green map greennnn 8,green map greennnn 8,green map greennnn 8,banner_candidate,unassigned_library_asset,[],12,False,False,
asset:wp-15276,https://www.klkoleo.com/wp-content/uploads/2026/05/green-map-greennnn-7.png,image/png,2000,550,green map greennnn 7,green map greennnn 7,green map greennnn 7,banner_candidate,unassigned_library_asset,[],12,False,False,
asset:wp-15258,https://www.klkoleo.com/wp-content/uploads/2026/05/green-map-greennnn-6.png,image/png,2000,550,green map greennnn 6,green map greennnn 6,green map greennnn 6,banner_candidate,unassigned_library_asset,[],12,False,False,
asset:wp-15255,https://www.klkoleo.com/wp-content/uploads/2026/05/green-map-greennnn-5.png,image/png,2000,550,green map greennnn 5,green map greennnn 5,green map greennnn 5,banner_candidate,unassigned_library_asset,[],12,False,False,
asset:wp-15252,https://www.klkoleo.com/wp-content/uploads/2026/05/green-map-greennnn-4.png,image/png,2000,550,green map greennnn 4,green map greennnn 4,green map greennnn 4,banner_candidate,unassigned_library_asset,[],12,False,False,
asset:wp-15248,https://www.klkoleo.com/wp-content/uploads/2026/05/green-map-greennnn-3.png,image/png,2000,550,green map greennnn 3,green map greennnn 3,green map greennnn 3,banner_candidate,unassigned_library_asset,[],12,False,False,
asset:wp-15239,https://www.klkoleo.com/wp-content/uploads/2026/05/green-map-greennnn-2.png,image/png,2000,550,green map greennnn 2,green map greennnn 2,green map greennnn 2,banner_candidate,unassigned_library_asset,[],12,False,False,
asset:wp-15230,https://www.klkoleo.com/wp-content/uploads/2026/05/green-map-greennnn.png,image/png,2000,550,green map greennnn,green map greennnn,green map greennnn,banner_candidate,unassigned_library_asset,[],12,False,False,
asset:wp-15217,https://www.klkoleo.com/wp-content/uploads/elementor/screenshots/Elementor-post-screenshot_13431_2026-05-18-03-07-02_7c880725.png,image/png,,,Elementor post screenshot 13431 2026 05 18 03 07 02 7c880725.png,Elementor post screenshot 13431 2026 05 18 03 07 02 7c880725.png,Elementor post screenshot 13431 2026 05 18 03 07 02 7c880725.png,editorial_image,unassigned_library_asset,[],0,False,False,
asset:wp-15163,https://www.klkoleo.com/wp-content/uploads/2026/05/green-map-4.png,image/png,2000,550,green map 4,green map 4,green map 4,banner_candidate,unassigned_library_asset,[],12,False,False,
asset:wp-15154,https://www.klkoleo.com/wp-content/uploads/2026/05/green-map-3.png,image/png,2000,550,green map 3,green map 3,green map 3,banner_candidate,unassigned_library_asset,[],12,False,False,
asset:wp-15145,https://www.klkoleo.com/wp-content/uploads/2026/05/green-map-2.png,image/png,2000,550,green map 2,green map 2,green map 2,banner_candidate,unassigned_library_asset,[],12,False,False,
asset:wp-15136,https://www.klkoleo.com/wp-content/uploads/2026/05/green-map.png,image/png,2000,550,green map,green map,green map,banner_candidate,unassigned_library_asset,[],12,False,False,
asset:wp-15097,https://www.klkoleo.com/wp-content/uploads/2026/05/people-1.svg,image/svg+xml,337,337,people,people,people,card_or_thumbnail,unassigned_library_asset,[],0,False,False,
asset:wp-15094,https://www.klkoleo.com/wp-content/uploads/2026/05/calendar.svg,image/svg+xml,337,337,calendar,calendar,calendar,card_or_thumbnail,unassigned_library_asset,[],0,False,False,
asset:wp-15091,https://www.klkoleo.com/wp-content/uploads/2026/05/industry.svg,image/svg+xml,337,337,industry,industry,industry,card_or_thumbnail,unassigned_library_asset,[],0,False,False,
asset:wp-15088,https://www.klkoleo.com/wp-content/uploads/2026/05/pin.svg,image/svg+xml,337,337,pin,pin,pin,card_or_thumbnail,unassigned_library_asset,[],0,False,False,
asset:wp-15084,https://www.klkoleo.com/wp-content/uploads/2026/05/Group-2-map-2.png,image/png,1101,921,Group 2 map 2,Group 2 map 2,Group 2 map 2,editorial_image,unassigned_library_asset,[],11,False,False,
asset:wp-15077,https://www.klkoleo.com/wp-content/uploads/2026/05/globe.svg,image/svg+xml,337,337,globe,globe,globe,card_or_thumbnail,unassigned_library_asset,[],0,False,False,
asset:wp-15071,https://www.klkoleo.com/wp-content/uploads/2026/05/lab.svg,image/svg+xml,337,337,lab,lab,lab,card_or_thumbnail,unassigned_library_asset,[],0,False,False,
asset:wp-15065,https://www.klkoleo.com/wp-content/uploads/2026/05/Group-2-map.png,image/png,1101,921,Group 2 map,Group 2 map,Group 2 map,editorial_image,unassigned_library_asset,[],11,False,False,
asset:wp-14889,https://www.klkoleo.com/wp-content/uploads/2026/05/2026-05-13-Website-Career-page-Link-Work-Culture.jpg,image/jpeg,2000,1334,2026 05 13 Website Career page Link Work Culture,2026 05 13 Website Career page Link Work Culture,2026 05 13 Website Career page Link Work Culture,editorial_image,linked_to_in_scope_content,"[""page:https-www-klkoleo-com-careers""]",12,False,False,
asset:wp-14885,https://www.klkoleo.com/wp-content/uploads/2026/05/2026-05-13-Website-Career-page-Link-Career-Growth.jpg,image/jpeg,2000,1334,2026 05 13 Website Career page Link Career Growth,2026 05 13 Website Career page Link Career Growth,2026 05 13 Website Career page Link Career Growth,editorial_image,linked_to_in_scope_content,"[""page:https-www-klkoleo-com-careers""]",12,False,False,
asset:wp-14821,https://www.klkoleo.com/wp-content/uploads/2026/05/map-5.png,image/png,2000,881,map 5,map 5,map 5,banner_candidate,unassigned_library_asset,[],12,False,False,
asset:wp-14818,https://www.klkoleo.com/wp-content/uploads/2026/05/map-erase-v2.png,image/png,1101,591,map erase v2,map erase v2,map erase v2,banner_candidate,unassigned_library_asset,[],11,False,False,
asset:wp-14815,https://www.klkoleo.com/wp-content/uploads/2026/05/map-erase.png,image/png,2000,881,map erase,map erase,map erase,banner_candidate,unassigned_library_asset,[],12,False,False,
asset:wp-14808,https://www.klkoleo.com/wp-content/uploads/2026/05/map-4.png,image/png,2000,881,map 4,map 4,map 4,banner_candidate,unassigned_library_asset,[],12,False,False,
asset:wp-14804,https://www.klkoleo.com/wp-content/uploads/2026/05/map-3.png,image/png,2000,881,map 3,map 3,map 3,banner_candidate,unassigned_library_asset,[],12,False,False,
asset:wp-14801,https://www.klkoleo.com/wp-content/uploads/2026/05/map-2.png,image/png,2000,881,map 2,map 2,map 2,banner_candidate,unassigned_library_asset,[],12,False,False,
asset:wp-14798,https://www.klkoleo.com/wp-content/uploads/2026/05/world-map.png,image/png,2000,881,world map,world map,world map,banner_candidate,unassigned_library_asset,[],12,False,False,
asset:wp-14784,https://www.klkoleo.com/wp-content/uploads/2026/05/2026-05-13-Website-Career-page-Link-Global-Impact-1.png,image/png,2000,1334,2026 05 13 Website Career page Link Global Impact 1,2026 05 13 Website Career page Link Global Impact 1,2026 05 13 Website Career page Link Global Impact 1,editorial_image,unassigned_library_asset,[],12,False,False,
asset:wp-14777,https://www.klkoleo.com/wp-content/uploads/2026/05/people.svg,image/svg+xml,,,people,people,people,editorial_image,unassigned_library_asset,[],0,False,False,
asset:wp-14767,https://www.klkoleo.com/wp-content/uploads/2026/05/meaning-work.svg,image/svg+xml,,,meaning work,meaning work,meaning work,editorial_image,unassigned_library_asset,[],0,False,False,
asset:wp-14748,https://www.klkoleo.com/wp-content/uploads/2026/05/2026-05-11-Canva-Banner-Exhibition-3.png,image/png,1002,414,KLK OLEO Participating in Global Oleochemical Exhibitions (Home Care),KLK OLEO Participating in Global Oleochemical Exhibitions (Home Care),KLK OLEO Participating in Global Oleochemical Exhibitions (Home Care),banner_candidate,unassigned_library_asset,[],10,False,False,
asset:wp-14742,https://www.klkoleo.com/wp-content/uploads/2026/05/English-PALMESTER-1412-Biolubricant-Base-Oil-Leaflet.pdf,application/pdf,,,English-PALMESTER 1412 Biolubricant Base Oil-(Leaflet),,English-PALMESTER 1412 Biolubricant Base Oil-(Leaflet),download,unassigned_library_asset,[],0,False,True,Missing alt text
asset:wp-14739,https://www.klkoleo.com/wp-content/uploads/2026/05/English-PALMESTER-3970-Biolubricant-Base-Oil-Leaflet.pdf,application/pdf,,,English-PALMESTER 3970 Biolubricant Base Oil (Leaflet),,English-PALMESTER 3970 Biolubricant Base Oil (Leaflet),download,unassigned_library_asset,[],0,False,True,Missing alt text
asset:wp-14736,https://www.klkoleo.com/wp-content/uploads/2026/05/2026-05-11-Canva-Banner-Exhibition-2.png,image/png,1002,414,KLK OLEO Participating in Global Oleochemical Exhibitions (Lubricant),KLK OLEO Participating in Global Oleochemical Exhibitions (Lubricant),KLK OLEO Participating in Global Oleochemical Exhibitions (Lubricant),banner_candidate,unassigned_library_asset,[],10,False,False,
asset:wp-14723,https://www.klkoleo.com/wp-content/uploads/2026/05/globe-map-pin-v3.svg,image/svg+xml,,,globe map pin v3,globe map pin v3,globe map pin v3,editorial_image,unassigned_library_asset,[],0,False,False,
asset:wp-14720,https://www.klkoleo.com/wp-content/uploads/2026/05/globe-map-pin-v2.svg,image/svg+xml,,,globe map pin v2,globe map pin v2,globe map pin v2,editorial_image,unassigned_library_asset,[],0,False,False,
asset:wp-14717,https://www.klkoleo.com/wp-content/uploads/2026/05/globe-map-pin.svg,image/svg+xml,,,globe map pin,globe map pin,globe map pin,editorial_image,unassigned_library_asset,[],0,False,False,
asset:wp-14714,https://www.klkoleo.com/wp-content/uploads/2026/05/setting.svg,image/svg+xml,,,setting,setting,setting,editorial_image,unassigned_library_asset,[],0,False,False,
asset:wp-14711,https://www.klkoleo.com/wp-content/uploads/2026/05/constructor.svg,image/svg+xml,,,constructor,constructor,constructor,editorial_image,unassigned_library_asset,[],0,False,False,
asset:wp-14708,https://www.klkoleo.com/wp-content/uploads/2026/05/2026-05-11-Canva-Banner-Exhibition-1.png,image/png,1002,414,KLK OLEO Participating in Global Oleochemical Exhibitions (Food & Nutrition),KLK OLEO Participating in Global Oleochemical Exhibitions (Food & Nutrition),KLK OLEO Participating in Global Oleochemical Exhibitions (Food & Nutrition),banner_candidate,unassigned_library_asset,[],10,False,False,
asset:wp-14705,https://www.klkoleo.com/wp-content/uploads/2026/05/2026-05-11-Canva-Banner-Exhibition.png,image/png,1002,414,KLK OLEO Participating in Global Oleochemical Exhibitions (Beauty & Personal Care),KLK OLEO Participating in Global Oleochemical Exhibitions (Beauty & Personal Care),KLK OLEO Participating in Global Oleochemical Exhibitions (Beauty & Personal Care),banner_candidate,unassigned_library_asset,[],10,False,False,
asset:wp-14651,https://www.klkoleo.com/wp-content/uploads/2026/05/global.svg,image/svg+xml,339,339,global,global,global,card_or_thumbnail,unassigned_library_asset,[],0,False,False,
asset:wp-14648,https://www.klkoleo.com/wp-content/uploads/2026/05/ChatGPT-Image-May-13-2026-02_33_29-PM-1.svg,image/svg+xml,1254,1254,"ChatGPT Image May 13, 2026, 02 33 29 PM 1","ChatGPT Image May 13, 2026, 02 33 29 PM 1","ChatGPT Image May 13, 2026, 02 33 29 PM 1",card_or_thumbnail,unassigned_library_asset,[],0,False,False,
asset:wp-14629,https://www.klkoleo.com/wp-content/uploads/2026/05/2026-05-13-Website-Career-page-Link-People-First.png,image/png,2000,1124,2026 05 13 Website Career page Link People First,2026 05 13 Website Career page Link People First,2026 05 13 Website Career page Link People First,editorial_image,linked_to_in_scope_content,"[""page:https-www-klkoleo-com-careers""]",12,False,False,
asset:wp-14626,https://www.klkoleo.com/wp-content/uploads/2026/05/2026-05-13-Website-Career-page-Link-Meaninggul-Work.png,image/png,2000,1124,2026 05 13 Website Career page Link Meaninggul Work,2026 05 13 Website Career page Link Meaninggul Work,2026 05 13 Website Career page Link Meaninggul Work,editorial_image,linked_to_in_scope_content,"[""page:https-www-klkoleo-com-careers""]",12,False,False,
asset:wp-14622,https://www.klkoleo.com/wp-content/uploads/2026/05/2026-05-13-Website-Career-page-Link-Global-Impact.png,image/png,2000,1334,2026 05 13 Website Career page Link Global Impact,2026 05 13 Website Career page Link Global Impact,2026 05 13 Website Career page Link Global Impact,editorial_image,unassigned_library_asset,[],12,False,False,
asset:wp-14544,https://www.klkoleo.com/wp-content/uploads/2026/05/wcu-pic2-2.svg,image/svg+xml,,,wcu pic2 (2),wcu pic2 (2),wcu pic2 (2),editorial_image,unassigned_library_asset,[],0,False,False,
asset:wp-14541,https://www.klkoleo.com/wp-content/uploads/2026/05/wcu-pic3-2.svg,image/svg+xml,,,wcu pic3 (2),wcu pic3 (2),wcu pic3 (2),editorial_image,unassigned_library_asset,[],0,False,False,
asset:wp-14538,https://www.klkoleo.com/wp-content/uploads/2026/05/wcu-pic1-2.svg,image/svg+xml,,,wcu pic1 (2),wcu pic1 (2),wcu pic1 (2),editorial_image,unassigned_library_asset,[],0,False,False,
asset:wp-14516,https://www.klkoleo.com/wp-content/uploads/2026/05/Rectangle-317-1.png,image/png,1631,1117,Rectangle 317 (1),Rectangle 317 (1),Rectangle 317 (1),editorial_image,unassigned_library_asset,[],12,False,False,
asset:wp-14477,https://www.klkoleo.com/wp-content/uploads/2026/05/PLANTERA-Esters.jpg,image/jpeg,991,662,PLANTERA Esters,PLANTERA Esters,PLANTERA Esters,editorial_image,linked_to_in_scope_content,"[""page:https-www-klkoleo-com-brand-plantera-esters"",""page:https-www-klkoleo-com-products-esters""]",10,False,False,
asset:wp-14412,https://www.klkoleo.com/wp-content/uploads/2026/05/Group-Anti-Corruption-Policy.pdf,application/pdf,,,Group-Anti-Corruption-Policy,,,download,unassigned_library_asset,[],4,False,True,Missing alt text
asset:wp-14409,https://www.klkoleo.com/wp-content/uploads/2026/05/KLK-Code-of-Conduct-Ethics-for-Company-Group.pdf,application/pdf,,,KLK-Code-of-Conduct-Ethics-for-Company-Group,,,download,unassigned_library_asset,[],4,False,True,Missing alt text
asset:wp-14406,https://www.klkoleo.com/wp-content/uploads/2026/05/KLK-Sustainability-EN-2025-05.pdf,application/pdf,,,KLK-Sustainability-EN-2025-05,,,download,unassigned_library_asset,[],4,False,True,Missing alt text
asset:wp-14403,https://www.klkoleo.com/wp-content/uploads/2026/05/Group-Whistleblowing-Policy-_-07-November-2024-v2.pdf,application/pdf,,,Group-Whistleblowing-Policy-_-07-November-2024-v2,,,download,unassigned_library_asset,[],4,False,True,Missing alt text
asset:wp-14346,https://www.klkoleo.com/wp-content/uploads/2026/05/KLK-Temix-Bologna2.png,image/png,1106,830,KLK Temix Bologna2,KLK Temix Bologna2,KLK Temix Bologna2,editorial_image,linked_to_in_scope_content,"[""page:https-www-klkoleo-com-klktemix""]",11,False,False,
asset:wp-14326,https://www.klkoleo.com/wp-content/uploads/2026/05/Product-BG-3002.png,image/png,300,90,Product BG 3002,Product BG 3002,Product BG 3002,banner_candidate,unassigned_library_asset,[],4,False,False,
asset:wp-14323,https://www.klkoleo.com/wp-content/uploads/2026/05/Product-BG-300.png,image/png,300,161,Product BG 300,Product BG 300,Product BG 300,banner_candidate,unassigned_library_asset,[],4,False,False,
asset:wp-14304,https://www.klkoleo.com/wp-content/uploads/2026/05/KLK-Temix.png,image/png,1920,250,KLK Temix,KLK Temix,KLK Temix,banner_candidate,unassigned_library_asset,[],12,False,False,
asset:wp-14295,https://www.klkoleo.com/wp-content/uploads/2026/05/KLK-Temix-Bologna.png,image/png,1106,830,KLK Temix Bologna,KLK Temix Bologna,KLK Temix Bologna,editorial_image,unassigned_library_asset,[],11,False,False,
asset:wp-14288,https://www.klkoleo.com/wp-content/uploads/2026/03/PLANTERA-Fatty-Acids-3.png,image/png,2065,1380,PLANTERA Fatty Acids,PLANTERA Fatty Acids,PLANTERA Fatty Acids,editorial_image,linked_to_in_scope_content,"[""page:https-www-klkoleo-com-brand-plantera-fatty-acids"",""page:https-www-klkoleo-com-products-fatty-acids""]",13,False,False,
asset:wp-14274,https://www.klkoleo.com/wp-content/uploads/2026/05/features-4.png,image/png,1814,730,features (4),features (4),features (4),banner_candidate,unassigned_library_asset,[],12,False,False,
asset:wp-14214,https://www.klkoleo.com/wp-content/uploads/2026/05/features-3.png,image/png,1814,730,features (3),features (3),features (3),banner_candidate,unassigned_library_asset,[],12,False,False,
asset:wp-14178,https://www.klkoleo.com/wp-content/uploads/2026/05/Rectangle-314.png,image/png,605,340,Rectangle 314,Rectangle 314,Rectangle 314,editorial_image,linked_to_in_scope_content,"[""page:https-www-klkoleo-com-careers""]",9,False,False,
asset:wp-14175,https://www.klkoleo.com/wp-content/uploads/2026/05/Rectangle-315.png,image/png,605,340,Rectangle 315,Rectangle 315,Rectangle 315,editorial_image,linked_to_in_scope_content,"[""page:https-www-klkoleo-com-careers""]",9,False,False,
asset:wp-14172,https://www.klkoleo.com/wp-content/uploads/2026/05/features-2.png,image/png,1814,730,features (2),features (2),features (2),banner_candidate,unassigned_library_asset,[],12,False,False,
asset:wp-14130,https://www.klkoleo.com/wp-content/uploads/2026/04/Group-148.png,image/png,2553,1080,Group 148,Group 148,Group 148,banner_candidate,unassigned_library_asset,[],13,False,False,
asset:wp-14123,https://www.klkoleo.com/wp-content/uploads/2026/04/wcu-pic1-1.svg,image/svg+xml,339,339,wcu pic1 (1),wcu pic1 (1),wcu pic1 (1),card_or_thumbnail,unassigned_library_asset,[],0,False,False,
asset:wp-14120,https://www.klkoleo.com/wp-content/uploads/2026/04/wcu-pic2-1.svg,image/svg+xml,339,339,wcu pic2 (1),wcu pic2 (1),wcu pic2 (1),card_or_thumbnail,unassigned_library_asset,[],0,False,False,
asset:wp-14117,https://www.klkoleo.com/wp-content/uploads/2026/04/wcu-pic3-1.svg,image/svg+xml,339,339,wcu pic3 (1),wcu pic3 (1),wcu pic3 (1),card_or_thumbnail,unassigned_library_asset,[],0,False,False,
asset:wp-14114,https://www.klkoleo.com/wp-content/uploads/2026/04/wcu-pic1.svg,image/svg+xml,339,339,wcu pic1,wcu pic1,wcu pic1,card_or_thumbnail,unassigned_library_asset,[],0,False,False,
asset:wp-14111,https://www.klkoleo.com/wp-content/uploads/2026/04/wcu-pic2.svg,image/svg+xml,339,339,wcu pic2,wcu pic2,wcu pic2,card_or_thumbnail,unassigned_library_asset,[],0,False,False,
asset:wp-14108,https://www.klkoleo.com/wp-content/uploads/2026/04/wcu-pic3.svg,image/svg+xml,339,339,wcu pic3,wcu pic3,wcu pic3,card_or_thumbnail,unassigned_library_asset,[],0,False,False,
asset:wp-14105,https://www.klkoleo.com/wp-content/uploads/2026/04/Rectangle-309.png,image/png,1000,667,Rectangle 309,Rectangle 309,Rectangle 309,editorial_image,unassigned_library_asset,[],10,False,False,
asset:wp-14102,https://www.klkoleo.com/wp-content/uploads/2026/04/Rectangle-310.png,image/png,1000,667,Rectangle 310,Rectangle 310,Rectangle 310,editorial_image,unassigned_library_asset,[],10,False,False,
asset:wp-14099,https://www.klkoleo.com/wp-content/uploads/2026/04/Rectangle-308.png,image/png,1000,667,Rectangle 308,Rectangle 308,Rectangle 308,editorial_image,unassigned_library_asset,[],10,False,False,
asset:wp-14096,https://www.klkoleo.com/wp-content/uploads/2026/04/Rectangle-307.png,image/png,2553,1080,Rectangle 307,Rectangle 307,Rectangle 307,banner_candidate,unassigned_library_asset,[],13,False,False,
asset:wp-14071,https://www.klkoleo.com/wp-content/uploads/2026/04/why-choose-us-2.svg,image/svg+xml,1000,1000,why choose us (2),why choose us (2),why choose us (2),card_or_thumbnail,unassigned_library_asset,[],0,False,False,
asset:wp-14068,https://www.klkoleo.com/wp-content/uploads/2026/04/why-choose-us-1.svg,image/svg+xml,1000,1000,why choose us (1),why choose us (1),why choose us (1),card_or_thumbnail,unassigned_library_asset,[],0,False,False,
asset:wp-14065,https://www.klkoleo.com/wp-content/uploads/2026/04/life-at-klk.svg,image/svg+xml,339,339,life at klk,life at klk,life at klk,card_or_thumbnail,unassigned_library_asset,[],0,False,False,
asset:wp-14062,https://www.klkoleo.com/wp-content/uploads/2026/04/statistic.svg,image/svg+xml,339,339,statistic,statistic,statistic,card_or_thumbnail,unassigned_library_asset,[],0,False,False,
asset:wp-14059,https://www.klkoleo.com/wp-content/uploads/2026/04/job-listing.svg,image/svg+xml,339,339,job listing,job listing,job listing,card_or_thumbnail,unassigned_library_asset,[],0,False,False,
asset:wp-14056,https://www.klkoleo.com/wp-content/uploads/2026/04/why-choose-us.svg,image/svg+xml,339,339,why choose us,why choose us,why choose us,card_or_thumbnail,unassigned_library_asset,[],0,False,False,
asset:wp-14053,https://www.klkoleo.com/wp-content/uploads/2026/04/questions-1.svg,image/svg+xml,339,339,questions 1,questions 1,questions 1,card_or_thumbnail,unassigned_library_asset,[],0,False,False,
asset:wp-14035,https://www.klkoleo.com/wp-content/uploads/2026/04/klk-career-banner-2.png,image/png,1642,656,klk career banner (2),klk career banner (2),klk career banner (2),banner_candidate,unassigned_library_asset,[],12,False,False,
asset:wp-14024,https://www.klkoleo.com/wp-content/uploads/2026/04/1c7e745c-535c-483d-b627-89688da49ff3-2026-04-27.jpeg,image/jpeg,1642,656,1c7e745c 535c 483d b627 89688da49ff3 2026 04 27.jpeg,1c7e745c 535c 483d b627 89688da49ff3 2026 04 27.jpeg,1c7e745c 535c 483d b627 89688da49ff3 2026 04 27.jpeg,banner_candidate,unassigned_library_asset,[],12,False,False,
asset:wp-14019,https://www.klkoleo.com/wp-content/uploads/2026/04/klk-career-banner.png,image/png,1920,1080,klk career banner,klk career banner,klk career banner,editorial_image,unassigned_library_asset,[],12,False,False,
asset:wp-13890,https://www.klkoleo.com/wp-content/uploads/2026/04/English-KLK-OLEO-Basic-Oleochemicals-Brochure.pdf,application/pdf,,,English-KLK OLEO-Basic Oleochemicals (Brochure),,English-KLK OLEO-Basic Oleochemicals (Brochure),download,unassigned_library_asset,[],0,False,True,Missing alt text
asset:wp-13887,https://www.klkoleo.com/wp-content/uploads/2026/04/English-KLK-OLEO-PALMESTER-Biolubricant-Base-Oils-Leaflet.pdf,application/pdf,,,English-KLK OLEO-PALMESTER Biolubricant Base Oils (Leaflet),,English-KLK OLEO-PALMESTER Biolubricant Base Oils (Leaflet),download,unassigned_library_asset,[],0,False,True,Missing alt text
asset:wp-13878,https://www.klkoleo.com/wp-content/uploads/2026/04/KLK-Suppliers-Code-of-Conduct_Mar2026.pdf,application/pdf,,,KLK-Suppliers-Code-of-Conduct_Mar2026,,KLK-Suppliers-Code-of-Conduct_Mar2026,download,unassigned_library_asset,[],0,False,True,Missing alt text
asset:wp-13873,https://www.klkoleo.com/wp-content/uploads/2024/08/PALMESTER-MCT-Banner-scaled.png,image/png,2560,333,PALMESTER MCT Banner,PALMESTER MCT Banner,PALMESTER MCT Banner,banner_candidate,linked_to_in_scope_content,"[""page:https-www-klkoleo-com-hub-palmester-mct-a-carrier-for-flavour-fragrances"",""page:https-www-klkoleo-com-hub-palmester-mct-a-fat-substitute-for-infant-formula"",""page:https-www-klkoleo-com-hub-palmester-mct-a-functional-ingredient-for-multiple-efficacies-in-personal-care"",""page:https-www-klkoleo-com-hub-palmester-mct-a-gut-health"",""page:https-www-klkoleo-com-hub-palmester-mct-a-pharma-excipient"",""page:https-www-klkoleo-com-hub-palmester-mct-a-solution-for-animal-nutrition"",""page:https-www-klkoleo-com-hub-palmester-mct-an-energy-booster-for-better-athletic-performance"",""page:https-www-klkoleo-com-hub-palmester-mct-beneficial-for-weight-management"",""page:https-www-klkoleo-com-hub-palmester-mct-healthy-lipid-source-for-healthier-lifestyle"",""page:https-www-klkoleo-com-hub-palmester-mct-solution-for-human-cognitive-health"",""page:https-www-klkoleo-com-hub-palmester-medium-chain-triglycerides-oil"",""page:https-www-klkoleo-com-hub-palmester-medium-chain-triglycerides-powder""]",13,False,False,
asset:wp-13711,https://www.klkoleo.com/wp-content/uploads/2026/04/English-KLK-OLEO-Sympare-Glide-5922.pdf,application/pdf,,,English-KLK OLEO-Sympare Glide 5922,,English-KLK OLEO-Sympare Glide 5922,download,unassigned_library_asset,[],0,False,True,Missing alt text
asset:wp-13696,https://www.klkoleo.com/wp-content/uploads/2026/04/English-KLK-OLEO-Sympare-GLOW.pdf,application/pdf,,,English-KLK OLEO-Sympare GLOW,,English-KLK OLEO-Sympare GLOW,download,unassigned_library_asset,[],0,False,True,Missing alt text
asset:wp-13686,https://www.klkoleo.com/wp-content/uploads/2026/04/Sympare-GLOW-Brochure-scaled.jpg,image/jpeg,2560,749,Sympare GLOW Brochure,Sympare GLOW Brochure,Sympare GLOW Brochure,banner_candidate,unassigned_library_asset,[],13,False,False,
asset:wp-13379,https://www.klkoleo.com/wp-content/uploads/2026/04/English-KLK-OLEO-Sympare-Sense-Series-Leaflet.pdf,application/pdf,,,English-KLK OLEO-Sympare Sense Series-Leaflet,,English-KLK OLEO-Sympare Sense Series-Leaflet,download,unassigned_library_asset,[],0,False,True,Missing alt text
asset:wp-13372,https://www.klkoleo.com/wp-content/uploads/2026/04/BG2.jpg,image/jpeg,1398,783,BG2,BG2,BG2,editorial_image,unassigned_library_asset,[],11,False,False,
asset:wp-13366,https://www.klkoleo.com/wp-content/uploads/2026/04/ChemExpo-India.png,image/png,600,175,ChemExpo India,ChemExpo India,ChemExpo India,banner_candidate,unassigned_library_asset,[],7,False,False,
asset:wp-13363,https://www.klkoleo.com/wp-content/uploads/2026/04/Tagline.png,image/png,696,133,Tagline,Tagline,Tagline,banner_candidate,unassigned_library_asset,[],9,False,False,
asset:wp-13360,https://www.klkoleo.com/wp-content/uploads/2026/04/BG-1200.png,image/png,1250,1552,BG 1200,BG 1200,BG 1200,editorial_image,unassigned_library_asset,[],12,False,False,
asset:wp-13357,https://www.klkoleo.com/wp-content/uploads/2026/04/KLK-OLEO-Header-Logo.png,image/png,400,127,KLK OLEO Header Logo,KLK OLEO Header Logo,KLK OLEO Header Logo,logo_or_icon,unassigned_library_asset,[],7,False,False,
asset:wp-13350,https://www.klkoleo.com/wp-content/uploads/2026/03/TEMEST-Esters-Cover-2.png,image/png,296,417,TEMEST Esters Cover 2,TEMEST Esters Cover 2,TEMEST Esters Cover 2,editorial_image,unassigned_library_asset,[],7,False,False,
asset:wp-13347,https://www.klkoleo.com/wp-content/uploads/2020/03/TEMEST-Ester-3.png,image/png,2065,1380,TEMEST Ester 3,TEMEST Ester 3,TEMEST Ester 3,editorial_image,linked_to_in_scope_content,"[""page:https-www-klkoleo-com-brand-temest-esters"",""page:https-www-klkoleo-com-products-esters""]",13,False,False,
asset:wp-13319,https://www.klkoleo.com/wp-content/uploads/2020/03/TEMEST-Ester-2.png,image/png,500,334,TEMEST Ester 2,TEMEST Ester 2,TEMEST Ester 2,editorial_image,unassigned_library_asset,[],7,False,False,
asset:wp-13273,https://www.klkoleo.com/wp-content/uploads/2026/03/placeholder.png,image/png,1200,800,placeholder.png,placeholder.png,placeholder.png,editorial_image,unassigned_library_asset,[],11,False,False,
asset:wp-13244,https://www.klkoleo.com/wp-content/uploads/2026/03/Oleo-Basic-Market.png,image/png,269,209,Oleo Basic Market,Oleo Basic Market,Oleo Basic Market,editorial_image,unassigned_library_asset,[],4,False,False,
asset:wp-13238,https://www.klkoleo.com/wp-content/uploads/2026/03/Basic-Oleo-Cover.png,image/png,417,296,Basic Oleo Cover,Basic Oleo Cover,Basic Oleo Cover,editorial_image,unassigned_library_asset,[],7,False,False,
asset:wp-13201,https://www.klkoleo.com/wp-content/uploads/2026/03/Chinese-KLK-OLEO-PALMFONATE-MES-Brochure.pdf,application/pdf,,,Chinese-KLK OLEO-PALMFONATE MES-Brochure,,Chinese-KLK OLEO-PALMFONATE MES-Brochure,download,unassigned_library_asset,[],0,False,True,Missing alt text
asset:wp-13197,https://www.klkoleo.com/wp-content/uploads/2026/03/STLE.png,image/png,154,94,STLE,STLE,STLE,editorial_image,linked_to_in_scope_content,"[""page:https-www-klkoleo-com-stle-annual-meeting-exhibition""]",4,False,False,
asset:wp-13192,https://www.klkoleo.com/wp-content/uploads/2026/03/UNITI.png,image/png,154,94,UNITI,UNITI,UNITI,editorial_image,linked_to_in_scope_content,"[""page:https-www-klkoleo-com-uniti-mineral-oil-technology-congress""]",4,False,False,
asset:wp-13161,https://www.klkoleo.com/wp-content/uploads/2026/03/2026-03-Tailored-Solutions-Transformative-Beauty-Brochure-Chinese.pdf,application/pdf,,,2026-03-Tailored Solutions Transformative Beauty (Brochure) Chinese,,2026-03-Tailored Solutions Transformative Beauty (Brochure) Chinese,download,unassigned_library_asset,[],0,False,True,Missing alt text
asset:wp-13158,https://www.klkoleo.com/wp-content/uploads/2026/03/2026-03-Tailored-Solutions-Transformative-Beauty-Brochure.pdf,application/pdf,,,2026-03-Tailored Solutions Transformative Beauty (Brochure),,2026-03-Tailored Solutions Transformative Beauty (Brochure),download,unassigned_library_asset,[],0,False,True,Missing alt text
asset:wp-13155,https://www.klkoleo.com/wp-content/uploads/2026/03/Chinese-KLK-OLEO-Global-Personal-Care-Ingredients-by-KLK-OLEO.pdf,application/pdf,,,Chinese-KLK OLEO-Global Personal Care Ingredients by KLK OLEO,,Chinese-KLK OLEO-Global Personal Care Ingredients by KLK OLEO,download,unassigned_library_asset,[],0,False,True,Missing alt text
asset:wp-13121,https://www.klkoleo.com/wp-content/uploads/2026/03/KLKE3.png,image/png,1920,250,KLKE3,KLKE3,KLKE3,banner_candidate,unassigned_library_asset,[],12,False,False,
asset:wp-13118,https://www.klkoleo.com/wp-content/uploads/2024/07/EDENOR-Triacetin-scaled.jpg,image/jpeg,2560,1707,EDENOR Triacetin,EDENOR Triacetin,EDENOR Triacetin,editorial_image,linked_to_in_scope_content,"[""page:https-www-klkoleo-com-brand-edenor-triacetin"",""page:https-www-klkoleo-com-products-esters""]",13,False,False,
asset:wp-13112,https://www.klkoleo.com/wp-content/uploads/2026/03/KLKE2.png,image/png,1920,250,KLKE2,KLKE2,KLKE2,banner_candidate,unassigned_library_asset,[],12,False,False,
asset:wp-13102,https://www.klkoleo.com/wp-content/uploads/2026/03/EU-1.png,image/png,50,35,EU,EU,EU,editorial_image,unassigned_library_asset,[],0,False,False,
asset:wp-13099,https://www.klkoleo.com/wp-content/uploads/2026/03/China.png,image/png,50,35,China,China,China,editorial_image,unassigned_library_asset,[],0,False,False,
asset:wp-13096,https://www.klkoleo.com/wp-content/uploads/2026/03/Msia.png,image/png,50,35,Msia,Msia,Msia,editorial_image,unassigned_library_asset,[],0,False,False,
asset:wp-13077,https://www.klkoleo.com/wp-content/uploads/2026/03/KLK-EMMERICH-GmbH-Standort-Dusseldorf.png,image/png,430,286,"KLK EMMERICH GmbH, Standort Düsseldorf","KLK EMMERICH GmbH, Standort Düsseldorf","KLK EMMERICH GmbH, Standort Düsseldorf",editorial_image,unassigned_library_asset,[],7,False,False,
asset:wp-13074,https://www.klkoleo.com/wp-content/uploads/2026/03/KLK-Emmerich-GmbH.png,image/png,429,279,KLK Emmerich GmbH,KLK Emmerich GmbH,KLK Emmerich GmbH,editorial_image,unassigned_library_asset,[],7,False,False,
asset:wp-12993,https://www.klkoleo.com/wp-content/uploads/2026/03/Chinese-Davos-FACT-Yvette-Testimonial-Leaflet.pdf,application/pdf,,,Chinese-Davos-FACT-Yvette Testimonial (Leaflet),,Chinese-Davos-FACT-Yvette Testimonial (Leaflet),download,unassigned_library_asset,[],0,False,True,Missing alt text
asset:wp-12926,https://www.klkoleo.com/wp-content/uploads/2026/03/English-KLK-OLEO-Sympare-Glide-Series-Leaflet.pdf,application/pdf,,,English-KLK OLEO-Sympare Glide Series-Leaflet,,English-KLK OLEO-Sympare Glide Series-Leaflet,download,unassigned_library_asset,[],0,False,True,Missing alt text
asset:wp-12923,https://www.klkoleo.com/wp-content/uploads/2026/03/Chinese-KLK-OLEO-PALMESTER-1900-Leaflet.pdf,application/pdf,,,Chinese-KLK OLEO-PALMESTER 1900-Leaflet,,Chinese-KLK OLEO-PALMESTER 1900-Leaflet,download,unassigned_library_asset,[],0,False,True,Missing alt text
asset:wp-12920,https://www.klkoleo.com/wp-content/uploads/2026/03/Chinese-Davos-Increase-Skin-Resilience-to-Modern-Pollution-Leaflet.pdf,application/pdf,,,Chinese-Davos-Increase Skin Resilience to Modern Pollution-Leaflet,,Chinese-Davos-Increase Skin Resilience to Modern Pollution-Leaflet,download,unassigned_library_asset,[],0,False,True,Missing alt text
asset:wp-12917,https://www.klkoleo.com/wp-content/uploads/2026/03/Chinese-KLK-OLEO-Sympare-Glide-Leaflet.pdf,application/pdf,,,Chinese-KLK OLEO-Sympare Glide-Leaflet,,Chinese-KLK OLEO-Sympare Glide-Leaflet,download,unassigned_library_asset,[],0,False,True,Missing alt text
asset:wp-12914,https://www.klkoleo.com/wp-content/uploads/2026/03/Chinese-KLK-OLEO-PALMOSALT-Leaflet.pdf,application/pdf,,,Chinese-KLK OLEO-PALMOSALT-Leaflet,,Chinese-KLK OLEO-PALMOSALT-Leaflet,download,unassigned_library_asset,[],0,False,True,Missing alt text
asset:wp-12911,https://www.klkoleo.com/wp-content/uploads/2026/03/Chinese-KLK-OLEO-SYMPARE-Sense-5520-Leaflet.pdf,application/pdf,,,Chinese-KLK OLEO-SYMPARE Sense 5520-Leaflet,,Chinese-KLK OLEO-SYMPARE Sense 5520-Leaflet,download,unassigned_library_asset,[],0,False,True,Missing alt text
asset:wp-12908,https://www.klkoleo.com/wp-content/uploads/2026/03/Chinese-KLK-OLEO-PALMESTER-Wax-Ester-Leaflet.pdf,application/pdf,,,Chinese-KLK OLEO-PALMESTER Wax Ester-Leaflet,,Chinese-KLK OLEO-PALMESTER Wax Ester-Leaflet,download,unassigned_library_asset,[],0,False,True,Missing alt text
asset:wp-12905,https://www.klkoleo.com/wp-content/uploads/2026/03/Chinese-KLK-OLEO-PALMESTER-5305-5306-Leaflet.pdf,application/pdf,,,Chinese-KLK OLEO-PALMESTER 5305-5306-Leaflet,,Chinese-KLK OLEO-PALMESTER 5305-5306-Leaflet,download,unassigned_library_asset,[],0,False,True,Missing alt text
asset:wp-12902,https://www.klkoleo.com/wp-content/uploads/2026/03/Chinese-KLK-OLEO-PALMESTER-4001-Leaflet.pdf,application/pdf,,,Chinese-KLK OLEO-PALMESTER 4001-Leaflet,,Chinese-KLK OLEO-PALMESTER 4001-Leaflet,download,unassigned_library_asset,[],0,False,True,Missing alt text
asset:wp-12899,https://www.klkoleo.com/wp-content/uploads/2026/03/Chinese-KLK-OLEO-PALMESTER-1910-Leaflet.pdf,application/pdf,,,Chinese-KLK OLEO-PALMESTER 1910-Leaflet,,Chinese-KLK OLEO-PALMESTER 1910-Leaflet,download,unassigned_library_asset,[],0,False,True,Missing alt text
asset:wp-12866,https://www.klkoleo.com/wp-content/uploads/2026/03/SupplySide.png,image/png,154,94,SupplySide,SupplySide,SupplySide,editorial_image,linked_to_in_scope_content,"[""page:https-www-klkoleo-com-events"",""page:https-www-klkoleo-com-supplyside-global""]",4,False,False,
asset:wp-12857,https://www.klkoleo.com/wp-content/uploads/2026/03/IMAGE-KLK-OLEO-Hari-Raya-scaled.jpg,image/jpeg,2304,2560,Selamat Hari Raya from KLK OLEO,Selamat Hari Raya from KLK OLEO,Selamat Hari Raya from KLK OLEO,card_or_thumbnail,unassigned_library_asset,[],13,False,False,
asset:wp-12827,https://www.klkoleo.com/wp-content/uploads/2026/02/PALMERA-B1801-150.png,image/png,296,417,PALMERA B1801 150,PALMERA B1801 150,PALMERA B1801 150,editorial_image,unassigned_library_asset,[],7,False,False,
asset:wp-12824,https://www.klkoleo.com/wp-content/uploads/2026/02/PALMERA-Stearic-Acid-150.png,image/png,417,296,PALMERA Stearic Acid 150,PALMERA Stearic Acid 150,PALMERA Stearic Acid 150,editorial_image,unassigned_library_asset,[],7,False,False,
asset:wp-12790,https://www.klkoleo.com/wp-content/uploads/2026/02/PALMESTER-S-150-03.png,image/png,296,417,PALMESTER S 150 03,PALMESTER S 150 03,PALMESTER S 150 03,editorial_image,unassigned_library_asset,[],7,False,False,
asset:wp-12787,https://www.klkoleo.com/wp-content/uploads/2026/02/PALMESTER-S-150-19.png,image/png,296,417,PALMESTER S 150 19,PALMESTER S 150 19,PALMESTER S 150 19,editorial_image,unassigned_library_asset,[],7,False,False,
asset:wp-12784,https://www.klkoleo.com/wp-content/uploads/2026/02/PALMESTER-S-150-15.png,image/png,296,417,PALMESTER S 150 15,PALMESTER S 150 15,PALMESTER S 150 15,editorial_image,unassigned_library_asset,[],7,False,False,
asset:wp-12781,https://www.klkoleo.com/wp-content/uploads/2026/02/PALMESTER-S-150-14.png,image/png,296,417,PALMESTER S 150 14,PALMESTER S 150 14,PALMESTER S 150 14,editorial_image,unassigned_library_asset,[],7,False,False,
asset:wp-12778,https://www.klkoleo.com/wp-content/uploads/2026/02/PALMESTER-S-150-06.png,image/png,296,417,PALMESTER S 150 06,PALMESTER S 150 06,PALMESTER S 150 06,editorial_image,unassigned_library_asset,[],7,False,False,
asset:wp-12775,https://www.klkoleo.com/wp-content/uploads/2026/02/PALMERGY-Distilled-Palm-Methyl-Ester-150.png,image/png,296,417,PALMERGY Distilled Palm Methyl Ester 150,PALMERGY Distilled Palm Methyl Ester 150,PALMERGY Distilled Palm Methyl Ester 150,editorial_image,unassigned_library_asset,[],7,False,False,
asset:wp-12772,https://www.klkoleo.com/wp-content/uploads/2026/02/PALMERE-ME-Green-Ingredient-for-Bio-plasticiser-150.png,image/png,296,417,PALMERE ME Green Ingredient for Bio plasticiser 150,PALMERE ME Green Ingredient for Bio plasticiser 150,PALMERE ME Green Ingredient for Bio plasticiser 150,editorial_image,unassigned_library_asset,[],7,False,False,
asset:wp-12769,https://www.klkoleo.com/wp-content/uploads/2026/02/PALMERE-Fractionated-Methyl-Esters-150.png,image/png,417,296,PALMERE Fractionated Methyl Esters 150,PALMERE Fractionated Methyl Esters 150,PALMERE Fractionated Methyl Esters 150,editorial_image,unassigned_library_asset,[],7,False,False,
asset:wp-12766,https://www.klkoleo.com/wp-content/uploads/2026/02/PALMESTER-MCT-150.png,image/png,417,296,PALMESTER MCT 150,PALMESTER MCT 150,PALMESTER MCT 150,editorial_image,unassigned_library_asset,[],7,False,False,
asset:wp-12763,https://www.klkoleo.com/wp-content/uploads/2026/02/PALMESTER-150-41.png,image/png,296,417,PALMESTER 150 41,PALMESTER 150 41,PALMESTER 150 41,editorial_image,unassigned_library_asset,[],7,False,False,
asset:wp-12760,https://www.klkoleo.com/wp-content/uploads/2026/02/PALMESTER-150-40.png,image/png,296,417,PALMESTER 150 40,PALMESTER 150 40,PALMESTER 150 40,editorial_image,unassigned_library_asset,[],7,False,False,
asset:wp-12757,https://www.klkoleo.com/wp-content/uploads/2026/02/PALMESTER-150-37.png,image/png,296,417,PALMESTER 150 37,PALMESTER 150 37,PALMESTER 150 37,editorial_image,unassigned_library_asset,[],7,False,False,
asset:wp-12754,https://www.klkoleo.com/wp-content/uploads/2026/02/PALMESTER-150-28.png,image/png,296,417,PALMESTER 150 28,PALMESTER 150 28,PALMESTER 150 28,editorial_image,unassigned_library_asset,[],7,False,False,
asset:wp-12751,https://www.klkoleo.com/wp-content/uploads/2026/02/PALMESTER-150-27.png,image/png,296,417,PALMESTER 150 27,PALMESTER 150 27,PALMESTER 150 27,editorial_image,unassigned_library_asset,[],7,False,False,
asset:wp-12748,https://www.klkoleo.com/wp-content/uploads/2026/02/PALMESTER-150-13.png,image/png,296,417,PALMESTER 150 13,PALMESTER 150 13,PALMESTER 150 13,editorial_image,unassigned_library_asset,[],7,False,False,
asset:wp-12745,https://www.klkoleo.com/wp-content/uploads/2026/02/PALMESTER-150-12.png,image/png,296,417,PALMESTER 150 12,PALMESTER 150 12,PALMESTER 150 12,editorial_image,unassigned_library_asset,[],7,False,False,
asset:wp-12742,https://www.klkoleo.com/wp-content/uploads/2026/02/PALMESTER-150-11.png,image/png,296,417,PALMESTER 150 11,PALMESTER 150 11,PALMESTER 150 11,editorial_image,unassigned_library_asset,[],7,False,False,
asset:wp-12739,https://www.klkoleo.com/wp-content/uploads/2026/02/PALMESTER-5200-150.png,image/png,296,417,PALMESTER 5200 150,PALMESTER 5200 150,PALMESTER 5200 150,editorial_image,unassigned_library_asset,[],7,False,False,
asset:wp-12736,https://www.klkoleo.com/wp-content/uploads/2026/02/PALMESTER-S-150-04.png,image/png,296,417,PALMESTER S 150 04,PALMESTER S 150 04,PALMESTER S 150 04,editorial_image,unassigned_library_asset,[],7,False,False,
asset:wp-12729,https://www.klkoleo.com/wp-content/uploads/2026/02/TENSAGEX-SLES-150.png,image/png,296,417,TENSAGEX SLES 150,TENSAGEX SLES 150,TENSAGEX SLES 150,editorial_image,unassigned_library_asset,[],7,False,False,
asset:wp-12726,https://www.klkoleo.com/wp-content/uploads/2026/02/TENSOPOL-SLS-150.png,image/png,296,417,TENSOPOL SLS 150,TENSOPOL SLS 150,TENSOPOL SLS 150,editorial_image,unassigned_library_asset,[],7,False,False,
asset:wp-12722,https://www.klkoleo.com/wp-content/uploads/2026/02/Sympare-MES-Sustainable-Surfactant.png,image/png,417,296,Sympare MES Sustainable Surfactant,Sympare MES Sustainable Surfactant,Sympare MES Sustainable Surfactant,editorial_image,unassigned_library_asset,[],7,False,False,
asset:wp-12719,https://www.klkoleo.com/wp-content/uploads/2026/02/Sympare-Hair-Shampoo-150.png,image/png,296,417,Sympare Hair Shampoo 150,Sympare Hair Shampoo 150,Sympare Hair Shampoo 150,editorial_image,unassigned_library_asset,[],7,False,False,
asset:wp-12710,https://www.klkoleo.com/wp-content/uploads/2026/02/Palmfonate-MES-150.png,image/png,417,296,Palmfonate MES 150,Palmfonate MES 150,Palmfonate MES 150,editorial_image,unassigned_library_asset,[],7,False,False,
asset:wp-12705,https://www.klkoleo.com/wp-content/uploads/2026/02/PALMOSALT-Soap-Noodles-150.png,image/png,197,417,PALMOSALT Soap Noodles 150,PALMOSALT Soap Noodles 150,PALMOSALT Soap Noodles 150,editorial_image,unassigned_library_asset,[],7,False,False,
asset:wp-12702,https://www.klkoleo.com/wp-content/uploads/2026/02/Palmosalt-S9025-150.png,image/png,296,417,Palmosalt S9025 150,Palmosalt S9025 150,Palmosalt S9025 150,editorial_image,unassigned_library_asset,[],7,False,False,
asset:wp-12699,https://www.klkoleo.com/wp-content/uploads/2026/02/PALMOSALT-S3821-150.png,image/png,296,417,PALMOSALT S3821 150,PALMOSALT S3821 150,PALMOSALT S3821 150,editorial_image,unassigned_library_asset,[],7,False,False,
asset:wp-12694,https://www.klkoleo.com/wp-content/uploads/2026/02/PALMOCOL-Alkanolamides-150.png,image/png,296,296,PALMOCOL Alkanolamides 150,PALMOCOL Alkanolamides 150,PALMOCOL Alkanolamides 150,card_or_thumbnail,unassigned_library_asset,[],5,False,False,
asset:wp-12688,https://www.klkoleo.com/wp-content/uploads/2026/02/PALMOWAX-Leaflet.png,image/png,296,417,PALMOWAX Leaflet,PALMOWAX Leaflet,PALMOWAX Leaflet,editorial_image,unassigned_library_asset,[],7,False,False,
asset:wp-12685,https://www.klkoleo.com/wp-content/uploads/2026/02/PALMOWAX-EBS-for-ABS-Application-150.png,image/png,417,296,PALMOWAX EBS for ABS Application 150,PALMOWAX EBS for ABS Application 150,PALMOWAX EBS for ABS Application 150,editorial_image,unassigned_library_asset,[],7,False,False,
asset:wp-12682,https://www.klkoleo.com/wp-content/uploads/2026/02/PALMOWAX-for-Asphalt.png,image/png,296,417,PALMOWAX for Asphalt,PALMOWAX for Asphalt,PALMOWAX for Asphalt,editorial_image,unassigned_library_asset,[],7,False,False,
asset:wp-12677,https://www.klkoleo.com/wp-content/uploads/elementor/screenshots/Elementor-post-screenshot_11734_2026-02-20-03-06-31_3384bcc6.png,image/png,,,Elementor post screenshot 11734 2026 02 20 03 06 31 3384bcc6.png,Elementor post screenshot 11734 2026 02 20 03 06 31 3384bcc6.png,Elementor post screenshot 11734 2026 02 20 03 06 31 3384bcc6.png,editorial_image,unassigned_library_asset,[],0,False,False,
asset:wp-12674,https://www.klkoleo.com/wp-content/uploads/2026/02/matting-agent.png,image/png,30,30,matting agent,matting agent,matting agent,card_or_thumbnail,unassigned_library_asset,[],0,False,False,
asset:wp-12660,https://www.klkoleo.com/wp-content/uploads/2026/02/2026-02-06-Fuel-Smarter-with-Sustainable-MCT_Banner-certification.png,image/png,800,79,2026 02 06 Fuel Smarter with Sustainable MCT Banner certification,2026 02 06 Fuel Smarter with Sustainable MCT Banner certification,2026 02 06 Fuel Smarter with Sustainable MCT Banner certification,logo_or_icon,unassigned_library_asset,[],10,False,False,
asset:wp-12657,https://www.klkoleo.com/wp-content/uploads/2026/02/2026-02-06-Fuel-Smarter-with-Sustainable-MCT_Banner-02.png,image/png,834,258,2026 02 06 Fuel Smarter with Sustainable MCT Banner 02,2026 02 06 Fuel Smarter with Sustainable MCT Banner 02,2026 02 06 Fuel Smarter with Sustainable MCT Banner 02,banner_candidate,linked_to_in_scope_content,"[""page:https-www-klkoleo-com-news-media-fuel-smarter-with-sustainable-mct""]",10,False,False,
asset:wp-12650,https://www.klkoleo.com/wp-content/uploads/2026/02/IMAGE-2026-KLK-OLEO-CNY-eCard.jpg,image/jpeg,1500,1667,Happy Chinese New Year from KLK OLEO,Happy Chinese New Year from KLK OLEO,Happy Chinese New Year from KLK OLEO,card_or_thumbnail,unassigned_library_asset,[],12,False,False,
asset:wp-12640,https://www.klkoleo.com/wp-content/uploads/2026/02/2026-02-06-Fuel-Smarter-with-Sustainable-MCT_Banner-2.png,image/png,1080,1080,2026 02 06 Fuel Smarter with Sustainable MCT Banner,2026 02 06 Fuel Smarter with Sustainable MCT Banner,2026 02 06 Fuel Smarter with Sustainable MCT Banner,card_or_thumbnail,linked_to_in_scope_content,"[""page:https-www-klkoleo-com-archive-by-year-2025""]",11,False,False,
asset:wp-12628,https://www.klkoleo.com/wp-content/uploads/2026/02/PALMESTER-MCT-Chocolate-Berries-Energy-Bar-scaled.jpg,image/jpeg,2560,1207,PALMESTER MCT Chocolate Berries Energy Bar,PALMESTER MCT Chocolate Berries Energy Bar,PALMESTER MCT Chocolate Berries Energy Bar,banner_candidate,unassigned_library_asset,[],13,False,False,
asset:wp-12615,https://www.klkoleo.com/wp-content/uploads/2026/02/PALMESTER-MCT-Large.jpg,image/jpeg,2250,1591,PALMESTER MCT Brochure,PALMESTER MCT Brochure,PALMESTER MCT Brochure,editorial_image,unassigned_library_asset,[],13,False,False,
asset:wp-12610,https://www.klkoleo.com/wp-content/uploads/2026/02/PALMESTER-MCT-Chocolate-Berries-Energy-Bar.png,image/png,1500,800,PALMESTER MCT Chocolate Berries Energy Bar,PALMESTER MCT Chocolate Berries Energy Bar,PALMESTER MCT Chocolate Berries Energy Bar,banner_candidate,unassigned_library_asset,[],11,False,False,
asset:wp-12600,https://www.klkoleo.com/wp-content/uploads/2026/02/2026-02-04-Share-Your-Thoughts-Chocolate.png,image/png,768,512,PALMESTER MCT Chocolate Berries Energy Bar by KLK OLEO,PALMESTER MCT Chocolate Berries Energy Bar by KLK OLEO,PALMESTER MCT Chocolate Berries Energy Bar by KLK OLEO,editorial_image,unassigned_library_asset,[],9,False,False,
asset:wp-12597,https://www.klkoleo.com/wp-content/uploads/2026/02/Unique-Benefits-R2.png,image/png,2084,752,Unique Benefits of PALMESTER MCT,Unique Benefits of PALMESTER MCT,Unique Benefits of PALMESTER MCT,banner_candidate,unassigned_library_asset,[],13,False,False,
asset:wp-12593,https://www.klkoleo.com/wp-content/uploads/2026/02/2026-02-04-Share-Your-Thoughts.png,image/png,768,512,PALMESTER MCT Mixed Berries Energy Bar by KLK OLEO,PALMESTER MCT Mixed Berries Energy Bar by KLK OLEO,PALMESTER MCT Mixed Berries Energy Bar by KLK OLEO,editorial_image,unassigned_library_asset,[],9,False,False,
asset:wp-12577,https://www.klkoleo.com/wp-content/uploads/2026/02/2024-02-26-Link-Tracebility-Chinese.png,image/png,1042,584,KLK OLEO Traceability Data,KLK OLEO Traceability Data,KLK OLEO Traceability Data,editorial_image,unassigned_library_asset,[],11,False,False,
asset:wp-12574,https://www.klkoleo.com/wp-content/uploads/2026/02/2024-02-26-Link-Tracebility-German.png,image/png,1042,584,KLK OLEO Traceability Data,KLK OLEO Traceability Data,KLK OLEO Traceability Data,editorial_image,unassigned_library_asset,[],11,False,False,
asset:wp-12571,https://www.klkoleo.com/wp-content/uploads/2026/02/2024-02-26-Link-Tracebility-English.png,image/png,1042,584,KLK OLEO Traceability Data,KLK OLEO Traceability Data,KLK OLEO Traceability Data,editorial_image,linked_to_in_scope_content,"[""page:https-www-klkoleo-com-sustainability-principled-by-integrity""]",11,False,False,
asset:wp-12561,https://www.klkoleo.com/wp-content/uploads/2026/01/SYMPARE-MES-Image.jpg,image/jpeg,1755,1591,A women and girl washing their hands with SYMPARE Methyl Ester Sulphonates handwash,A women and girl washing their hands with SYMPARE Methyl Ester Sulphonates handwash,A women and girl washing their hands with SYMPARE Methyl Ester Sulphonates handwash,card_or_thumbnail,unassigned_library_asset,[],12,False,False,
asset:wp-12552,https://www.klkoleo.com/wp-content/uploads/2026/01/POC2026.png,image/png,671,305,POC2026,KLK invites you to POC 2026,POC2026,banner_candidate,unassigned_library_asset,[],9,False,False,
asset:wp-12540,https://www.klkoleo.com/wp-content/uploads/2026/01/2026-01-Global-Presence_English-1.jpg,image/jpeg,1076,692,2026 01 Global Presence English,"KLK OLEO is a global oleochemical producer, with worldwide presence and integrated complexes located strategically in Malaysia, Indonesia, China, and Europe.",2026 01 Global Presence English,editorial_image,linked_to_in_scope_content,"[""page:https-www-klkoleo-com"",""page:https-www-klkoleo-com-company-klk-oleo-brief"",""page:https-www-klkoleo-com-r3d-de-assembly-terms-and-conditions-klke-dusseldorf"",""page:https-www-klkoleo-com-r3d-de-general-terms-and-conditions-of-purchase-klk-emmerich"",""page:https-www-klkoleo-com-r3d-de-general-terms-and-conditions-of-sale-klk-emmerich"",""page:https-www-klkoleo-com-r3d-de-safety-guide-klk-emmerich"",""page:https-www-klkoleo-com-r3d-eng-anti-corruption-policy-klk-group"",""page:https-www-klkoleo-com-r3d-eng-code-of-conduct-and-ethics-for-the-company-group-klk-group"",""page:https-www-klkoleo-com-r3d-eng-code-of-conduct-for-suppliers-klk-emmerich"",""page:https-www-klkoleo-com-r3d-eng-general-conditions-of-sale-klktemix"",""page:https-www-klkoleo-com-r3d-eng-general-terms-and-conditions-for-the-purchase-of-goods-and-or-services-klk-oleo-group"",""page:https-www-klkoleo-com-r3d-eng-general-terms-and-conditions-of-sale-klk-emmerich"",""page:https-www-klkoleo-com-r3d-eng-general-terms-and-conditions-of-sale-klk-tensachem"",""page:https-www-klkoleo-com-r3d-eng-general-terms-and-conditions-of-sale-or-supply-klk-kolb-specialties"",""page:https-www-klkoleo-com-r3d-eng-general-terms-and-conditions-of-sale-or-supply-palmoleo-klang"",""page:https-www-klkoleo-com-r3d-eng-quality-environmental-safety-and-food-safety-policy-klktemix"",""page:https-www-klkoleo-com-r3d-eng-supplier-code-of-conduct-klk-group"",""page:https-www-klkoleo-com-r3d-klk-oleo-beauty-and-personal-care-brochure"",""page:https-www-klkoleo-com-r3d-klk-oleo-palmester-biolubricant-base-oil-for-mwf-neat-oil-applications"",""page:https-www-klkoleo-com-r3d-klk-oleos-traceability"",""page:https-www-klkoleo-com-r3d-klk-sustainability-report-2021""]",11,False,False,
asset:wp-12537,https://www.klkoleo.com/wp-content/uploads/2026/01/2026-01-Global-Presence_Mandarin-1.jpg,image/jpeg,1076,692,2026 01 Global Presence Mandarin,"KLK OLEO is a global oleochemical producer, with worldwide presence and integrated complexes located strategically in Malaysia, Indonesia, China, and Europe.",2026 01 Global Presence Mandarin,editorial_image,unassigned_library_asset,[],11,False,False,
asset:wp-12534,https://www.klkoleo.com/wp-content/uploads/2026/01/2026-01-Global-Presence_German-1.jpg,image/jpeg,1076,692,2026 01 Global Presence German,"KLK OLEO is a global oleochemical producer, with worldwide presence and integrated complexes located strategically in Malaysia, Indonesia, China, and Europe.",2026 01 Global Presence German,editorial_image,unassigned_library_asset,[],11,False,False,
asset:wp-12455,https://www.klkoleo.com/wp-content/uploads/2025/12/Vitafoods-Europe.png,image/png,154,94,Vitafoods Europe,Vitafoods Europe,Vitafoods Europe,editorial_image,linked_to_in_scope_content,"[""page:https-www-klkoleo-com-vitafoods-europe-2""]",4,False,False,
asset:wp-12446,https://www.klkoleo.com/wp-content/uploads/2025/12/PCHi.png,image/png,154,94,PCHi,PCHi,PCHi,editorial_image,linked_to_in_scope_content,"[""page:https-www-klkoleo-com-personal-care-and-homecare-ingredients-pchi""]",4,False,False,
asset:wp-12408,https://www.klkoleo.com/wp-content/uploads/2025/12/KLK-OLEO-Exhibition-eBanner-2026.png,image/png,900,200,KLK OLEO Exhibition eBanner 2026,KLK OLEO Exhibition eBanner 2026,KLK OLEO Exhibition eBanner 2026,banner_candidate,unassigned_library_asset,[],10,False,False,
asset:wp-12405,https://www.klkoleo.com/wp-content/uploads/2025/12/KLKOLEO-Deloitte-Email-Banner.png,image/png,680,175,KLKOLEO Deloitte Email Banner,KLKOLEO Deloitte Email Banner,KLKOLEO Deloitte Email Banner,banner_candidate,unassigned_library_asset,[],9,False,False,
asset:wp-12391,https://www.klkoleo.com/wp-content/uploads/2025/12/Image-2025-KLK-OLEO-Christmas-scaled.png,image/png,2560,2560,Merry Christmas from KLK OLEO,Merry Christmas from KLK OLEO,Merry Christmas from KLK OLEO,card_or_thumbnail,unassigned_library_asset,[],13,False,False,
asset:wp-12379,https://www.klkoleo.com/wp-content/uploads/2025/12/About-KLK-OLEO-MKLK-scaled.jpg,image/jpeg,2560,1572,About KLK OLEO MKLK,About KLK OLEO MKLK,About KLK OLEO MKLK,editorial_image,unassigned_library_asset,[],13,False,False,
asset:wp-12366,https://www.klkoleo.com/wp-content/uploads/2025/11/General-Terms-and-Conditions-of-Sale-and-Supply_KL-Kepong-Oleomas_Rev1-Feb2019-Refreshed-Logo.pdf,application/pdf,,,General Terms and Conditions of Sale and Supply_KL-Kepong Oleomas_Rev1 Feb2019-Refreshed Logo,,General Terms and Conditions of Sale and Supply_KL-Kepong Oleomas_Rev1 Feb2019-Refreshed Logo,download,unassigned_library_asset,[],0,False,True,Missing alt text
asset:wp-12363,https://www.klkoleo.com/wp-content/uploads/2025/11/General-Terms-and-Conditions-of-Sale-and-Supply_KLK-OLEO-Shanghai_Rev1-Feb2019-Refreshed-Logo.pdf,application/pdf,,,General Terms and Conditions of Sale and Supply_KLK OLEO Shanghai_Rev1 Feb2019-Refreshed Logo,,General Terms and Conditions of Sale and Supply_KLK OLEO Shanghai_Rev1 Feb2019-Refreshed Logo,download,unassigned_library_asset,[],0,False,True,Missing alt text
asset:wp-12360,https://www.klkoleo.com/wp-content/uploads/2025/11/General-Terms-and-Conditions-of-Sale-and-Supply_KLK-Bioenergy_Rev1-Feb2019-Refreshed-Logo.pdf,application/pdf,,,General Terms and Conditions of Sale and Supply_KLK Bioenergy_Rev1 Feb2019-Refreshed Logo,,General Terms and Conditions of Sale and Supply_KLK Bioenergy_Rev1 Feb2019-Refreshed Logo,download,unassigned_library_asset,[],0,False,True,Missing alt text
asset:wp-12357,https://www.klkoleo.com/wp-content/uploads/2025/11/General-Terms-and-Conditions-of-Sale-and-Supply_Davos-Singapore_Rev1-Feb2019-Refreshed-Logo.pdf,application/pdf,,,General Terms and Conditions of Sale and Supply_Davos Singapore_Rev1 Feb2019-Refreshed Logo,,General Terms and Conditions of Sale and Supply_Davos Singapore_Rev1 Feb2019-Refreshed Logo,download,unassigned_library_asset,[],0,False,True,Missing alt text
asset:wp-12354,https://www.klkoleo.com/wp-content/uploads/2025/11/General-Terms-and-Conditions-of-Sale-and-Supply_Davos-Malaysia_Rev1-Feb2019-Refreshed-Logo.pdf,application/pdf,,,General Terms and Conditions of Sale and Supply_Davos Malaysia_Rev1 Feb2019-Refreshed Logo,,General Terms and Conditions of Sale and Supply_Davos Malaysia_Rev1 Feb2019-Refreshed Logo,download,unassigned_library_asset,[],0,False,True,Missing alt text
asset:wp-12348,https://www.klkoleo.com/wp-content/uploads/2025/11/General-Terms-and-Conditions-of-Sale_KLK-Kolb-Specialties-BV_ENG_Rev-June2018-Refreshed-Logo.pdf,application/pdf,,,General Terms and Conditions of Sale_KLK Kolb Specialties BV_ENG_Rev June2018-Refreshed Logo,,General Terms and Conditions of Sale_KLK Kolb Specialties BV_ENG_Rev June2018-Refreshed Logo,download,unassigned_library_asset,[],0,False,True,Missing alt text
asset:wp-12345,https://www.klkoleo.com/wp-content/uploads/2025/11/General-Terms-and-Conditions-of-Sale_KLK-Emmerich_GERMAN_RevNov2022-Refreshed-Logo.pdf,application/pdf,,,General Terms and Conditions of Sale_KLK Emmerich_GERMAN_RevNov2022-Refreshed Logo,,General Terms and Conditions of Sale_KLK Emmerich_GERMAN_RevNov2022-Refreshed Logo,download,unassigned_library_asset,[],0,False,True,Missing alt text
asset:wp-12342,https://www.klkoleo.com/wp-content/uploads/2025/11/General-Terms-and-Conditions-of-Sale_KLK-Emmerich_ENG_RevNov2022-Refreshed-Logo.pdf,application/pdf,,,General Terms and Conditions of Sale_KLK Emmerich_ENG_RevNov2022-Refreshed Logo,,General Terms and Conditions of Sale_KLK Emmerich_ENG_RevNov2022-Refreshed Logo,download,unassigned_library_asset,[],0,False,True,Missing alt text
asset:wp-12339,https://www.klkoleo.com/wp-content/uploads/2025/11/General-Terms-and-Conditions-of-Sale-and-Supply_Taiko-Palm-Oleo-Zhangjiagang_Rev1-Feb2019-Refreshed-Logo.pdf,application/pdf,,,General Terms and Conditions of Sale and Supply_Taiko Palm-Oleo Zhangjiagang_Rev1 Feb2019-Refreshed Logo,,General Terms and Conditions of Sale and Supply_Taiko Palm-Oleo Zhangjiagang_Rev1 Feb2019-Refreshed Logo,download,unassigned_library_asset,[],0,False,True,Missing alt text
asset:wp-12336,https://www.klkoleo.com/wp-content/uploads/2025/11/General-Terms-and-Conditions-of-Sale-and-Supply_Palm-Oleo_Rev2-Feb2022-Refreshed-Logo.pdf,application/pdf,,,General Terms and Conditions of Sale and Supply_Palm-Oleo_Rev2 Feb2022-Refreshed Logo,,General Terms and Conditions of Sale and Supply_Palm-Oleo_Rev2 Feb2022-Refreshed Logo,download,unassigned_library_asset,[],0,False,True,Missing alt text
asset:wp-12333,https://www.klkoleo.com/wp-content/uploads/2025/11/General-Terms-and-Conditions-of-Sale-and-Supply_Palm-Oleo-Klang_Rev1-Feb2019-Refreshed-Logo.pdf,application/pdf,,,General Terms and Conditions of Sale and Supply_Palm-Oleo Klang_Rev1 Feb2019-Refreshed Logo,,General Terms and Conditions of Sale and Supply_Palm-Oleo Klang_Rev1 Feb2019-Refreshed Logo,download,unassigned_library_asset,[],0,False,True,Missing alt text
asset:wp-12319,https://www.klkoleo.com/wp-content/uploads/2025/11/bestmanagedcompanies2025.png,image/png,500,361,bestmanagedcompanies2025,KLK is one of Malaysia's Best Managed Companies,KLK is one of Malaysia’s Best Managed Companies,editorial_image,unassigned_library_asset,[],7,False,False,
asset:wp-12307,https://www.klkoleo.com/wp-content/uploads/2025/11/IMAGE-2025-KLK-OLEO-Deepavali-eCard-scaled.png,image/png,2560,2560,[IMAGE] 2025 KLK OLEO Deepavali eCard,[IMAGE] 2025 KLK OLEO Deepavali eCard,[IMAGE] 2025 KLK OLEO Deepavali eCard,card_or_thumbnail,unassigned_library_asset,[],13,False,False,
asset:wp-12299,https://www.klkoleo.com/wp-content/uploads/2025/11/English-Palmfonate-MES-Powering-Better-Home-Care-Applications-Brochure.pdf,application/pdf,,,English-Palmfonate MES Powering Better Home Care Applications-Brochure,,English-Palmfonate MES Powering Better Home Care Applications-Brochure,download,unassigned_library_asset,[],0,False,True,Missing alt text
asset:wp-12296,https://www.klkoleo.com/wp-content/uploads/2025/11/English-KLK-OLEO-Home-Care-and-II-Ingredients-Cleaning-is-Caring-Leaflet.pdf,application/pdf,,,English-KLK OLEO Home Care and I&I Ingredients Cleaning is Caring-Leaflet,,English-KLK OLEO Home Care and I&I Ingredients Cleaning is Caring-Leaflet,download,unassigned_library_asset,[],0,False,True,Missing alt text
asset:wp-12293,https://www.klkoleo.com/wp-content/uploads/2025/11/2025-10-27-English-Sympare-MES-Brochure-1-1.pdf,application/pdf,,,2025-10-27-English-Sympare MES (Brochure) 1,,2025-10-27-English-Sympare MES (Brochure) 1,download,unassigned_library_asset,[],0,False,True,Missing alt text
asset:wp-12278,https://www.klkoleo.com/wp-content/uploads/2025/11/English-KLK-OLEO-Tobacco-Leaflet.pdf,application/pdf,,,English-KLK OLEO-Tobacco-Leaflet,,English-KLK OLEO-Tobacco-Leaflet,download,unassigned_library_asset,[],0,False,True,Missing alt text
asset:wp-12238,https://www.klkoleo.com/wp-content/uploads/2025/10/English-DavosLife-Increase-Skin-Resilience-to-Pollution-Leaflet.pdf,application/pdf,,,English-DavosLife Increase Skin Resilience to Pollution-(Leaflet),,English-DavosLife Increase Skin Resilience to Pollution-(Leaflet),download,unassigned_library_asset,[],0,False,True,Missing alt text
asset:wp-12235,https://www.klkoleo.com/wp-content/uploads/2025/10/English-KLK-OLEO-PALMESTER-5305-5306.pdf,application/pdf,,,English-KLK OLEO-PALMESTER 5305-5306 Leaflet,,English-KLK OLEO-PALMESTER 5305-5306 Leaflet,download,unassigned_library_asset,[],0,False,True,Missing alt text
asset:wp-12232,https://www.klkoleo.com/wp-content/uploads/2025/10/English-KLK-OLEO-PALMOSALT-Soap-Noodles.pdf,application/pdf,,,English-KLK OLEO-PALMOSALT Soap Noodles,,English-KLK OLEO-PALMOSALT Soap Noodles,download,unassigned_library_asset,[],0,False,True,Missing alt text
asset:wp-12073,https://www.klkoleo.com/wp-content/uploads/2025/10/KLK-OLEO-Web_Explore-the-new-KLK-OLEO-Life-Science_Banner_HButton-scaled.jpg,image/jpeg,2560,1060,Untitled,KLK OLEO Life Science Slider,,banner_candidate,unassigned_library_asset,[],13,False,False,
asset:wp-12034,https://www.klkoleo.com/wp-content/uploads/2025/10/Fortune-500-Lime.png,image/png,500,361,Fortune 500 Lime,KLK is one of the Fortune Southeast Asia 500 companies for Year 2024,Fortune 500 Lime,editorial_image,linked_to_in_scope_content,"[""page:https-www-klkoleo-com"",""page:https-www-klkoleo-com-r3d-de-assembly-terms-and-conditions-klke-dusseldorf"",""page:https-www-klkoleo-com-r3d-de-general-terms-and-conditions-of-purchase-klk-emmerich"",""page:https-www-klkoleo-com-r3d-de-general-terms-and-conditions-of-sale-klk-emmerich"",""page:https-www-klkoleo-com-r3d-de-safety-guide-klk-emmerich"",""page:https-www-klkoleo-com-r3d-eng-anti-corruption-policy-klk-group"",""page:https-www-klkoleo-com-r3d-eng-code-of-conduct-and-ethics-for-the-company-group-klk-group"",""page:https-www-klkoleo-com-r3d-eng-code-of-conduct-for-suppliers-klk-emmerich"",""page:https-www-klkoleo-com-r3d-eng-general-conditions-of-sale-klktemix"",""page:https-www-klkoleo-com-r3d-eng-general-terms-and-conditions-for-the-purchase-of-goods-and-or-services-klk-oleo-group"",""page:https-www-klkoleo-com-r3d-eng-general-terms-and-conditions-of-sale-klk-emmerich"",""page:https-www-klkoleo-com-r3d-eng-general-terms-and-conditions-of-sale-klk-tensachem"",""page:https-www-klkoleo-com-r3d-eng-general-terms-and-conditions-of-sale-or-supply-klk-kolb-specialties"",""page:https-www-klkoleo-com-r3d-eng-general-terms-and-conditions-of-sale-or-supply-palmoleo-klang"",""page:https-www-klkoleo-com-r3d-eng-quality-environmental-safety-and-food-safety-policy-klktemix"",""page:https-www-klkoleo-com-r3d-eng-supplier-code-of-conduct-klk-group"",""page:https-www-klkoleo-com-r3d-klk-oleo-beauty-and-personal-care-brochure"",""page:https-www-klkoleo-com-r3d-klk-oleo-palmester-biolubricant-base-oil-for-mwf-neat-oil-applications"",""page:https-www-klkoleo-com-r3d-klk-oleos-traceability"",""page:https-www-klkoleo-com-r3d-klk-sustainability-report-2021""]",7,False,False,
asset:wp-12029,https://www.klkoleo.com/wp-content/uploads/2025/10/2025-10-24-Global-Presence_English-V4.jpg,image/jpeg,2242,1442,KLK OLEO Global Presence English,KLK OLEO Global Presence English,KLK OLEO Global Presence English,editorial_image,unassigned_library_asset,[],13,False,False,
asset:wp-12026,https://www.klkoleo.com/wp-content/uploads/2025/10/2025-10-24-Global-Presence_Mandarin-V4.jpg,image/jpeg,2242,1442,KLK OLEO Global Presence Mandarin,KLK OLEO Global Presence Mandarin,KLK OLEO Global Presence Mandarin,editorial_image,unassigned_library_asset,[],13,False,False,
asset:wp-12023,https://www.klkoleo.com/wp-content/uploads/2025/10/2025-10-24-Global-Presence_German-V4.jpg,image/jpeg,2242,1442,KLK OLEO Global Presence German,KLK OLEO Global Presence German,KLK OLEO Global Presence German,editorial_image,unassigned_library_asset,[],13,False,False,
asset:wp-12014,https://www.klkoleo.com/wp-content/uploads/2025/10/Market-Image_Life-Science.png,image/png,1042,752,Market Image Life Science,Market Image Life Science,Market Image Life Science,editorial_image,linked_to_in_scope_content,"[""page:https-www-klkoleo-com"",""page:https-www-klkoleo-com-r3d-de-assembly-terms-and-conditions-klke-dusseldorf"",""page:https-www-klkoleo-com-r3d-de-general-terms-and-conditions-of-purchase-klk-emmerich"",""page:https-www-klkoleo-com-r3d-de-general-terms-and-conditions-of-sale-klk-emmerich"",""page:https-www-klkoleo-com-r3d-de-safety-guide-klk-emmerich"",""page:https-www-klkoleo-com-r3d-eng-anti-corruption-policy-klk-group"",""page:https-www-klkoleo-com-r3d-eng-code-of-conduct-and-ethics-for-the-company-group-klk-group"",""page:https-www-klkoleo-com-r3d-eng-code-of-conduct-for-suppliers-klk-emmerich"",""page:https-www-klkoleo-com-r3d-eng-general-conditions-of-sale-klktemix"",""page:https-www-klkoleo-com-r3d-eng-general-terms-and-conditions-for-the-purchase-of-goods-and-or-services-klk-oleo-group"",""page:https-www-klkoleo-com-r3d-eng-general-terms-and-conditions-of-sale-klk-emmerich"",""page:https-www-klkoleo-com-r3d-eng-general-terms-and-conditions-of-sale-klk-tensachem"",""page:https-www-klkoleo-com-r3d-eng-general-terms-and-conditions-of-sale-or-supply-klk-kolb-specialties"",""page:https-www-klkoleo-com-r3d-eng-general-terms-and-conditions-of-sale-or-supply-palmoleo-klang"",""page:https-www-klkoleo-com-r3d-eng-quality-environmental-safety-and-food-safety-policy-klktemix"",""page:https-www-klkoleo-com-r3d-eng-supplier-code-of-conduct-klk-group"",""page:https-www-klkoleo-com-r3d-klk-oleo-beauty-and-personal-care-brochure"",""page:https-www-klkoleo-com-r3d-klk-oleo-palmester-biolubricant-base-oil-for-mwf-neat-oil-applications"",""page:https-www-klkoleo-com-r3d-klk-oleos-traceability"",""page:https-www-klkoleo-com-r3d-klk-sustainability-report-2021""]",11,False,False,
asset:wp-12008,https://www.klkoleo.com/wp-content/uploads/2025/10/News-Events.png,image/png,1920,250,News & Events,News & Events,News & Events,banner_candidate,unassigned_library_asset,[],12,False,False,
asset:wp-12004,https://www.klkoleo.com/wp-content/uploads/2025/10/Policy.png,image/png,1920,250,Policy,Policy,Policy,banner_candidate,unassigned_library_asset,[],12,False,False,
asset:wp-11935,https://www.klkoleo.com/wp-content/uploads/2025/10/2025-10-Sympare-Glide-5922-Slider.png,image/png,1003,415,2025 10 Sympare Glide 5922 Slider,2025 10 Sympare Glide 5922 Slider,2025 10 Sympare Glide 5922 Slider,banner_candidate,unassigned_library_asset,[],10,False,False,
asset:wp-11931,https://www.klkoleo.com/wp-content/uploads/2025/10/Sympare-Glide-5922-Cover.jpg,image/jpeg,1754,1241,Sympare Glide 5922 Cover,Sympare Glide 5922 Cover,Sympare Glide 5922 Cover,editorial_image,unassigned_library_asset,[],12,False,False,
asset:wp-11817,https://www.klkoleo.com/wp-content/uploads/2025/10/bg-new1-scaled.jpg,image/jpeg,2560,1572,bg new1,bg new1,bg new1,editorial_image,unassigned_library_asset,[],13,False,False,
asset:wp-11696,https://www.klkoleo.com/wp-content/uploads/2025/10/Sympare-Glide-5922.png,image/png,500,354,Sympare Glide 5922,Sympare Glide 5922,Sympare Glide 5922,editorial_image,unassigned_library_asset,[],7,False,False,
asset:wp-11576,https://www.klkoleo.com/wp-content/uploads/2025/09/PALMESTER-MCT-Energy-Bar-Share-Your-Thoughts-scaled.jpg,image/jpeg,2560,1707,PALMESTER MCT Energy Bar Share Your Thoughts,PALMESTER MCT Energy Bar Share Your Thoughts,PALMESTER MCT Energy Bar Share Your Thoughts,editorial_image,unassigned_library_asset,[],13,False,False,
asset:wp-11564,https://www.klkoleo.com/wp-content/uploads/2025/09/Energy-Bar-Tranparent.png,image/png,719,349,Energy Bar Tranparent,Energy Bar Tranparent,Energy Bar Tranparent,banner_candidate,unassigned_library_asset,[],9,False,False,
asset:wp-11560,https://www.klkoleo.com/wp-content/uploads/2025/09/PALMESTER-MCT.png,image/png,200,142,PALMESTER MCT,PALMESTER MCT,PALMESTER MCT,editorial_image,unassigned_library_asset,[],4,False,False,
asset:wp-11557,https://www.klkoleo.com/wp-content/uploads/2025/09/Food-Nutrition.png,image/png,200,142,Food & Nutrition,Food & Nutrition,Food & Nutrition,editorial_image,unassigned_library_asset,[],4,False,False,
asset:wp-11553,https://www.klkoleo.com/wp-content/uploads/2025/09/English-DavosLife-E3-FACT-Yvette-Testimonial-Leaflet-1.pdf,application/pdf,,,English-DavosLife E3 FACT Yvette Testimonial (Leaflet),,English-DavosLife E3 FACT Yvette Testimonial (Leaflet),download,unassigned_library_asset,[],0,False,True,Missing alt text
asset:wp-11550,https://www.klkoleo.com/wp-content/uploads/2025/09/English-The-Impact-of-Tocotrienol-Supplementation-on-Cardiovascular-Health-Leaflet.pdf,application/pdf,,,English-The Impact of Tocotrienol Supplementation on Cardiovascular Health (Leaflet),,English-The Impact of Tocotrienol Supplementation on Cardiovascular Health (Leaflet),download,unassigned_library_asset,[],0,False,True,Missing alt text
asset:wp-11544,https://www.klkoleo.com/wp-content/uploads/2025/09/English-How-Tocotrienols-Impact-Exercise-Endurance-Leaflet.pdf,application/pdf,,,English-How Tocotrienols Impact Exercise Endurance (Leaflet),,English-How Tocotrienols Impact Exercise Endurance (Leaflet),download,unassigned_library_asset,[],0,False,True,Missing alt text
asset:wp-11541,https://www.klkoleo.com/wp-content/uploads/2025/09/English-Get-The-Most-Out-of-Tocotrienols-with-DavosLife-E3-Bio-Enhanced-20-Leaflet.pdf,application/pdf,,,English-Get The Most Out of Tocotrienols with DavosLife E3 Bio-Enhanced 20 (Leaflet),,English-Get The Most Out of Tocotrienols with DavosLife E3 Bio-Enhanced 20 (Leaflet),download,unassigned_library_asset,[],0,False,True,Missing alt text
asset:wp-11535,https://www.klkoleo.com/wp-content/uploads/2025/09/English-English-The-Impact-of-Tocotrienols-on-Bone-Health-Leaflet.pdf,application/pdf,,,English-English-The Impact of Tocotrienols on Bone Health (Leaflet),,English-English-The Impact of Tocotrienols on Bone Health (Leaflet),download,unassigned_library_asset,[],0,False,True,Missing alt text
asset:wp-11532,https://www.klkoleo.com/wp-content/uploads/2025/09/English-DavosLife-E3-Tocotrienols-Brochure.pdf,application/pdf,,,English-DavosLife E3 Tocotrienols (Brochure),,English-DavosLife E3 Tocotrienols (Brochure),download,unassigned_library_asset,[],0,False,True,Missing alt text
asset:wp-11523,https://www.klkoleo.com/wp-content/uploads/2025/09/English-Food-for-ThoughtTocotrienols-and-Brain-Health-Leaflet.pdf,application/pdf,,,English-Food for ThoughtTocotrienols and Brain Health (Leaflet),,English-Food for ThoughtTocotrienols and Brain Health (Leaflet),download,unassigned_library_asset,[],0,False,True,Missing alt text
asset:wp-11517,https://www.klkoleo.com/wp-content/uploads/2025/09/English-DavosLife-E3-DVL658i-Leaflet.pdf,application/pdf,,,English-DavosLife E3 DVL658i (Leaflet),,English-DavosLife E3 DVL658i (Leaflet),download,unassigned_library_asset,[],0,False,True,Missing alt text
asset:wp-11514,https://www.klkoleo.com/wp-content/uploads/2025/09/English-DavosLife-E3-DVP-30-WD-for-Functional-Foods-and-Beverages-Leaflet.pdf,application/pdf,,,English-DavosLife E3 DVP 30-WD for Functional Foods and Beverages (Leaflet),,English-DavosLife E3 DVP 30-WD for Functional Foods and Beverages (Leaflet),download,unassigned_library_asset,[],0,False,True,Missing alt text
asset:wp-11508,https://www.klkoleo.com/wp-content/uploads/2025/09/English-DavosLife-It-Works-Cognitive-Health-Leaflet.pdf,application/pdf,,,English-DavosLife It Works Cognitive Health-(Leaflet),,English-DavosLife It Works Cognitive Health-(Leaflet),download,unassigned_library_asset,[],0,False,True,Missing alt text
asset:wp-11505,https://www.klkoleo.com/wp-content/uploads/2025/09/English-DAVOSLIFE-E3-Sell-sheet-B2B-Leaflet.pdf,application/pdf,,,English-DAVOSLIFE E3-Sell sheet-B2B (Leaflet),,English-DAVOSLIFE E3-Sell sheet-B2B (Leaflet),download,unassigned_library_asset,[],0,False,True,Missing alt text
asset:wp-11502,https://www.klkoleo.com/wp-content/uploads/2025/09/English-DavosLife-E3-Complete-For-Total-Wellness-And-Vitality-B2CLeaflet.pdf,application/pdf,,,English-DavosLife E3 Complete For Total Wellness And Vitality (B2CLeaflet),,English-DavosLife E3 Complete For Total Wellness And Vitality (B2CLeaflet),download,unassigned_library_asset,[],0,False,True,Missing alt text
asset:wp-11499,https://www.klkoleo.com/wp-content/uploads/2025/09/English-DavosLife-Biocarotene-30-Leaflet.pdf,application/pdf,,,English-DavosLife Biocarotene 30 (Leaflet),,English-DavosLife Biocarotene 30 (Leaflet),download,unassigned_library_asset,[],0,False,True,Missing alt text
asset:wp-11496,https://www.klkoleo.com/wp-content/uploads/2025/09/English_-Natural-Source-Natural-Ingredients-for-Healthier-Living.pdf,application/pdf,,,"English_ Natural Source, Natural Ingredients for Healthier Living",,"English_ Natural Source, Natural Ingredients for Healthier Living",download,unassigned_library_asset,[],0,False,True,Missing alt text
asset:wp-11493,https://www.klkoleo.com/wp-content/uploads/2025/09/English-Tocotrienols-and-Liver-Health-Leaflet.pdf,application/pdf,,,English-Tocotrienols and Liver Health (Leaflet),,English-Tocotrienols and Liver Health (Leaflet),download,unassigned_library_asset,[],0,False,True,Missing alt text
asset:wp-11490,https://www.klkoleo.com/wp-content/uploads/2025/09/English-PALMOWAX-The-Sustainable-Lubricant-That-Meets-Your-Lubrication-Needs-Leaflet-APR2025.pdf,application/pdf,,,English-PALMOWAX The Sustainable Lubricant That Meets Your Lubrication Needs (Leaflet)-APR2025,,English-PALMOWAX The Sustainable Lubricant That Meets Your Lubrication Needs (Leaflet)-APR2025,download,unassigned_library_asset,[],0,False,True,Missing alt text
asset:wp-11487,https://www.klkoleo.com/wp-content/uploads/2025/09/English-Basic-Oleochemicals-Brochure.pdf,application/pdf,,,English-Basic Oleochemicals (Brochure),,English-Basic Oleochemicals (Brochure),download,unassigned_library_asset,[],0,False,True,Missing alt text
asset:wp-11484,https://www.klkoleo.com/wp-content/uploads/2025/09/English-PALMERA-B1801-TPSA-Leaflet.pdf,application/pdf,,,English-PALMERA B1801 TPSA (Leaflet),,English-PALMERA B1801 TPSA (Leaflet),download,unassigned_library_asset,[],0,False,True,Missing alt text
asset:wp-11481,https://www.klkoleo.com/wp-content/uploads/2025/09/English-Green-Solutions-for-Plastic-Industries-Leaflet.pdf,application/pdf,,,English-Green Solutions for Plastic Industries (Leaflet),,English-Green Solutions for Plastic Industries (Leaflet),download,unassigned_library_asset,[],0,False,True,Missing alt text
asset:wp-11478,https://www.klkoleo.com/wp-content/uploads/2025/09/English-PALMERE-ME-Leaflet.pdf,application/pdf,,,English-PALMERE ME-Leaflet,,English-PALMERE ME-Leaflet,download,unassigned_library_asset,[],0,False,True,Missing alt text
asset:wp-11475,https://www.klkoleo.com/wp-content/uploads/2025/09/English-PALMOWAX-For-ABS-Application-Brochure.pdf,application/pdf,,,English-PALMOWAX For ABS Application (Brochure),,English-PALMOWAX For ABS Application (Brochure),download,unassigned_library_asset,[],0,False,True,Missing alt text
asset:wp-11472,https://www.klkoleo.com/wp-content/uploads/2025/09/English-PALMOWAX-For-Road-Asphalt-ApplicationLeaflet.pdf,application/pdf,,,English-PALMOWAX For Road Asphalt Application(Leaflet),,English-PALMOWAX For Road Asphalt Application(Leaflet),download,unassigned_library_asset,[],0,False,True,Missing alt text
asset:wp-11469,https://www.klkoleo.com/wp-content/uploads/2025/09/English-PALMESTER-3976-PETS-for-PC-Application-Brochure.pdf,application/pdf,,,English-PALMESTER 3976 PETS for PC Application (Brochure),,English-PALMESTER 3976 PETS for PC Application (Brochure),download,unassigned_library_asset,[],0,False,True,Missing alt text
asset:wp-11466,https://www.klkoleo.com/wp-content/uploads/2025/09/English-PALMESTER-3976-PETS-The-Green-Lubricant-that-Meets-Your-Lubrication-Needs-Leaflet-APR2025.pdf,application/pdf,,,English-PALMESTER 3976 PETS The Green Lubricant that Meets Your Lubrication Needs (Leaflet)-APR2025,,English-PALMESTER 3976 PETS The Green Lubricant that Meets Your Lubrication Needs (Leaflet)-APR2025,download,unassigned_library_asset,[],0,False,True,Missing alt text
asset:wp-11463,https://www.klkoleo.com/wp-content/uploads/2025/09/English-PALMERE-Fractionated-ME-Application-Guide-Leaflet-JUL2025.pdf,application/pdf,,,English-PALMERE Fractionated ME Application Guide (Leaflet)-JUL2025,,English-PALMERE Fractionated ME Application Guide (Leaflet)-JUL2025,download,unassigned_library_asset,[],0,False,True,Missing alt text
asset:wp-11460,https://www.klkoleo.com/wp-content/uploads/2025/09/English-PALMERA-Stearic-Acid-To-Meet-Your-Lubrication-Needs-Leaflet-JUL2025.pdf,application/pdf,,,English-PALMERA Stearic Acid To Meet Your Lubrication Needs (Leaflet)-JUL2025,,English-PALMERA Stearic Acid To Meet Your Lubrication Needs (Leaflet)-JUL2025,download,unassigned_library_asset,[],0,False,True,Missing alt text
asset:wp-11457,https://www.klkoleo.com/wp-content/uploads/2025/09/2025-PALMERGY-Biodiesel-Leaflet.pdf,application/pdf,,,2025-PALMERGY Biodiesel-Leaflet,,2025-PALMERGY Biodiesel-Leaflet,download,unassigned_library_asset,[],0,False,True,Missing alt text
asset:wp-11454,https://www.klkoleo.com/wp-content/uploads/2025/09/2025-09-04-English-Phase-Change-Material-Leaflet-FA.pdf,application/pdf,,,2025-09-04-English-Phase Change Material (Leaflet)-FA,,2025-09-04-English-Phase Change Material (Leaflet)-FA,download,unassigned_library_asset,[],0,False,True,Missing alt text
asset:wp-11450,https://www.klkoleo.com/wp-content/uploads/2025/09/MCT-Unique-Benefits-All.png,image/png,2084,752,MCT Unique Benefits All,MCT Unique Benefits All,MCT Unique Benefits All,banner_candidate,unassigned_library_asset,[],13,False,False,
asset:wp-11446,https://www.klkoleo.com/wp-content/uploads/2025/09/Unique-Benefits-All.png,image/png,2084,752,Unique Benefits All,Unique Benefits All,Unique Benefits All,banner_candidate,unassigned_library_asset,[],13,False,False,
asset:wp-11437,https://www.klkoleo.com/wp-content/uploads/2025/09/Energy-Bar.png,image/png,941,450,Energy Bar,Energy Bar,Energy Bar,banner_candidate,unassigned_library_asset,[],10,False,False,
asset:wp-11430,https://www.klkoleo.com/wp-content/uploads/2025/09/Unique-Benefits.png,image/png,2084,2084,Unique Benefits,Unique Benefits,Unique Benefits,card_or_thumbnail,unassigned_library_asset,[],13,False,False,
asset:wp-11410,https://www.klkoleo.com/wp-content/uploads/2025/09/PALMESTER-MCT-Banner-scaled.png,image/png,2560,333,PALMESTER MCT Banner,PALMESTER MCT Banner,PALMESTER MCT Banner,banner_candidate,unassigned_library_asset,[],13,False,False,
asset:wp-11407,https://www.klkoleo.com/wp-content/uploads/2025/09/Traceability-KLK-OLEO-20250829.pdf,application/pdf,,,Traceability-KLK-OLEO-20250829,,Traceability-KLK-OLEO-20250829,download,unassigned_library_asset,[],0,False,True,Missing alt text
asset:wp-11354,https://www.klkoleo.com/wp-content/uploads/2025/08/English-KLK-OLEO-Green-Solutions-for-Plastic-Industries.pdf,application/pdf,,,English-KLK OLEO-Green Solutions for Plastic Industries,,English-KLK OLEO-Green Solutions for Plastic Industries,download,unassigned_library_asset,[],0,False,True,Missing alt text
asset:wp-11316,https://www.klkoleo.com/wp-content/uploads/2025/08/ChemExpo-India.png,image/png,1920,250,ChemExpo India,ChemExpo India,ChemExpo India,banner_candidate,unassigned_library_asset,[],12,False,False,
asset:wp-11294,https://www.klkoleo.com/wp-content/uploads/2025/08/POR.png,image/png,1920,250,POR,POR,POR,banner_candidate,unassigned_library_asset,[],12,False,False,
asset:wp-11286,https://www.klkoleo.com/wp-content/uploads/2025/08/POK.png,image/png,1920,250,POK,POK,POK,banner_candidate,unassigned_library_asset,[],12,False,False,
asset:wp-11279,https://www.klkoleo.com/wp-content/uploads/2025/08/KLKBE.png,image/png,1920,250,KLKBE,KLKBE,KLKBE,banner_candidate,unassigned_library_asset,[],12,False,False,
asset:wp-11274,https://www.klkoleo.com/wp-content/uploads/2025/08/KLK-Dumai.png,image/png,1920,250,KLK Dumai,KLK Dumai,KLK Dumai,banner_candidate,unassigned_library_asset,[],12,False,False,
asset:wp-11269,https://www.klkoleo.com/wp-content/uploads/2025/08/TPOZ.png,image/png,1920,250,TPOZ,TPOZ,TPOZ,banner_candidate,unassigned_library_asset,[],12,False,False,
asset:wp-11265,https://www.klkoleo.com/wp-content/uploads/2025/08/2025-04-KLK-OLEO-Website-Sustainability-Page-Visual-DE-01.png,image/png,6198,3652,2025-04 KLK OLEO Website – Sustainability Page Visual-DE-01,KLK OLEO Website Sustainability Page Visual DE,KLK OLEO Website Sustainability Page Visual DE,editorial_image,unassigned_library_asset,[],13,False,False,
asset:wp-11261,https://www.klkoleo.com/wp-content/uploads/2025/08/DE-Sustainability-Principled-by-Integrity-Chart-01.png,image/png,2975,1753,DE-Sustainability Principled by Integrity-Chart-01,,,editorial_image,unassigned_library_asset,[],13,False,True,Missing alt text
asset:wp-11243,https://www.klkoleo.com/wp-content/uploads/2025/07/KLK-OLEO-PALMESTER-MCT-Brochure-2.pdf,application/pdf,,,KLK OLEO-PALMESTER-MCT-Brochure,,KLK OLEO-PALMESTER-MCT-Brochure,download,unassigned_library_asset,[],0,False,True,Missing alt text
asset:wp-11230,https://www.klkoleo.com/wp-content/uploads/2025/07/KLK-OLEO-PALMESTER-MCT-Brochure-FN-S.pdf,application/pdf,,,KLK OLEO-PALMESTER MCT-Brochure-F&N-S,,KLK OLEO-PALMESTER MCT-Brochure-F&N-S,download,unassigned_library_asset,[],0,False,True,Missing alt text
asset:wp-11226,https://www.klkoleo.com/wp-content/uploads/2025/07/2023-PT-PSS-R4-11.png,image/png,190,190,2023 PT PSS R4,2023 PT PSS R4,2023 PT PSS R4,card_or_thumbnail,linked_to_in_scope_content,"[""page:https-www-klkoleo-com-timeline-post-2023-5"",""page:https-www-klkoleo-com-timeline-post-2023-6""]",4,False,False,
asset:wp-11172,https://www.klkoleo.com/wp-content/uploads/2025/07/Page-Banner2.png,image/png,1920,250,KLK OLEO Top Banner,KLK OLEO Top Banner,KLK OLEO Top Banner,banner_candidate,unassigned_library_asset,[],12,False,False,
asset:wp-11163,https://www.klkoleo.com/wp-content/uploads/2025/07/News-Events-9.png,image/png,1920,250,KLK OLEO News & Events,KLK OLEO News & Events,KLK OLEO News & Events,banner_candidate,unassigned_library_asset,[],12,False,False,
asset:wp-11159,https://www.klkoleo.com/wp-content/uploads/2025/07/About-Us-4.png,image/png,1920,250,KLK OLEO MKLK Top Banner,KLK OLEO MKLK Top Banner,KLK OLEO MKLK Top Banner,banner_candidate,unassigned_library_asset,[],12,False,False,
asset:wp-11156,https://www.klkoleo.com/wp-content/uploads/2025/07/News-Events-7.png,image/png,1920,250,KLK OLEO Top Banner,KLK OLEO Top Banner,KLK OLEO Top Banner,banner_candidate,unassigned_library_asset,[],12,False,False,
asset:wp-11153,https://www.klkoleo.com/wp-content/uploads/2025/07/PT-PSS-Top-Banner.png,image/png,1920,250,PT PSS Top Banner,PT PSS Top Banner,PT PSS Top Banner,banner_candidate,unassigned_library_asset,[],12,False,False,
asset:wp-11150,https://www.klkoleo.com/wp-content/uploads/2025/07/Top-Banner.png,image/png,1920,250,Stolthaven (Westport) Top Banner,Stolthaven (Westport) Top Banner,Stolthaven (Westport) Top Banner,banner_candidate,unassigned_library_asset,[],12,False,False,
asset:wp-11142,https://www.klkoleo.com/wp-content/uploads/2025/07/Aerial-top-T1.jpg,image/jpeg,1276,718,Stolthaven (Westport) Sdn Bhd,Stolthaven (Westport) Sdn Bhd,Stolthaven (Westport) Sdn Bhd,editorial_image,linked_to_in_scope_content,"[""page:https-www-klkoleo-com-stolthavenwestport""]",11,False,False,
asset:wp-11136,https://www.klkoleo.com/wp-content/uploads/2025/07/DJI_20250204101434_0965_D-2-scaled.jpg,image/jpeg,2560,1440,PT Perindustrian Sawit Synergi,PT Perindustrian Sawit Synergi,PT Perindustrian Sawit Synergi,editorial_image,linked_to_in_scope_content,"[""page:https-www-klkoleo-com-ptperindustriansawitsynergi""]",13,False,False,
asset:wp-11130,https://www.klkoleo.com/wp-content/uploads/2025/07/KLKOI.png,image/png,1080,608,KLKOI,KLKOI,KLKOI,editorial_image,linked_to_in_scope_content,"[""page:https-www-klkoleo-com-klkoleo-india""]",11,False,False,
asset:wp-11126,https://www.klkoleo.com/wp-content/uploads/2025/07/KLKOI.jpg,image/jpeg,608,608,KLKOI,KLKOI,KLKOI,card_or_thumbnail,unassigned_library_asset,[],9,False,False,
asset:wp-11114,https://www.klkoleo.com/wp-content/uploads/2025/07/PALMESTER-MCT.png,image/png,1920,250,PALMESTER MCT,PALMESTER MCT,PALMESTER MCT,banner_candidate,unassigned_library_asset,[],12,False,False,
asset:wp-11093,https://www.klkoleo.com/wp-content/uploads/2025/07/CN-Sustainability-Principled-by-Integrity-Chart-01.png,image/png,2975,1753,CN Sustainability Principled by Integrity Chart,CN Sustainability Principled by Integrity Chart,CN Sustainability Principled by Integrity Chart,editorial_image,unassigned_library_asset,[],13,False,False,
asset:wp-11090,https://www.klkoleo.com/wp-content/uploads/2025/07/2025-04-KLK-OLEO-Website-Sustainability-Page-Visual-CN-01.png,image/png,6198,3652,CN Sustainability Geospatial Monitoring Chart,CN Sustainability Geospatial Monitoring Chart,CN Sustainability Geospatial Monitoring Chart,editorial_image,unassigned_library_asset,[],13,False,False,
asset:wp-11085,https://www.klkoleo.com/wp-content/uploads/2025/07/Yayasan-KLK-2025.png,image/png,4000,1657,Yayasan KLK 2025,Yayasan KLK 2025,Yayasan KLK 2025,banner_candidate,unassigned_library_asset,[],13,False,False,
asset:wp-11060,https://www.klkoleo.com/wp-content/uploads/2025/06/2025-06-KLK-OLEO-Exhibition-eBanner-2025-01.png,image/png,1792,355,2025 06 KLK OLEO Exhibition eBanner 2025,2025 06 KLK OLEO Exhibition eBanner 2025,2025 06 KLK OLEO Exhibition eBanner 2025,banner_candidate,unassigned_library_asset,[],0,False,False,
asset:wp-11054,https://www.klkoleo.com/wp-content/uploads/2025/06/Basic-Oleo-11.png,image/png,200,142,Basic Oleo Brochure,Basic Oleo Brochure,Basic Oleo Brochure,editorial_image,unassigned_library_asset,[],0,False,False,
asset:wp-11050,https://www.klkoleo.com/wp-content/uploads/2025/04/World-Tobacco-Middle-East-1.png,image/png,154,94,World Tobacco Middle East,World Tobacco Middle East,World Tobacco Middle East,editorial_image,linked_to_in_scope_content,"[""page:https-www-klkoleo-com-world-tobacco-middle-east""]",0,False,False,
asset:wp-11046,https://www.klkoleo.com/wp-content/uploads/2025/06/Making-Cosmetics.png,image/png,154,94,Making Cosmetics,Making Cosmetics,Making Cosmetics,editorial_image,linked_to_in_scope_content,"[""page:https-www-klkoleo-com-events"",""page:https-www-klkoleo-com-making-cosmetics"",""page:https-www-klkoleo-com-making-cosmetics-2""]",0,False,False,
asset:wp-11005,https://www.klkoleo.com/wp-content/uploads/2025/06/English-KLK-OLEO-PALMFONATE-MES-A-Living-Innovation-01.jpg,image/jpeg,1754,1241,English KLK OLEO PALMFONATE MES A Living Innovation 01,English KLK OLEO PALMFONATE MES A Living Innovation 01,English KLK OLEO PALMFONATE MES A Living Innovation 01,editorial_image,unassigned_library_asset,[],0,False,False,
asset:wp-11002,https://www.klkoleo.com/wp-content/uploads/2025/06/English-KLK-OLEO-PALMFONATE-MES-A-Living-Innovation-03.jpg,image/jpeg,1754,1241,English KLK OLEO PALMFONATE MES A Living Innovation 03,English KLK OLEO PALMFONATE MES A Living Innovation 03,English KLK OLEO PALMFONATE MES A Living Innovation 03,editorial_image,unassigned_library_asset,[],0,False,False,
asset:wp-10999,https://www.klkoleo.com/wp-content/uploads/2025/06/English-KLK-OLEO-PALMFONATE-MES-A-Living-Innovation-02.jpg,image/jpeg,1754,1241,English KLK OLEO PALMFONATE MES A Living Innovation 02,English KLK OLEO PALMFONATE MES A Living Innovation 02,English KLK OLEO PALMFONATE MES A Living Innovation 02,editorial_image,unassigned_library_asset,[],0,False,False,
asset:wp-10996,https://www.klkoleo.com/wp-content/uploads/2025/06/English-KLK-OLEO-TENSOPOL-SLS.pdf,application/pdf,,,English-KLK OLEO-TENSOPOL SLS,,English-KLK OLEO-TENSOPOL SLS,download,unassigned_library_asset,[],0,False,True,Missing alt text
asset:wp-10993,https://www.klkoleo.com/wp-content/uploads/2025/06/English-KLK-OLEO-TENSAGEX-SLES.pdf,application/pdf,,,English-KLK OLEO-TENSAGEX SLES,,English-KLK OLEO-TENSAGEX SLES,download,unassigned_library_asset,[],0,False,True,Missing alt text
asset:wp-10990,https://www.klkoleo.com/wp-content/uploads/2025/06/English-KLK-OLEO-PALMFONATE-MES-A-Living-Innovation-08.png,image/png,1754,1241,English KLK OLEO PALMFONATE MES A Living Innovation 08,English KLK OLEO PALMFONATE MES A Living Innovation 08,English KLK OLEO PALMFONATE MES A Living Innovation 08,editorial_image,unassigned_library_asset,[],0,False,False,
asset:wp-10987,https://www.klkoleo.com/wp-content/uploads/2025/06/English-KLK-OLEO-PALMFONATE-MES-A-Living-Innovation-07.png,image/png,1754,1241,English KLK OLEO PALMFONATE MES A Living Innovation 07,English KLK OLEO PALMFONATE MES A Living Innovation 07,English KLK OLEO PALMFONATE MES A Living Innovation 07,editorial_image,unassigned_library_asset,[],0,False,False,
asset:wp-10984,https://www.klkoleo.com/wp-content/uploads/2025/06/English-KLK-OLEO-PALMFONATE-MES-A-Living-Innovation-06.png,image/png,1754,1241,English KLK OLEO PALMFONATE MES A Living Innovation 06,English KLK OLEO PALMFONATE MES A Living Innovation 06,English KLK OLEO PALMFONATE MES A Living Innovation 06,editorial_image,unassigned_library_asset,[],0,False,False,
asset:wp-10948,https://www.klkoleo.com/wp-content/uploads/2025/06/KLK-Sustainability-Policy-EN.pdf,application/pdf,,,KLK Sustainability Policy EN,,KLK Sustainability Policy EN,download,unassigned_library_asset,[],0,False,True,Missing alt text
asset:wp-10935,https://www.klkoleo.com/wp-content/uploads/2025/06/KLK-Tensachem-Page-Banner.png,image/png,1920,250,KLK Tensachem Page Banner,KLK Tensachem Page Banner,KLK Tensachem Page Banner,banner_candidate,unassigned_library_asset,[],0,False,False,
asset:wp-10932,https://www.klkoleo.com/wp-content/uploads/2025/05/English-KLK-OLEO-PALMOSALT-Soap-Noodles.pdf,application/pdf,,,English-KLK OLEO-PALMOSALT Soap Noodles,,English-KLK OLEO-PALMOSALT Soap Noodles,download,unassigned_library_asset,[],0,False,True,Missing alt text
asset:wp-10929,https://www.klkoleo.com/wp-content/uploads/2025/05/English-KLK-OLEO-PALMESTER-1900.pdf,application/pdf,,,English-KLK OLEO-PALMESTER 1900,,English-KLK OLEO-PALMESTER 1900,download,unassigned_library_asset,[],0,False,True,Missing alt text
asset:wp-10926,https://www.klkoleo.com/wp-content/uploads/2025/05/English-KLK-OLEO-PALMESTER-1910.pdf,application/pdf,,,English-KLK OLEO-PALMESTER 1910,,English-KLK OLEO-PALMESTER 1910,download,unassigned_library_asset,[],0,False,True,Missing alt text
asset:wp-10923,https://www.klkoleo.com/wp-content/uploads/2025/05/English-KLK-OLEO-PALMESTER-Wax-Esters.pdf,application/pdf,,,English-KLK OLEO-PALMESTER Wax Esters,,English-KLK OLEO-PALMESTER Wax Esters,download,unassigned_library_asset,[],0,False,True,Missing alt text
asset:wp-10920,https://www.klkoleo.com/wp-content/uploads/2025/05/English-KLK-OLEO-SYMPARE-Sense-5520.pdf,application/pdf,,,English-KLK OLEO-SYMPARE Sense 5520,,English-KLK OLEO-SYMPARE Sense 5520,download,unassigned_library_asset,[],0,False,True,Missing alt text
asset:wp-10917,https://www.klkoleo.com/wp-content/uploads/2025/05/English-KLK-OLEO-DAVOSLIFE-E3-Tocotrienols.pdf,application/pdf,,,English-KLK OLEO-DAVOSLIFE E3 Tocotrienols,,English-KLK OLEO-DAVOSLIFE E3 Tocotrienols,download,unassigned_library_asset,[],0,False,True,Missing alt text
asset:wp-10914,https://www.klkoleo.com/wp-content/uploads/2025/05/English-KLK-OLEO-Davos-DavosLife-FACT-Yvette-Testimonial.pdf,application/pdf,,,English-KLK OLEO-Davos-DavosLife FACT +Yvette Testimonial,,English-KLK OLEO-Davos-DavosLife FACT +Yvette Testimonial,download,unassigned_library_asset,[],0,False,True,Missing alt text
asset:wp-10911,https://www.klkoleo.com/wp-content/uploads/2025/05/English-KLK-OLEO-PALMESTER-4001.pdf,application/pdf,,,English-KLK OLEO-PALMESTER 4001,,English-KLK OLEO-PALMESTER 4001,download,unassigned_library_asset,[],0,False,True,Missing alt text
asset:wp-10908,https://www.klkoleo.com/wp-content/uploads/2025/05/English-KLK-OLEO-PALMESTER-5305.pdf,application/pdf,,,English-KLK OLEO-PALMESTER 5305,,English-KLK OLEO-PALMESTER 5305,download,unassigned_library_asset,[],0,False,True,Missing alt text
asset:wp-10905,https://www.klkoleo.com/wp-content/uploads/2025/05/English-KLK-OLEO-PALMOCOL-Alkanolamides.pdf,application/pdf,,,English-KLK OLEO-PALMOCOL Alkanolamides,,English-KLK OLEO-PALMOCOL Alkanolamides,download,unassigned_library_asset,[],0,False,True,Missing alt text
asset:wp-10902,https://www.klkoleo.com/wp-content/uploads/2025/05/English-KLK-OLEO-SYMPARE-CCC-PE-B-Leaflet.pdf,application/pdf,,,English-KLK OLEO-SYMPARE CCC PE-B-Leaflet,,English-KLK OLEO-SYMPARE CCC PE-B-Leaflet,download,unassigned_library_asset,[],0,False,True,Missing alt text
asset:wp-10899,https://www.klkoleo.com/wp-content/uploads/2025/05/English-KLK-OLEO-SYMPARE-MES-Leaflet.pdf,application/pdf,,,English-KLK OLEO-SYMPARE MES-Leaflet,,English-KLK OLEO-SYMPARE MES-Leaflet,download,unassigned_library_asset,[],0,False,True,Missing alt text
asset:wp-10896,https://www.klkoleo.com/wp-content/uploads/2025/05/English-KLK-OLEO-Davos-Tocotrienols-and-Skin-Health.pdf,application/pdf,,,English-KLK OLEO-Davos-Tocotrienols and Skin Health,,English-KLK OLEO-Davos-Tocotrienols and Skin Health,download,unassigned_library_asset,[],0,False,True,Missing alt text
asset:wp-10893,https://www.klkoleo.com/wp-content/uploads/2025/05/English-KLK-OLEO-Emollient-Ester-Guide.pdf,application/pdf,,,English-KLK OLEO-Emollient Ester Guide,,English-KLK OLEO-Emollient Ester Guide,download,unassigned_library_asset,[],0,False,True,Missing alt text
asset:wp-10888,https://www.klkoleo.com/wp-content/uploads/2025/05/English-KLK-OLEO-PALMESTER-Emollient-NYSCC.pdf,application/pdf,,,English-KLK OLEO-PALMESTER Emollient-NYSCC,,English-KLK OLEO-PALMESTER Emollient-NYSCC,download,unassigned_library_asset,[],0,False,True,Missing alt text
asset:wp-10885,https://www.klkoleo.com/wp-content/uploads/2025/05/English-KLK-OLEO-SYMPARE-CCC-NYSCC.pdf,application/pdf,,,English-KLK OLEO-SYMPARE CCC-NYSCC,,English-KLK OLEO-SYMPARE CCC-NYSCC,download,unassigned_library_asset,[],0,False,True,Missing alt text
asset:wp-10785,https://www.klkoleo.com/wp-content/uploads/2025/05/Japanese-KLK-OLEO-SYMPARE-MES_Brochure.pdf,application/pdf,,,Japanese-KLK OLEO-SYMPARE MES_Brochure,,Japanese-KLK OLEO-SYMPARE MES_Brochure,download,unassigned_library_asset,[],0,False,True,Missing alt text
asset:wp-10759,https://www.klkoleo.com/wp-content/uploads/2025/05/2025-04-KLK-OLEO-Website-Sustainability-Page-Visual-R1.png,image/png,6198,3652,2025 04 KLK OLEO Website Sustainability Page Visual R1,2025 04 KLK OLEO Website Sustainability Page Visual R1,2025 04 KLK OLEO Website Sustainability Page Visual R1,editorial_image,linked_to_in_scope_content,"[""page:https-www-klkoleo-com-supply-chain-management"",""page:https-www-klkoleo-com-sustainability-principled-by-integrity""]",0,False,False,
asset:wp-10748,https://www.klkoleo.com/wp-content/uploads/2025/05/Eng-Jap-KLK-OLEO-SYMPARE-CCC-CITE.pdf,application/pdf,,,Eng-Jap-KLK OLEO-SYMPARE CCC-CITE,,Eng-Jap-KLK OLEO-SYMPARE CCC-CITE,download,unassigned_library_asset,[],0,False,True,Missing alt text
asset:wp-10733,https://www.klkoleo.com/wp-content/uploads/2025/05/English-Japanese-KLK-OLEO-SYMPARE-MES-CITE.pdf,application/pdf,,,English-Japanese-KLK OLEO-SYMPARE MES-CITE,,English-Japanese-KLK OLEO-SYMPARE MES-CITE,download,unassigned_library_asset,[],0,False,True,Missing alt text
asset:wp-10729,https://www.klkoleo.com/wp-content/uploads/2025/05/Tailored-Solution-08.jpg,image/jpeg,1754,1241,Tailored Solution 08,Tailored Solution 08,Tailored Solution 08,editorial_image,unassigned_library_asset,[],0,False,False,
asset:wp-10726,https://www.klkoleo.com/wp-content/uploads/2025/05/Tailored-Solution-07.jpg,image/jpeg,1754,1241,Tailored Solution 07,Tailored Solution 07,Tailored Solution 07,editorial_image,unassigned_library_asset,[],0,False,False,
asset:wp-10723,https://www.klkoleo.com/wp-content/uploads/2025/05/Tailored-Solution-06.jpg,image/jpeg,1754,1241,Tailored Solution 06,Tailored Solution 06,Tailored Solution 06,editorial_image,unassigned_library_asset,[],0,False,False,
asset:wp-10720,https://www.klkoleo.com/wp-content/uploads/2025/05/Tailored-Solution-05.jpg,image/jpeg,1754,1241,Tailored Solution 05,Tailored Solution 05,Tailored Solution 05,editorial_image,unassigned_library_asset,[],0,False,False,
asset:wp-10717,https://www.klkoleo.com/wp-content/uploads/2025/05/Tailored-Solution-04.jpg,image/jpeg,1754,1241,Tailored Solution 04,Tailored Solution 04,Tailored Solution 04,editorial_image,unassigned_library_asset,[],0,False,False,
asset:wp-10714,https://www.klkoleo.com/wp-content/uploads/2025/05/Tailored-Solution-03.jpg,image/jpeg,1754,1241,Tailored Solution 03,Tailored Solution 03,Tailored Solution 03,editorial_image,unassigned_library_asset,[],0,False,False,
asset:wp-10711,https://www.klkoleo.com/wp-content/uploads/2025/05/Tailored-Solution-02.jpg,image/jpeg,1754,1241,Tailored Solution 02,Tailored Solution 02,Tailored Solution 02,editorial_image,unassigned_library_asset,[],0,False,False,
asset:wp-10708,https://www.klkoleo.com/wp-content/uploads/2025/05/Tailored-Solution-01.jpg,image/jpeg,1754,1241,Tailored Solution 01,Tailored Solution 01,Tailored Solution 01,editorial_image,unassigned_library_asset,[],0,False,False,
asset:wp-10705,https://www.klkoleo.com/wp-content/uploads/2025/05/Tailored-Solution-34.jpg,image/jpeg,1754,1241,Tailored Solution 34,Tailored Solution 34,Tailored Solution 34,editorial_image,unassigned_library_asset,[],0,False,False,
asset:wp-10702,https://www.klkoleo.com/wp-content/uploads/2025/05/Tailored-Solution-33.jpg,image/jpeg,1754,1241,Tailored Solution 33,Tailored Solution 33,Tailored Solution 33,editorial_image,unassigned_library_asset,[],0,False,False,
asset:wp-10699,https://www.klkoleo.com/wp-content/uploads/2025/05/Tailored-Solution-32.jpg,image/jpeg,1754,1241,Tailored Solution 32,Tailored Solution 32,Tailored Solution 32,editorial_image,unassigned_library_asset,[],0,False,False,
asset:wp-10696,https://www.klkoleo.com/wp-content/uploads/2025/05/Tailored-Solution-31.jpg,image/jpeg,1754,1241,Tailored Solution 31,Tailored Solution 31,Tailored Solution 31,editorial_image,unassigned_library_asset,[],0,False,False,
asset:wp-10693,https://www.klkoleo.com/wp-content/uploads/2025/05/Tailored-Solution-30.jpg,image/jpeg,1754,1241,Tailored Solution 30,Tailored Solution 30,Tailored Solution 30,editorial_image,unassigned_library_asset,[],0,False,False,
asset:wp-10690,https://www.klkoleo.com/wp-content/uploads/2025/05/Tailored-Solution-29.jpg,image/jpeg,1754,1241,Tailored Solution 29,Tailored Solution 29,Tailored Solution 29,editorial_image,unassigned_library_asset,[],0,False,False,
asset:wp-10687,https://www.klkoleo.com/wp-content/uploads/2025/05/Tailored-Solution-28.jpg,image/jpeg,1754,1241,Tailored Solution 28,Tailored Solution 28,Tailored Solution 28,editorial_image,unassigned_library_asset,[],0,False,False,
asset:wp-10684,https://www.klkoleo.com/wp-content/uploads/2025/05/Tailored-Solution-27.jpg,image/jpeg,1754,1241,Tailored Solution 27,Tailored Solution 27,Tailored Solution 27,editorial_image,unassigned_library_asset,[],0,False,False,
asset:wp-10681,https://www.klkoleo.com/wp-content/uploads/2025/05/Tailored-Solution-26.jpg,image/jpeg,1754,1241,Tailored Solution 26,Tailored Solution 26,Tailored Solution 26,editorial_image,unassigned_library_asset,[],0,False,False,
asset:wp-10678,https://www.klkoleo.com/wp-content/uploads/2025/05/Tailored-Solution-25.jpg,image/jpeg,1754,1241,Tailored Solution 25,Tailored Solution 25,Tailored Solution 25,editorial_image,unassigned_library_asset,[],0,False,False,
asset:wp-10675,https://www.klkoleo.com/wp-content/uploads/2025/05/Tailored-Solution-24.jpg,image/jpeg,1754,1241,Tailored Solution 24,Tailored Solution 24,Tailored Solution 24,editorial_image,unassigned_library_asset,[],0,False,False,
asset:wp-10672,https://www.klkoleo.com/wp-content/uploads/2025/05/Tailored-Solution-23.jpg,image/jpeg,1754,1241,Tailored Solution 23,Tailored Solution 23,Tailored Solution 23,editorial_image,unassigned_library_asset,[],0,False,False,
asset:wp-10669,https://www.klkoleo.com/wp-content/uploads/2025/05/Tailored-Solution-22.jpg,image/jpeg,1754,1241,Tailored Solution 22,Tailored Solution 22,Tailored Solution 22,editorial_image,unassigned_library_asset,[],0,False,False,
asset:wp-10666,https://www.klkoleo.com/wp-content/uploads/2025/05/Tailored-Solution-21.jpg,image/jpeg,1754,1241,Tailored Solution 21,Tailored Solution 21,Tailored Solution 21,editorial_image,unassigned_library_asset,[],0,False,False,
asset:wp-10663,https://www.klkoleo.com/wp-content/uploads/2025/05/Tailored-Solution-20.jpg,image/jpeg,1754,1241,Tailored Solution 20,Tailored Solution 20,Tailored Solution 20,editorial_image,unassigned_library_asset,[],0,False,False,
asset:wp-10660,https://www.klkoleo.com/wp-content/uploads/2025/05/Tailored-Solution-19.jpg,image/jpeg,1754,1241,Tailored Solution 19,Tailored Solution 19,Tailored Solution 19,editorial_image,unassigned_library_asset,[],0,False,False,
asset:wp-10657,https://www.klkoleo.com/wp-content/uploads/2025/05/Tailored-Solution-18.jpg,image/jpeg,1754,1241,Tailored Solution 18,Tailored Solution 18,Tailored Solution 18,editorial_image,unassigned_library_asset,[],0,False,False,
asset:wp-10654,https://www.klkoleo.com/wp-content/uploads/2025/05/Tailored-Solution-17.jpg,image/jpeg,1754,1241,Tailored Solution 17,Tailored Solution 17,Tailored Solution 17,editorial_image,unassigned_library_asset,[],0,False,False,
asset:wp-10651,https://www.klkoleo.com/wp-content/uploads/2025/05/Tailored-Solution-16.jpg,image/jpeg,1754,1241,Tailored Solution 16,Tailored Solution 16,Tailored Solution 16,editorial_image,unassigned_library_asset,[],0,False,False,
asset:wp-10648,https://www.klkoleo.com/wp-content/uploads/2025/05/Tailored-Solution-15.jpg,image/jpeg,1754,1241,Tailored Solution 15,Tailored Solution 15,Tailored Solution 15,editorial_image,unassigned_library_asset,[],0,False,False,
asset:wp-10645,https://www.klkoleo.com/wp-content/uploads/2025/05/Tailored-Solution-14.jpg,image/jpeg,1754,1241,Tailored Solution 14,Tailored Solution 14,Tailored Solution 14,editorial_image,unassigned_library_asset,[],0,False,False,
asset:wp-10642,https://www.klkoleo.com/wp-content/uploads/2025/05/Tailored-Solution-13.jpg,image/jpeg,1754,1241,Tailored Solution 13,Tailored Solution 13,Tailored Solution 13,editorial_image,unassigned_library_asset,[],0,False,False,
asset:wp-10639,https://www.klkoleo.com/wp-content/uploads/2025/05/Tailored-Solution-12.jpg,image/jpeg,1754,1241,Tailored Solution 12,Tailored Solution 12,Tailored Solution 12,editorial_image,unassigned_library_asset,[],0,False,False,
asset:wp-10636,https://www.klkoleo.com/wp-content/uploads/2025/05/Tailored-Solution-11.jpg,image/jpeg,1754,1241,Tailored Solution 11,Tailored Solution 11,Tailored Solution 11,editorial_image,unassigned_library_asset,[],0,False,False,
asset:wp-10633,https://www.klkoleo.com/wp-content/uploads/2025/05/Tailored-Solution-10.jpg,image/jpeg,1754,1241,Tailored Solution 10,Tailored Solution 10,Tailored Solution 10,editorial_image,unassigned_library_asset,[],0,False,False,
asset:wp-10630,https://www.klkoleo.com/wp-content/uploads/2025/05/Tailored-Solution-09.jpg,image/jpeg,1754,1241,Tailored Solution 09,Tailored Solution 09,Tailored Solution 09,editorial_image,unassigned_library_asset,[],0,False,False,
asset:wp-10625,https://www.klkoleo.com/wp-content/uploads/2025/05/Tailored-Solutions-10.jpg,image/jpeg,1754,1241,Tailored Solutions 10,Tailored Solutions 10,Tailored Solutions 10,editorial_image,unassigned_library_asset,[],0,False,False,
asset:wp-10622,https://www.klkoleo.com/wp-content/uploads/2025/05/Tailored-Solutions-09.jpg,image/jpeg,1754,1241,Tailored Solutions 09,Tailored Solutions 09,Tailored Solutions 09,editorial_image,unassigned_library_asset,[],0,False,False,
asset:wp-10619,https://www.klkoleo.com/wp-content/uploads/2025/05/Tailored-Solutions-08.jpg,image/jpeg,1754,1241,Tailored Solutions 08,Tailored Solutions 08,Tailored Solutions 08,editorial_image,unassigned_library_asset,[],0,False,False,
asset:wp-10616,https://www.klkoleo.com/wp-content/uploads/2025/05/Tailored-Solutions-07.jpg,image/jpeg,1754,1241,Tailored Solutions 07,Tailored Solutions 07,Tailored Solutions 07,editorial_image,unassigned_library_asset,[],0,False,False,
asset:wp-10613,https://www.klkoleo.com/wp-content/uploads/2025/05/Tailored-Solutions-06.jpg,image/jpeg,1754,1241,Tailored Solutions 06,Tailored Solutions 06,Tailored Solutions 06,editorial_image,unassigned_library_asset,[],0,False,False,
asset:wp-10610,https://www.klkoleo.com/wp-content/uploads/2025/05/Tailored-Solutions-05.jpg,image/jpeg,1754,1241,Tailored Solutions 05,Tailored Solutions 05,Tailored Solutions 05,editorial_image,unassigned_library_asset,[],0,False,False,
asset:wp-10607,https://www.klkoleo.com/wp-content/uploads/2025/05/Tailored-Solutions-04.jpg,image/jpeg,1754,1241,Tailored Solutions 04,Tailored Solutions 04,Tailored Solutions 04,editorial_image,unassigned_library_asset,[],0,False,False,
asset:wp-10604,https://www.klkoleo.com/wp-content/uploads/2025/05/Tailored-Solutions-03.jpg,image/jpeg,1754,1241,Tailored Solutions 03,Tailored Solutions 03,Tailored Solutions 03,editorial_image,unassigned_library_asset,[],0,False,False,
asset:wp-10601,https://www.klkoleo.com/wp-content/uploads/2025/05/Tailored-Solutions-02.jpg,image/jpeg,1754,1241,Tailored Solutions 02,Tailored Solutions 02,Tailored Solutions 02,editorial_image,unassigned_library_asset,[],0,False,False,
asset:wp-10598,https://www.klkoleo.com/wp-content/uploads/2025/05/Tailored-Solutions-01.jpg,image/jpeg,1754,1241,Tailored Solutions 01,Tailored Solutions 01,Tailored Solutions 01,editorial_image,unassigned_library_asset,[],0,False,False,
asset:wp-10595,https://www.klkoleo.com/wp-content/uploads/2025/05/Tailored-Solutions-35.jpg,image/jpeg,1754,1241,Tailored Solutions 35,Tailored Solutions 35,Tailored Solutions 35,editorial_image,unassigned_library_asset,[],0,False,False,
asset:wp-10592,https://www.klkoleo.com/wp-content/uploads/2025/05/Tailored-Solutions-34.jpg,image/jpeg,1754,1241,Tailored Solutions 34,Tailored Solutions 34,Tailored Solutions 34,editorial_image,unassigned_library_asset,[],0,False,False,
asset:wp-10589,https://www.klkoleo.com/wp-content/uploads/2025/05/Tailored-Solutions-33.jpg,image/jpeg,1754,1241,Tailored Solutions 33,Tailored Solutions 33,Tailored Solutions 33,editorial_image,unassigned_library_asset,[],0,False,False,
asset:wp-10586,https://www.klkoleo.com/wp-content/uploads/2025/05/Tailored-Solutions-32.jpg,image/jpeg,1754,1241,Tailored Solutions 32,Tailored Solutions 32,Tailored Solutions 32,editorial_image,unassigned_library_asset,[],0,False,False,
asset:wp-10583,https://www.klkoleo.com/wp-content/uploads/2025/05/Tailored-Solutions-31.jpg,image/jpeg,1754,1241,Tailored Solutions 31,Tailored Solutions 31,Tailored Solutions 31,editorial_image,unassigned_library_asset,[],0,False,False,
asset:wp-10580,https://www.klkoleo.com/wp-content/uploads/2025/05/Tailored-Solutions-30.jpg,image/jpeg,1754,1241,Tailored Solutions 30,Tailored Solutions 30,Tailored Solutions 30,editorial_image,unassigned_library_asset,[],0,False,False,
asset:wp-10577,https://www.klkoleo.com/wp-content/uploads/2025/05/Tailored-Solutions-29.jpg,image/jpeg,1754,1241,Tailored Solutions 29,Tailored Solutions 29,Tailored Solutions 29,editorial_image,unassigned_library_asset,[],0,False,False,
asset:wp-10574,https://www.klkoleo.com/wp-content/uploads/2025/05/Tailored-Solutions-28.jpg,image/jpeg,1754,1241,Tailored Solutions 28,Tailored Solutions 28,Tailored Solutions 28,editorial_image,unassigned_library_asset,[],0,False,False,
asset:wp-10571,https://www.klkoleo.com/wp-content/uploads/2025/05/Tailored-Solutions-27.jpg,image/jpeg,1754,1241,Tailored Solutions 27,Tailored Solutions 27,Tailored Solutions 27,editorial_image,unassigned_library_asset,[],0,False,False,
asset:wp-10568,https://www.klkoleo.com/wp-content/uploads/2025/05/Tailored-Solutions-26.jpg,image/jpeg,1754,1241,Tailored Solutions 26,Tailored Solutions 26,Tailored Solutions 26,editorial_image,unassigned_library_asset,[],0,False,False,
asset:wp-10565,https://www.klkoleo.com/wp-content/uploads/2025/05/Tailored-Solutions-25.jpg,image/jpeg,1754,1241,Tailored Solutions 25,Tailored Solutions 25,Tailored Solutions 25,editorial_image,unassigned_library_asset,[],0,False,False,
asset:wp-10562,https://www.klkoleo.com/wp-content/uploads/2025/05/Tailored-Solutions-24.jpg,image/jpeg,1754,1241,Tailored Solutions 24,Tailored Solutions 24,Tailored Solutions 24,editorial_image,unassigned_library_asset,[],0,False,False,
asset:wp-10559,https://www.klkoleo.com/wp-content/uploads/2025/05/Tailored-Solutions-23.jpg,image/jpeg,1754,1241,Tailored Solutions 23,Tailored Solutions 23,Tailored Solutions 23,editorial_image,unassigned_library_asset,[],0,False,False,
asset:wp-10556,https://www.klkoleo.com/wp-content/uploads/2025/05/Tailored-Solutions-22.jpg,image/jpeg,1754,1241,Tailored Solutions 22,Tailored Solutions 22,Tailored Solutions 22,editorial_image,unassigned_library_asset,[],0,False,False,
asset:wp-10553,https://www.klkoleo.com/wp-content/uploads/2025/05/Tailored-Solutions-21.jpg,image/jpeg,1754,1241,Tailored Solutions 21,Tailored Solutions 21,Tailored Solutions 21,editorial_image,unassigned_library_asset,[],0,False,False,
asset:wp-10550,https://www.klkoleo.com/wp-content/uploads/2025/05/Tailored-Solutions-20.jpg,image/jpeg,1754,1241,Tailored Solutions 20,Tailored Solutions 20,Tailored Solutions 20,editorial_image,unassigned_library_asset,[],0,False,False,
asset:wp-10547,https://www.klkoleo.com/wp-content/uploads/2025/05/Tailored-Solutions-19.jpg,image/jpeg,1754,1241,Tailored Solutions 19,Tailored Solutions 19,Tailored Solutions 19,editorial_image,unassigned_library_asset,[],0,False,False,
asset:wp-10544,https://www.klkoleo.com/wp-content/uploads/2025/05/Tailored-Solutions-18.jpg,image/jpeg,1754,1241,Tailored Solutions 18,Tailored Solutions 18,Tailored Solutions 18,editorial_image,unassigned_library_asset,[],0,False,False,
asset:wp-10541,https://www.klkoleo.com/wp-content/uploads/2025/05/Tailored-Solutions-17.jpg,image/jpeg,1754,1241,Tailored Solutions 17,Tailored Solutions 17,Tailored Solutions 17,editorial_image,unassigned_library_asset,[],0,False,False,
asset:wp-10538,https://www.klkoleo.com/wp-content/uploads/2025/05/Tailored-Solutions-16.jpg,image/jpeg,1754,1241,Tailored Solutions 16,Tailored Solutions 16,Tailored Solutions 16,editorial_image,unassigned_library_asset,[],0,False,False,
asset:wp-10535,https://www.klkoleo.com/wp-content/uploads/2025/05/Tailored-Solutions-15.jpg,image/jpeg,1754,1241,Tailored Solutions 15,Tailored Solutions 15,Tailored Solutions 15,editorial_image,unassigned_library_asset,[],0,False,False,
asset:wp-10532,https://www.klkoleo.com/wp-content/uploads/2025/05/Tailored-Solutions-14.jpg,image/jpeg,1754,1241,Tailored Solutions 14,Tailored Solutions 14,Tailored Solutions 14,editorial_image,unassigned_library_asset,[],0,False,False,
asset:wp-10529,https://www.klkoleo.com/wp-content/uploads/2025/05/Tailored-Solutions-13.jpg,image/jpeg,1754,1241,Tailored Solutions 13,Tailored Solutions 13,Tailored Solutions 13,editorial_image,unassigned_library_asset,[],0,False,False,
asset:wp-10526,https://www.klkoleo.com/wp-content/uploads/2025/05/Tailored-Solutions-12.jpg,image/jpeg,1754,1241,Tailored Solutions 12,Tailored Solutions 12,Tailored Solutions 12,editorial_image,unassigned_library_asset,[],0,False,False,
asset:wp-10523,https://www.klkoleo.com/wp-content/uploads/2025/05/Tailored-Solutions-11.jpg,image/jpeg,1754,1241,Tailored Solutions 11,Tailored Solutions 11,Tailored Solutions 11,editorial_image,unassigned_library_asset,[],0,False,False,
asset:wp-10520,https://www.klkoleo.com/wp-content/uploads/2025/05/Japanese-KLK-OLEO-PALMESTER-5305.pdf,application/pdf,,,Japanese-KLK OLEO-PALMESTER 5305,,Japanese-KLK OLEO-PALMESTER 5305,download,unassigned_library_asset,[],0,False,True,Missing alt text
asset:wp-10517,https://www.klkoleo.com/wp-content/uploads/2025/05/Japanese-KLK-OLEO-PALMESTER-4001.pdf,application/pdf,,,Japanese-KLK OLEO-PALMESTER 4001,,Japanese-KLK OLEO-PALMESTER 4001,download,unassigned_library_asset,[],0,False,True,Missing alt text
asset:wp-10514,https://www.klkoleo.com/wp-content/uploads/2025/05/Japanese-KLK-OLEO-Davos-Tocotrienols-and-Skin-Health.pdf,application/pdf,,,Japanese-KLK OLEO-Davos-Tocotrienols and Skin Health,,Japanese-KLK OLEO-Davos-Tocotrienols and Skin Health,download,unassigned_library_asset,[],0,False,True,Missing alt text
asset:wp-10511,https://www.klkoleo.com/wp-content/uploads/2025/05/Japanese-KLK-OLEO-DavosLife-Ageless-FACT-Serum-Zero-Waste.pdf,application/pdf,,,Japanese-KLK OLEO-DavosLife Ageless FACT Serum-Zero Waste,,Japanese-KLK OLEO-DavosLife Ageless FACT Serum-Zero Waste,download,unassigned_library_asset,[],0,False,True,Missing alt text
asset:wp-10508,https://www.klkoleo.com/wp-content/uploads/2025/05/English-KLK-OLEO-Personal-Care-Ingredients.pdf,application/pdf,,,English-KLK OLEO-Personal-Care-Ingredients,,English-KLK OLEO-Personal-Care-Ingredients,download,unassigned_library_asset,[],0,False,True,Missing alt text
asset:wp-10505,https://www.klkoleo.com/wp-content/uploads/2025/05/Japanese-KLK-OLEO-Personal-Care-Ingredients.pdf,application/pdf,,,Japanese-KLK OLEO-Personal-Care-Ingredients,,Japanese-KLK OLEO-Personal-Care-Ingredients,download,unassigned_library_asset,[],0,False,True,Missing alt text
asset:wp-10502,https://www.klkoleo.com/wp-content/uploads/2025/05/English-KLK-OLEO-SYMPARE-MES_Brochure.pdf,application/pdf,,,English-KLK OLEO-SYMPARE MES_Brochure,,English-KLK OLEO-SYMPARE MES_Brochure,download,unassigned_library_asset,[],0,False,True,Missing alt text
asset:wp-10499,https://www.klkoleo.com/wp-content/uploads/2025/05/English-KLK-OLEO-SYMPARE-CCC_PE-B_Brochure.pdf,application/pdf,,,English-KLK OLEO-SYMPARE CCC_PE-B_Brochure,,English-KLK OLEO-SYMPARE CCC_PE-B_Brochure,download,unassigned_library_asset,[],0,False,True,Missing alt text
asset:wp-10496,https://www.klkoleo.com/wp-content/uploads/2025/05/Japanese-KLK-OLEO-Davos-DavosLife-Revive.pdf,application/pdf,,,Japanese-KLK OLEO-Davos-DavosLife Revive,,Japanese-KLK OLEO-Davos-DavosLife Revive,download,unassigned_library_asset,[],0,False,True,Missing alt text
asset:wp-10493,https://www.klkoleo.com/wp-content/uploads/2025/05/Japanese-KLK-OLEO-Davos-DavosLife-FACT-Yvette-Testimonial.pdf,application/pdf,,,Japanese-KLK OLEO-Davos-DavosLife FACT +Yvette Testimonial,,Japanese-KLK OLEO-Davos-DavosLife FACT +Yvette Testimonial,download,unassigned_library_asset,[],0,False,True,Missing alt text
asset:wp-10490,https://www.klkoleo.com/wp-content/uploads/2025/05/Japanese-KLK-OLEO-Emollient-Ester-Guide.pdf,application/pdf,,,Japanese-KLK OLEO-Emollient Ester Guide,,Japanese-KLK OLEO-Emollient Ester Guide,download,unassigned_library_asset,[],0,False,True,Missing alt text
asset:wp-10487,https://www.klkoleo.com/wp-content/uploads/2025/05/Japanese-KLK-OLEO-PALMESTER-1910.pdf,application/pdf,,,Japanese-KLK OLEO-PALMESTER 1910,,Japanese-KLK OLEO-PALMESTER 1910,download,unassigned_library_asset,[],0,False,True,Missing alt text
asset:wp-10484,https://www.klkoleo.com/wp-content/uploads/2025/05/Japanese-KLK-OLEO-PALMESTER-1900.pdf,application/pdf,,,Japanese-KLK OLEO-PALMESTER 1900,,Japanese-KLK OLEO-PALMESTER 1900,download,unassigned_library_asset,[],0,False,True,Missing alt text
asset:wp-10481,https://www.klkoleo.com/wp-content/uploads/2025/05/Japanese-KLK-OLEO-PALMESTER-Wax-Ester.pdf,application/pdf,,,Japanese-KLK OLEO-PALMESTER Wax Ester,,Japanese-KLK OLEO-PALMESTER Wax Ester,download,unassigned_library_asset,[],0,False,True,Missing alt text
asset:wp-10478,https://www.klkoleo.com/wp-content/uploads/2025/05/Japanese-KLK-OLEO-PALMOSALT-Soap-Noodles.pdf,application/pdf,,,Japanese-KLK OLEO-PALMOSALT Soap Noodles,,Japanese-KLK OLEO-PALMOSALT Soap Noodles,download,unassigned_library_asset,[],0,False,True,Missing alt text
asset:wp-10471,https://www.klkoleo.com/wp-content/uploads/2025/05/2-PALMESTER-Medium-Chain-Triglycerides-Powder-1.pdf,application/pdf,,,2-PALMESTER Medium-Chain Triglycerides Powder,,2-PALMESTER Medium-Chain Triglycerides Powder,download,unassigned_library_asset,[],0,False,True,Missing alt text
asset:wp-10465,https://www.klkoleo.com/wp-content/uploads/2025/05/3-PALMESTER-MCT-Beneficial-for-Weight-Management.pdf,application/pdf,,,3-PALMESTER MCT Beneficial for Weight Management,,3-PALMESTER MCT Beneficial for Weight Management,download,unassigned_library_asset,[],0,False,True,Missing alt text
asset:wp-10459,https://www.klkoleo.com/wp-content/uploads/2025/05/1-PALMESTER-Medium-Chain-Triglycerides-Oil.pdf,application/pdf,,,1-PALMESTER Medium-Chain Triglycerides Oil,,1-PALMESTER Medium-Chain Triglycerides Oil,download,unassigned_library_asset,[],0,False,True,Missing alt text
asset:wp-10456,https://www.klkoleo.com/wp-content/uploads/2025/05/11-PALMESTER-MCT-A-Pharma-Excipient.pdf,application/pdf,,,11-PALMESTER MCT A Pharma Excipient,,11-PALMESTER MCT A Pharma Excipient,download,unassigned_library_asset,[],0,False,True,Missing alt text
asset:wp-10453,https://www.klkoleo.com/wp-content/uploads/2025/05/10-PALMESTER-MCT-A-Functional-Ingredient-for-Personal-Care.pdf,application/pdf,,,10-PALMESTER MCT A Functional Ingredient for Personal Care,,10-PALMESTER MCT A Functional Ingredient for Personal Care,download,unassigned_library_asset,[],0,False,True,Missing alt text
asset:wp-10450,https://www.klkoleo.com/wp-content/uploads/2025/05/9-PALMESTER-MCT-Solution-for-Human-Cognitive-Health.pdf,application/pdf,,,9-PALMESTER MCT Solution for Human Cognitive Health,,9-PALMESTER MCT Solution for Human Cognitive Health,download,unassigned_library_asset,[],0,False,True,Missing alt text
asset:wp-10447,https://www.klkoleo.com/wp-content/uploads/2025/05/8-PALMESTER-MCT-A-Solution-for-Animal-Nutrition.pdf,application/pdf,,,8-PALMESTER MCT A Solution for Animal Nutrition,,8-PALMESTER MCT A Solution for Animal Nutrition,download,unassigned_library_asset,[],0,False,True,Missing alt text
asset:wp-10444,https://www.klkoleo.com/wp-content/uploads/2025/05/7-PALMESTER-MCT-A-Solution-for-Gut-Health.pdf,application/pdf,,,7-PALMESTER MCT A Solution for Gut Health,,7-PALMESTER MCT A Solution for Gut Health,download,unassigned_library_asset,[],0,False,True,Missing alt text
asset:wp-10441,https://www.klkoleo.com/wp-content/uploads/2025/05/6-PALMESTER-MCT-A-Carrier-for-Flavour-Fragrances.pdf,application/pdf,,,6-PALMESTER MCT A Carrier for Flavour & Fragrances,,6-PALMESTER MCT A Carrier for Flavour & Fragrances,download,unassigned_library_asset,[],0,False,True,Missing alt text
asset:wp-10438,https://www.klkoleo.com/wp-content/uploads/2025/05/5-PALMESTER-MCT-A-Highly-Absorbable-Fat-Source-for-Easy-Digestion.pdf,application/pdf,,,5-PALMESTER MCT A Highly Absorbable Fat Source for Easy Digestion,,5-PALMESTER MCT A Highly Absorbable Fat Source for Easy Digestion,download,unassigned_library_asset,[],0,False,True,Missing alt text
asset:wp-10435,https://www.klkoleo.com/wp-content/uploads/2025/05/4-PALMESTER-MCT-An-Energy-Booster-for-Better-Athletic-Performance.pdf,application/pdf,,,4-PALMESTER MCT An Energy Booster for Better Athletic Performance,,4-PALMESTER MCT An Energy Booster for Better Athletic Performance,download,unassigned_library_asset,[],0,False,True,Missing alt text
asset:wp-10409,https://www.klkoleo.com/wp-content/uploads/2025/04/EN-Sustainability-Principled-by-Integrity-Chart-01.png,image/png,2975,1753,EN Sustainability Principled by Integrity Chart,EN Sustainability Principled by Integrity Chart,EN Sustainability Principled by Integrity Chart,editorial_image,linked_to_in_scope_content,"[""page:https-www-klkoleo-com-sustainability-principled-by-integrity""]",0,False,False,
asset:wp-10392,https://www.klkoleo.com/wp-content/uploads/2025/04/2025-03-20-KLK-Tensachem.jpg,image/jpeg,4940,3293,KLK Tensachem,KLK Tensachem,KLK Tensachem,editorial_image,linked_to_in_scope_content,"[""page:https-www-klkoleo-com-klktensachem""]",0,False,False,
asset:wp-10384,https://www.klkoleo.com/wp-content/uploads/2025/04/News-Events-5.png,image/png,1920,250,News & Events 5,News & Events 5,News & Events 5,banner_candidate,unassigned_library_asset,[],0,False,False,
asset:wp-10375,https://www.klkoleo.com/wp-content/uploads/2025/04/Polymer-Water-Repellency-1.png,image/png,30,30,Polymer Water Repellency,Polymer Water Repellency,Polymer Water Repellency,card_or_thumbnail,unassigned_library_asset,[],0,False,False,
asset:wp-10372,https://www.klkoleo.com/wp-content/uploads/2025/04/Polymer-Viscosity-Modifier.png,image/png,30,30,Polymer Viscosity Modifier,Polymer Viscosity Modifier,Polymer Viscosity Modifier,card_or_thumbnail,unassigned_library_asset,[],0,False,False,
asset:wp-10362,https://www.klkoleo.com/wp-content/uploads/2021/11/20250328-2-Traceability-at-KLK-OLEO.pdf,application/pdf,,,20250328-2-Traceability at KLK OLEO,,20250328-2-Traceability at KLK OLEO,download,unassigned_library_asset,[],0,False,True,Missing alt text
asset:wp-10308,https://www.klkoleo.com/wp-content/uploads/2025/04/English-KLKOLEO-Tailored-Solutions-Transformative-Beauty-Brochure.pdf,application/pdf,,,English-KLKOLEO–Tailored Solutions Transformative Beauty-Brochure,,English-KLKOLEO–Tailored Solutions Transformative Beauty-Brochure,download,unassigned_library_asset,[],0,False,True,Missing alt text
asset:wp-10199,https://www.klkoleo.com/wp-content/uploads/2025/04/Chinese-KLK-OLEO-PALMOWAX-Leaflet.pdf,application/pdf,,,Chinese-KLK OLEO-PALMOWAX-Leaflet,,Chinese-KLK OLEO-PALMOWAX-Leaflet,download,unassigned_library_asset,[],0,False,True,Missing alt text
asset:wp-10196,https://www.klkoleo.com/wp-content/uploads/2025/04/Chinese-KLKOLEO-PALMESTER-PETS-Leaflet.pdf,application/pdf,,,Chinese-KLKOLEO-PALMESTER PETS-Leaflet,,Chinese-KLKOLEO-PALMESTER PETS-Leaflet,download,unassigned_library_asset,[],0,False,True,Missing alt text
asset:wp-10193,https://www.klkoleo.com/wp-content/uploads/2025/04/Chinese-KLK-OLEO-Green-Solutions-for-Plastic-Industries-Leaflet.pdf,application/pdf,,,Chinese-KLK OLEO-Green Solutions for Plastic Industries-Leaflet,,Chinese-KLK OLEO-Green Solutions for Plastic Industries-Leaflet,download,unassigned_library_asset,[],0,False,True,Missing alt text
asset:wp-10165,https://www.klkoleo.com/wp-content/uploads/2025/04/2025-04-KLK-OLEO-Global-Presence_German.png,image/png,2242,1442,2025-04-KLK OLEO-Global Presence_German,,,editorial_image,unassigned_library_asset,[],0,False,True,Missing alt text
asset:wp-10160,https://www.klkoleo.com/wp-content/uploads/2025/04/2025-04-KLK-OLEO-Global-Presence_Mandarin.png,image/png,2242,1442,2025-04-KLK OLEO-Global Presence_Mandarin,,,editorial_image,unassigned_library_asset,[],0,False,True,Missing alt text
asset:wp-10155,https://www.klkoleo.com/wp-content/uploads/2025/04/2025-04-KLK-OLEO-Global-Presence_English.png,image/png,2242,1442,2025 04 KLK OLEO Global Presence English,2025 04 KLK OLEO Global Presence English,2025 04 KLK OLEO Global Presence English,editorial_image,unassigned_library_asset,[],0,False,False,
asset:wp-10149,https://www.klkoleo.com/wp-content/uploads/2025/04/VietnamPlas.png,image/png,154,94,VietnamPlas,VietnamPlas,VietnamPlas,editorial_image,linked_to_in_scope_content,"[""page:https-www-klkoleo-com-vietnamplas""]",0,False,False,
asset:wp-10144,https://www.klkoleo.com/wp-content/uploads/2025/04/World-Tobacco-Middle-East.png,image/png,154,94,World Tobacco Middle East,World Tobacco Middle East,World Tobacco Middle East,editorial_image,unassigned_library_asset,[],0,False,False,
asset:wp-10125,https://www.klkoleo.com/wp-content/uploads/2025/04/English-KLK-OLEO-Davos-Cognitive-Strength-for-Every-Age-with-DavosLife-E3-Tocotrienols.pdf,application/pdf,,,English-KLK OLEO-Davos-Cognitive Strength for Every Age with DavosLife E3 Tocotrienols,,English-KLK OLEO-Davos-Cognitive Strength for Every Age with DavosLife E3 Tocotrienols,download,unassigned_library_asset,[],0,False,True,Missing alt text
asset:wp-10115,https://www.klkoleo.com/wp-content/uploads/2025/03/2025-05-GCI-PALMESTER-1100-Slide-1-2.jpg,image/jpeg,4179,1729,PALMESTER 1100 Coco-Caprylate/Caprate,PALMESTER 1100 Coco-Caprylate/Caprate,PALMESTER 1100 Coco-Caprylate/Caprate,banner_candidate,unassigned_library_asset,[],0,False,False,
asset:wp-10111,https://www.klkoleo.com/wp-content/uploads/2025/03/English-KLK-OLEO-PALMESTER-1100-Coco-CaprylateCaprate.pdf,application/pdf,,,English-KLK OLEO-PALMESTER 1100 Coco-CaprylateCaprate,,English-KLK OLEO-PALMESTER 1100 Coco-CaprylateCaprate,download,unassigned_library_asset,[],0,False,True,Missing alt text
asset:wp-10101,https://www.klkoleo.com/wp-content/uploads/2025/03/2025-03-17-In-Cos-Global-LinkedIn-01.jpg,image/jpeg,4500,4500,In Cos Global LinkedIn,KLK OLEO In Cos Global LinkedIn,In Cos Global LinkedIn,card_or_thumbnail,linked_to_in_scope_content,"[""page:https-www-klkoleo-com-news-media-klk-oleo-invites-you-to-in-cosmetics-global-2025""]",0,False,False,
asset:wp-10095,https://www.klkoleo.com/wp-content/uploads/2025/03/2025-03-17-In-Cos-Global-LinkedIn-02.jpg,image/jpeg,4500,4500,2025 03 17 In Cos Global LinkedIn 02,2025 03 17 In Cos Global LinkedIn 02,2025 03 17 In Cos Global LinkedIn 02,card_or_thumbnail,unassigned_library_asset,[],0,False,False,
asset:wp-10091,https://www.klkoleo.com/wp-content/uploads/2025/03/2025-03-KLK-OLEO-Exhibition-Banner-2025-Q1-S.png,image/png,870,170,2025 03 KLK OLEO Exhibition Banner 2025 Q1 S,2025 03 KLK OLEO Exhibition Banner 2025 Q1 S,2025 03 KLK OLEO Exhibition Banner 2025 Q1 S,banner_candidate,unassigned_library_asset,[],0,False,False,
asset:wp-10084,https://www.klkoleo.com/wp-content/uploads/2025/03/English-KLK-OLEO-AIDIGRO-SV.pdf,application/pdf,,,English-KLK OLEO-AIDIGRO SV,,English-KLK OLEO-AIDIGRO SV,download,unassigned_library_asset,[],0,False,True,Missing alt text
asset:wp-10081,https://www.klkoleo.com/wp-content/uploads/2025/03/English-KLK-OLEO-Agrochemicals.pdf,application/pdf,,,English-KLK OLEO-Agrochemicals,,English-KLK OLEO-Agrochemicals,download,unassigned_library_asset,[],0,False,True,Missing alt text
asset:wp-10078,https://www.klkoleo.com/wp-content/uploads/2025/03/English-KLK-OLEO-AIDIGRO-GA-925.pdf,application/pdf,,,English-KLK OLEO-AIDIGRO GA 925,,English-KLK OLEO-AIDIGRO GA 925,download,unassigned_library_asset,[],0,False,True,Missing alt text
asset:wp-10074,https://www.klkoleo.com/wp-content/uploads/2025/03/IMAGE-2025-KLK-OLEO-Hari-Raya-eCard.png,image/png,4500,4500,[IMAGE] 2025 KLK OLEO Hari Raya eCard,[IMAGE] 2025 KLK OLEO Hari Raya eCard,[IMAGE] 2025 KLK OLEO Hari Raya eCard,card_or_thumbnail,unassigned_library_asset,[],0,False,False,
asset:wp-9989,https://www.klkoleo.com/wp-content/uploads/2025/03/KLK-OLEO-DavosLife-E3-Tocotrienols-Studies.pdf,application/pdf,,,KLK OLEO-DavosLife E3 Tocotrienols Studies,,KLK OLEO-DavosLife E3 Tocotrienols Studies,download,unassigned_library_asset,[],0,False,True,Missing alt text
asset:wp-9985,https://www.klkoleo.com/wp-content/uploads/2025/03/PALMERE-ME-Aluminium-Rolling.png,image/png,200,142,PALMERE ME Aluminium Rolling,PALMERE ME Aluminium Rolling,PALMERE ME Aluminium Rolling,editorial_image,unassigned_library_asset,[],0,False,False,
asset:wp-9982,https://www.klkoleo.com/wp-content/uploads/2025/03/PALMESTER-1921.png,image/png,142,200,PALMESTER 1921,PALMESTER 1921,PALMESTER 1921,editorial_image,unassigned_library_asset,[],0,False,False,
asset:wp-9937,https://www.klkoleo.com/wp-content/uploads/2025/02/MES-Hand-Wash.png,image/png,961,541,SYMPARE MES Foaming Hand Wash,SYMPARE MES Foaming Hand Wash,SYMPARE MES Foaming Hand Wash,editorial_image,unassigned_library_asset,[],0,False,False,
asset:wp-9928,https://www.klkoleo.com/wp-content/uploads/2025/02/MES-SHampoo.png,image/png,961,541,SYMPARE MES Shampoo,SYMPARE MES Shampoo,SYMPARE MES Shampoo,editorial_image,unassigned_library_asset,[],0,False,False,
asset:wp-9925,https://www.klkoleo.com/wp-content/uploads/2025/02/MES-Handwash.png,image/png,961,541,SYMPARE MES Handwash,SYMPARE MES Handwash,SYMPARE MES Handwash,editorial_image,unassigned_library_asset,[],0,False,False,
asset:wp-9889,https://www.klkoleo.com/wp-content/uploads/2025/02/469319325_890059433237260_3462969607957418338_n.jpg,image/jpeg,829,346,POC2025,POC2025,POC2025,banner_candidate,unassigned_library_asset,[],0,False,False,
asset:wp-9886,https://www.klkoleo.com/wp-content/uploads/2025/02/2025-01-KLK-OLEO-Exhibition-Banner-2025-s.png,image/png,869,170,2025 01 KLK OLEO Exhibition Banner 2025 s,2025 01 KLK OLEO Exhibition Banner 2025 s,2025 01 KLK OLEO Exhibition Banner 2025 s,banner_candidate,unassigned_library_asset,[],0,False,False,
asset:wp-9878,https://www.klkoleo.com/wp-content/uploads/2025/02/2025-RISE-Thumbnail-01.png,image/png,570,380,2025 RISE Thumbnail,2025 RISE Thumbnail,2025 RISE Thumbnail,editorial_image,linked_to_in_scope_content,"[""page:https-www-klkoleo-com"",""page:https-www-klkoleo-com-company-klk-oleo-brief"",""page:https-www-klkoleo-com-r3d-de-assembly-terms-and-conditions-klke-dusseldorf"",""page:https-www-klkoleo-com-r3d-de-general-terms-and-conditions-of-purchase-klk-emmerich"",""page:https-www-klkoleo-com-r3d-de-general-terms-and-conditions-of-sale-klk-emmerich"",""page:https-www-klkoleo-com-r3d-de-safety-guide-klk-emmerich"",""page:https-www-klkoleo-com-r3d-eng-anti-corruption-policy-klk-group"",""page:https-www-klkoleo-com-r3d-eng-code-of-conduct-and-ethics-for-the-company-group-klk-group"",""page:https-www-klkoleo-com-r3d-eng-code-of-conduct-for-suppliers-klk-emmerich"",""page:https-www-klkoleo-com-r3d-eng-general-conditions-of-sale-klktemix"",""page:https-www-klkoleo-com-r3d-eng-general-terms-and-conditions-for-the-purchase-of-goods-and-or-services-klk-oleo-group"",""page:https-www-klkoleo-com-r3d-eng-general-terms-and-conditions-of-sale-klk-emmerich"",""page:https-www-klkoleo-com-r3d-eng-general-terms-and-conditions-of-sale-klk-tensachem"",""page:https-www-klkoleo-com-r3d-eng-general-terms-and-conditions-of-sale-or-supply-klk-kolb-specialties"",""page:https-www-klkoleo-com-r3d-eng-general-terms-and-conditions-of-sale-or-supply-palmoleo-klang"",""page:https-www-klkoleo-com-r3d-eng-quality-environmental-safety-and-food-safety-policy-klktemix"",""page:https-www-klkoleo-com-r3d-eng-supplier-code-of-conduct-klk-group"",""page:https-www-klkoleo-com-r3d-klk-oleo-beauty-and-personal-care-brochure"",""page:https-www-klkoleo-com-r3d-klk-oleo-palmester-biolubricant-base-oil-for-mwf-neat-oil-applications"",""page:https-www-klkoleo-com-r3d-klk-oleos-traceability"",""page:https-www-klkoleo-com-r3d-klk-sustainability-report-2021"",""page:https-www-klkoleo-com-timeline-post-e4-b8-80-e4-bd-93-e5-8c-96"",""page:https-www-klkoleo-com-timeline-post-e5-8f-af-e4-bf-a1-e8-b5-96-e7-9a-84"",""page:https-www-klkoleo-com-timeline-post-e9-ab-98-e6-95-88-e7-9a-84"",""page:https-www-klkoleo-com-timeline-post-efficient"",""page:https-www-klkoleo-com-timeline-post-effizient"",""page:https-www-klkoleo-com-timeline-post-integrated"",""page:https-www-klkoleo-com-timeline-post-integriert"",""page:https-www-klkoleo-com-timeline-post-nachhaltig"",""page:https-www-klkoleo-com-timeline-post-reliable"",""page:https-www-klkoleo-com-timeline-post-sustainability""]",0,False,False,
asset:wp-9875,https://www.klkoleo.com/wp-content/uploads/2025/02/AboutUs-01.png,image/png,223,250,KLK OLEO About Us,KLK OLEO About Us,KLK OLEO About Us,card_or_thumbnail,unassigned_library_asset,[],0,False,False,
asset:wp-9863,https://www.klkoleo.com/wp-content/uploads/2025/02/2025-KLK-OLEO-Global-Presence-KLKOI_English_English.png,image/png,2242,1442,2025 KLK OLEO Global Presence KLKOI English English,2025 KLK OLEO Global Presence KLKOI English,2025 KLK OLEO Global Presence KLKOI English English,editorial_image,unassigned_library_asset,[],0,False,False,
asset:wp-9851,https://www.klkoleo.com/wp-content/uploads/2025/02/KLK-OLEO-logo-Davos-Life-Science-JAN-2025-RGB-1.png,image/png,4843,2599,KLK OLEO logo Davos Life Science JAN 2025 RGB,KLK OLEO logo Davos Life Science JAN 2025 RGB,KLK OLEO logo Davos Life Science JAN 2025 RGB,logo_or_icon,unassigned_library_asset,[],0,False,False,
asset:wp-9845,https://www.klkoleo.com/wp-content/uploads/2025/02/KLK-OLEO-logo-Reverse-White-01.png,image/png,993,377,KLK OLEO logo Reverse White 01,KLK OLEO logo Reverse White 01,KLK OLEO logo Reverse White 01,logo_or_icon,unassigned_library_asset,[],0,False,False,
asset:wp-9842,https://www.klkoleo.com/wp-content/uploads/2025/02/KLK-OLEO-Header-Logo.png,image/png,400,127,KLK OLEO Header Logo,KLK OLEO Header Logo,KLK OLEO Header Logo,logo_or_icon,unassigned_library_asset,[],0,False,False,
asset:wp-9839,https://www.klkoleo.com/wp-content/uploads/2025/02/KLK-OLEO-Favicon.png,image/png,512,512,KLK OLEO Favicon,KLK OLEO Favicon,KLK OLEO Favicon,logo_or_icon,unassigned_library_asset,[],0,False,False,
asset:wp-9833,https://www.klkoleo.com/wp-content/uploads/2025/02/bestmanagedcompanies2024.png,image/png,500,361,bestmanagedcompanies2024,bestmanagedcompanies2024,bestmanagedcompanies2024,editorial_image,unassigned_library_asset,[],0,False,False,
asset:wp-9810,https://www.klkoleo.com/wp-content/uploads/2025/01/ChemExpo-India.png,image/png,154,94,ChemExpo India,ChemExpo India,ChemExpo India,editorial_image,linked_to_in_scope_content,"[""page:https-www-klkoleo-com-chem-expo-india"",""page:https-www-klkoleo-com-chemexpo-india""]",0,False,False,
asset:wp-9805,https://www.klkoleo.com/wp-content/uploads/2025/01/Image-2025-KLK-Oleo-Chinese-New-Year.jpg,image/jpeg,2292,2917,(Image) 2025 KLK Oleo Chinese New Year,2025 KLK OLEO Chinese New Year,(Image) 2025 KLK Oleo Chinese New Year,editorial_image,unassigned_library_asset,[],0,False,False,
asset:wp-9791,https://www.klkoleo.com/wp-content/uploads/2025/01/2025-KLK-OLEO-Global-Presence-KLKOI_English.png,image/png,2242,1442,2025 KLK OLEO Global Presence KLKOI English,2025 KLK OLEO Global Presence KLKOI English,2025 KLK OLEO Global Presence KLKOI English,editorial_image,unassigned_library_asset,[],0,False,False,
asset:wp-9788,https://www.klkoleo.com/wp-content/uploads/2025/01/2025-KLK-OLEO-Global-Presence-KLKOI_Mandarin.png,image/png,2242,1442,2025-KLK OLEO Global Presence-KLKOI_Mandarin,,,editorial_image,unassigned_library_asset,[],0,False,True,Missing alt text
asset:wp-9785,https://www.klkoleo.com/wp-content/uploads/2025/01/2025-KLK-OLEO-Global-Presence-KLKOI_German.png,image/png,2242,1442,2025-KLK OLEO Global Presence-KLKOI_German,,,editorial_image,unassigned_library_asset,[],0,False,True,Missing alt text
asset:wp-9775,https://www.klkoleo.com/wp-content/uploads/2025/01/2025-KLK-OLEO-Global-Presence-English.png,image/png,2242,1442,2025-KLK OLEO Global Presence-English,2025-KLK OLEO Global Presence-English,,editorial_image,unassigned_library_asset,[],0,False,False,
asset:wp-9772,https://www.klkoleo.com/wp-content/uploads/2025/01/2025-KLK-OLEO-Global-Presence-Mandarin.png,image/png,2242,1442,2025-KLK OLEO Global Presence-Mandarin,,,editorial_image,unassigned_library_asset,[],0,False,True,Missing alt text
asset:wp-9769,https://www.klkoleo.com/wp-content/uploads/2025/01/2025-KLK-OLEO-Global-Presence-German.png,image/png,2242,1442,2025-KLK OLEO Global Presence-German,,,editorial_image,unassigned_library_asset,[],0,False,True,Missing alt text
asset:wp-9755,https://www.klkoleo.com/wp-content/uploads/2025/01/Icons-Facilities-1.png,image/png,288,288,Icons Facilities,Icons Facilities,Icons Facilities,logo_or_icon,unassigned_library_asset,[],0,False,False,
asset:wp-9740,https://www.klkoleo.com/wp-content/uploads/2024/12/Animated-GIF-2024-KLK-Oleo-Christmas.gif,image/gif,900,900,(Animated GIF) 2024 KLK Oleo Christmas,(Animated GIF) 2024 KLK Oleo Christmas,(Animated GIF) 2024 KLK Oleo Christmas,card_or_thumbnail,unassigned_library_asset,[],0,False,False,
asset:wp-9735,https://www.klkoleo.com/wp-content/uploads/2024/12/KLK-OLEO-ELID-Banner-300px-250px.png,image/png,300,250,KLK OLEO ELID Banner 300px 250px,KLK OLEO ELID Banner 300px 250px,KLK OLEO ELID Banner 300px 250px,editorial_image,unassigned_library_asset,[],0,False,False,
asset:wp-9716,https://www.klkoleo.com/wp-content/uploads/2024/11/K-Fair-20.png,image/png,154,94,K Fair 20,K Fair 20,K Fair 20,editorial_image,linked_to_in_scope_content,"[""page:https-www-klkoleo-com-k-2""]",0,False,False,
asset:wp-9713,https://www.klkoleo.com/wp-content/uploads/2024/11/China-International-Agrochemical-Crop-Protection-Exhibition-CAC-2025.png,image/png,154,94,China International Agrochemical & Crop Protection Exhibition (CAC) 2025,China International Agrochemical & Crop Protection Exhibition (CAC) 2025,China International Agrochemical & Crop Protection Exhibition (CAC) 2025,editorial_image,linked_to_in_scope_content,"[""page:https-www-klkoleo-com-china-international-agrochemical-crop-protection-exhibition-cac""]",0,False,False,
asset:wp-9710,https://www.klkoleo.com/wp-content/uploads/2024/11/European-Coating-Show-ECS-2025.png,image/png,154,94,European Coating Show (ECS) 2025,European Coating Show (ECS) 2025,European Coating Show (ECS) 2025,editorial_image,linked_to_in_scope_content,"[""page:https-www-klkoleo-com-european-coating-show-ecs""]",0,False,False,
asset:wp-9706,https://www.klkoleo.com/wp-content/uploads/2024/11/2020-KLKCare-Group-2019-Corporate-Responsibility-Thumbnail.png,image/png,3840,2160,2020 KLKCare Group 2019 Corporate Responsibility Thumbnail,2020 KLKCare Group 2019 Corporate Responsibility Thumbnail,2020 KLKCare Group 2019 Corporate Responsibility Thumbnail,editorial_image,linked_to_in_scope_content,"[""page:https-www-klkoleo-com-corporate-responsibility""]",0,False,False,
asset:wp-9683,https://www.klkoleo.com/wp-content/uploads/2020/04/in-cosmetics-Global.png,image/png,154,94,in cosmetics Global,in cosmetics Global,in cosmetics Global,editorial_image,linked_to_in_scope_content,"[""page:https-www-klkoleo-com-in-cosmetic-global"",""page:https-www-klkoleo-com-in-cosmetics-global""]",0,False,False,
asset:wp-9678,https://www.klkoleo.com/wp-content/uploads/2024/08/FI-Europe.png,image/png,154,94,FI Europe,FI Europe,FI Europe,editorial_image,linked_to_in_scope_content,"[""page:https-www-klkoleo-com-food-ingredients-europe""]",0,False,False,
asset:wp-9674,https://www.klkoleo.com/wp-content/uploads/2024/11/Plastics-Rubber-Vietnam.png,image/png,154,94,Plastics & Rubber Vietnam,Plastics & Rubber Vietnam,Plastics & Rubber Vietnam,editorial_image,unassigned_library_asset,[],0,False,False,
asset:wp-9666,https://www.klkoleo.com/wp-content/uploads/2024/11/SYMPARE-MES.pdf,application/pdf,,,SYMPARE MES,,SYMPARE MES,download,unassigned_library_asset,[],0,False,True,Missing alt text
asset:wp-9663,https://www.klkoleo.com/wp-content/uploads/2024/11/SYMPARE-MES-Methyl-Ester-Sulphonates-2-04.png,image/png,200,142,SYMPARE MES (Methyl Ester Sulphonates),SYMPARE MES (Methyl Ester Sulphonates),SYMPARE MES (Methyl Ester Sulphonates),editorial_image,unassigned_library_asset,[],0,False,False,
asset:wp-9653,https://www.klkoleo.com/wp-content/uploads/2024/11/English-KLK-OLEO-DavosLife-Ageless-FACT-Serum-Zero-Waste.pdf,application/pdf,,,English-KLK OLEO-DavosLife Ageless FACT Serum-Zero Waste,,English-KLK OLEO-DavosLife Ageless FACT Serum-Zero Waste,download,unassigned_library_asset,[],0,False,True,Missing alt text
asset:wp-9650,https://www.klkoleo.com/wp-content/uploads/2024/11/English-KLK-OLEO-SYMPARE_MES.pdf,application/pdf,,,English-KLK OLEO-SYMPARE_MES,,English-KLK OLEO-SYMPARE_MES,download,unassigned_library_asset,[],0,False,True,Missing alt text
asset:wp-9647,https://www.klkoleo.com/wp-content/uploads/2024/11/English-KLK-OLEO-PALMERE-Methyl-Ester.pdf,application/pdf,,,English-KLK OLEO-PALMERE Methyl Ester,,English-KLK OLEO-PALMERE Methyl Ester,download,unassigned_library_asset,[],0,False,True,Missing alt text
asset:wp-9644,https://www.klkoleo.com/wp-content/uploads/2024/11/English-KLK-OLEO-Complete-Personal-Care-Ingredients.pdf,application/pdf,,,English-KLK OLEO-Complete Personal Care Ingredients,,English-KLK OLEO-Complete Personal Care Ingredients,download,unassigned_library_asset,[],0,False,True,Missing alt text
asset:wp-9595,https://www.klkoleo.com/wp-content/uploads/2024/10/Image-KLK-OLEO-Deepavali.png,image/png,1468,900,KLK OLEO Deepavali,KLK OLEO Deepavali,KLK OLEO Deepavali,editorial_image,unassigned_library_asset,[],0,False,False,
asset:wp-9575,https://www.klkoleo.com/wp-content/uploads/2024/09/English-KLK-OLEO-ENHEX-EDENOR-G-Phara-Excipients.pdf,application/pdf,,,English-KLK OLEO-ENHEX-EDENOR G-Pharma Excipients,,English-KLK OLEO-ENHEX-EDENOR G-Pharma Excipients,download,unassigned_library_asset,[],0,False,True,Missing alt text
asset:wp-9572,https://www.klkoleo.com/wp-content/uploads/2024/09/English-KLK-OLEO-ENHEX-G-86-XPS-Glycerin.pdf,application/pdf,,,English-KLK OLEO-ENHEX G 86 XPS-Glycerin,,English-KLK OLEO-ENHEX G 86 XPS-Glycerin,download,unassigned_library_asset,[],0,False,True,Missing alt text
asset:wp-9569,https://www.klkoleo.com/wp-content/uploads/2024/09/English-KLK-OLEO-ENHEX-Enhanced-Excipients.pdf,application/pdf,,,English-KLK OLEO-ENHEX-Enhanced Excipients,,English-KLK OLEO-ENHEX-Enhanced Excipients,download,unassigned_library_asset,[],0,False,True,Missing alt text
asset:wp-9559,https://www.klkoleo.com/wp-content/uploads/2024/09/English-KLK-OLEO-Davos-It-Works-Cognitive-Health.pdf,application/pdf,,,English-KLK OLEO-Davos- It Works Cognitive Health,,English-KLK OLEO-Davos- It Works Cognitive Health,download,unassigned_library_asset,[],0,False,True,Missing alt text
asset:wp-9556,https://www.klkoleo.com/wp-content/uploads/2024/09/English-KLK-OLEO-Davos-Pure-Red-Palm-Oil.pdf,application/pdf,,,English-KLK OLEO-Davos-Pure Red Palm Oil,,English-KLK OLEO-Davos-Pure Red Palm Oil,download,unassigned_library_asset,[],0,False,True,Missing alt text
asset:wp-9545,https://www.klkoleo.com/wp-content/uploads/2024/09/2024-MSPO.jpg,image/jpeg,660,460,2024-MSPO,MSPO,MSPO,editorial_image,linked_to_in_scope_content,"[""page:https-www-klkoleo-com-accreditations""]",0,False,False,
asset:wp-9537,https://www.klkoleo.com/wp-content/uploads/2024/09/2024-GMP.jpg,image/jpeg,660,460,KLK OLEO-GMP,KLK OLEO-GMP,KLK OLEO-GMP,editorial_image,linked_to_in_scope_content,"[""page:https-www-klkoleo-com-accreditations""]",0,False,False,
asset:wp-9534,https://www.klkoleo.com/wp-content/uploads/2024/09/2024-HACCP.jpg,image/jpeg,660,460,HACCP,KLK OLEO-HACCP,HACCP,editorial_image,linked_to_in_scope_content,"[""page:https-www-klkoleo-com-accreditations""]",0,False,False,
asset:wp-9531,https://www.klkoleo.com/wp-content/uploads/2024/09/HACCP.png,image/png,660,460,HACCP,HACCP,HACCP,editorial_image,unassigned_library_asset,[],0,False,False,
asset:wp-9509,https://www.klkoleo.com/wp-content/uploads/2024/08/Fortune-500.png,image/png,500,361,Fortune 500,Fortune 500,Fortune 500,editorial_image,unassigned_library_asset,[],0,False,False,
asset:wp-9469,https://www.klkoleo.com/wp-content/uploads/elementor/screenshots/Elementor-post-screenshot_8921_2024-08-21-09-44-18_120eaf21.png,image/png,,,Elementor post screenshot 8921 2024 08 21 09 44 18 120eaf21.png,Elementor post screenshot 8921 2024 08 21 09 44 18 120eaf21.png,Elementor post screenshot 8921 2024 08 21 09 44 18 120eaf21.png,editorial_image,unassigned_library_asset,[],0,False,False,
asset:wp-9429,https://www.klkoleo.com/wp-content/uploads/2021/11/Traceability-KLK-OLEO-20240815.pdf,application/pdf,,,Traceability-KLK OLEO-20240815,,Traceability-KLK OLEO-20240815,download,unassigned_library_asset,[],0,False,True,Missing alt text
asset:wp-9411,https://www.klkoleo.com/wp-content/uploads/2024/08/FI-HI-Europe.png,image/png,154,94,FI HI Europe,FI HI Europe,FI HI Europe,editorial_image,unassigned_library_asset,[],0,False,False,
asset:wp-9399,https://www.klkoleo.com/wp-content/uploads/2024/07/KLKCare-CR-2023_Page_01.png,image/png,827,827,KLKCare CR 2023 Page 01,KLKCare CR 2023 Page 01,KLKCare CR 2023 Page 01,card_or_thumbnail,linked_to_in_scope_content,"[""page:https-www-klkoleo-com-corporate-responsibility"",""page:https-www-klkoleo-com-report-2023""]",0,False,False,
asset:wp-9260,https://www.klkoleo.com/wp-content/uploads/2024/07/Brochure-Icons_DavosLife-E3-Tocotrienols-Testimonial.png,image/png,142,200,Brochure Icons DavosLife E3 Tocotrienols Testimonial,Brochure Icons DavosLife E3 Tocotrienols Testimonial,Brochure Icons DavosLife E3 Tocotrienols Testimonial,logo_or_icon,unassigned_library_asset,[],0,False,False,
asset:wp-9257,https://www.klkoleo.com/wp-content/uploads/2024/07/Brochure-Icons_DavosLife-E3-Tocotrienols-Ageless-Serum-FACT.png,image/png,142,200,Brochure Icons DavosLife E3 Tocotrienols Ageless Serum (FACT),Brochure Icons DavosLife E3 Tocotrienols Ageless Serum (FACT),Brochure Icons DavosLife E3 Tocotrienols Ageless Serum (FACT),logo_or_icon,unassigned_library_asset,[],0,False,False,
asset:wp-9254,https://www.klkoleo.com/wp-content/uploads/2024/07/PALMESTER-5200-Butylene-Glycol-Dicaprylate-Dicaprate.png,image/png,142,200,PALMESTER 5200 Butylene Glycol Dicaprylate Dicaprate,PALMESTER 5200 Butylene Glycol Dicaprylate Dicaprate,PALMESTER 5200 Butylene Glycol Dicaprylate Dicaprate,editorial_image,unassigned_library_asset,[],0,False,False,
asset:wp-9251,https://www.klkoleo.com/wp-content/uploads/2024/07/Korean-KLK-OLEO-PALMESTER-5200-1.pdf,application/pdf,,,Korean-KLK OLEO-PALMESTER 5200,,Korean-KLK OLEO-PALMESTER 5200,download,unassigned_library_asset,[],0,False,True,Missing alt text
asset:wp-9248,https://www.klkoleo.com/wp-content/uploads/2024/07/English-KLK-OLEO-PALMESTER-5200.pdf,application/pdf,,,English-KLK OLEO-PALMESTER 5200,,English-KLK OLEO-PALMESTER 5200,download,unassigned_library_asset,[],0,False,True,Missing alt text
asset:wp-9245,https://www.klkoleo.com/wp-content/uploads/2024/07/English-KLK-OLEO-DavosLife-E3-Testimonial.pdf,application/pdf,,,English-KLK OLEO-DavosLife E3 Testimonial,,English-KLK OLEO-DavosLife E3 Testimonial,download,unassigned_library_asset,[],0,False,True,Missing alt text
asset:wp-9239,https://www.klkoleo.com/wp-content/uploads/2024/07/Korean-KLK-OLEO-DavosLife-E3-Testimonial.pdf,application/pdf,,,Korean-KLK OLEO-DavosLife E3 Testimonial,,Korean-KLK OLEO-DavosLife E3 Testimonial,download,unassigned_library_asset,[],0,False,True,Missing alt text
asset:wp-9236,https://www.klkoleo.com/wp-content/uploads/2024/07/Korean-KLK-OLEO-Tocotrienols-and-Skin-Health.pdf,application/pdf,,,Korean-KLK OLEO-Tocotrienols and Skin Health,,Korean-KLK OLEO-Tocotrienols and Skin Health,download,unassigned_library_asset,[],0,False,True,Missing alt text
asset:wp-9233,https://www.klkoleo.com/wp-content/uploads/2024/07/Korean-KLK-OLEO-DavosLife-FACT.pdf,application/pdf,,,Korean-KLK OLEO-DavosLife FACT,,Korean-KLK OLEO-DavosLife FACT,download,unassigned_library_asset,[],0,False,True,Missing alt text
asset:wp-9230,https://www.klkoleo.com/wp-content/uploads/2024/07/Korean-KLK-OLEO-PALMOSALT-Soap-Noodles.pdf,application/pdf,,,Korean-KLK OLEO-PALMOSALT Soap Noodles,,Korean-KLK OLEO-PALMOSALT Soap Noodles,download,unassigned_library_asset,[],0,False,True,Missing alt text
asset:wp-9227,https://www.klkoleo.com/wp-content/uploads/2024/07/Korean-KLK-OLEO-SYMPARE-MES.pdf,application/pdf,,,Korean-KLK OLEO-SYMPARE MES,,Korean-KLK OLEO-SYMPARE MES,download,unassigned_library_asset,[],0,False,True,Missing alt text
asset:wp-9224,https://www.klkoleo.com/wp-content/uploads/2024/07/Korean-KLK-OLEO-PALMOCOL-Alkanolamides.pdf,application/pdf,,,Korean-KLK OLEO-PALMOCOL Alkanolamides,,Korean-KLK OLEO-PALMOCOL Alkanolamides,download,unassigned_library_asset,[],0,False,True,Missing alt text
asset:wp-9221,https://www.klkoleo.com/wp-content/uploads/2024/07/Korean-KLK-OLEO-TENSOPOL-SLS.pdf,application/pdf,,,Korean-KLK OLEO-TENSOPOL SLS,,Korean-KLK OLEO-TENSOPOL SLS,download,unassigned_library_asset,[],0,False,True,Missing alt text
asset:wp-9218,https://www.klkoleo.com/wp-content/uploads/2024/07/Korean-KLK-OLEO-TENSAGEX-SLES.pdf,application/pdf,,,Korean-KLK OLEO-TENSAGEX SLES,,Korean-KLK OLEO-TENSAGEX SLES,download,unassigned_library_asset,[],0,False,True,Missing alt text
asset:wp-9215,https://www.klkoleo.com/wp-content/uploads/2024/07/English-KLK-OLEO-SYMPARE-MES.pdf,application/pdf,,,English-KLK OLEO-SYMPARE MES,,English-KLK OLEO-SYMPARE MES,download,unassigned_library_asset,[],0,False,True,Missing alt text
asset:wp-9212,https://www.klkoleo.com/wp-content/uploads/2024/07/Korean-KLK-OLEO-PALMESTER-1910.pdf,application/pdf,,,Korean-KLK OLEO-PALMESTER 1910,,Korean-KLK OLEO-PALMESTER 1910,download,unassigned_library_asset,[],0,False,True,Missing alt text
asset:wp-9209,https://www.klkoleo.com/wp-content/uploads/2024/07/Korean-KLK-OLEO-PALMESTER-1900.pdf,application/pdf,,,Korean-KLK OLEO-PALMESTER 1900,,Korean-KLK OLEO-PALMESTER 1900,download,unassigned_library_asset,[],0,False,True,Missing alt text
asset:wp-9206,https://www.klkoleo.com/wp-content/uploads/2024/07/Korean-KLK-OLEO-PALMESTER-WaxEsters.pdf,application/pdf,,,Korean-KLK OLEO-PALMESTER-WaxEsters,,Korean-KLK OLEO-PALMESTER-WaxEsters,download,unassigned_library_asset,[],0,False,True,Missing alt text
asset:wp-9203,https://www.klkoleo.com/wp-content/uploads/2024/07/Korean-KLK-OLEO-PALMESTER-5305.pdf,application/pdf,,,Korean-KLK OLEO-PALMESTER 5305,,Korean-KLK OLEO-PALMESTER 5305,download,unassigned_library_asset,[],0,False,True,Missing alt text
asset:wp-9200,https://www.klkoleo.com/wp-content/uploads/2024/07/Korean-KLK-OLEO-PALMESTER-5200.pdf,application/pdf,,,Korean-KLK OLEO-PALMESTER 5200,,Korean-KLK OLEO-PALMESTER 5200,download,unassigned_library_asset,[],0,False,True,Missing alt text
asset:wp-9197,https://www.klkoleo.com/wp-content/uploads/2024/07/Korean-KLK-OLEO-PALMESTER-4001-Glyceryl-Monostearate.pdf,application/pdf,,,Korean-KLK OLEO-PALMESTER 4001 Glyceryl Monostearate,,Korean-KLK OLEO-PALMESTER 4001 Glyceryl Monostearate,download,unassigned_library_asset,[],0,False,True,Missing alt text
asset:wp-9191,https://www.klkoleo.com/wp-content/uploads/2024/07/Korean-KLK-OLEO-Complete-Personal-Care-Ingredients.pdf,application/pdf,,,Korean-KLK OLEO-Complete Personal Care Ingredients,,Korean-KLK OLEO-Complete Personal Care Ingredients,download,unassigned_library_asset,[],0,False,True,Missing alt text
asset:wp-9182,https://www.klkoleo.com/wp-content/uploads/2024/07/Tensachem-1.jpg,image/jpeg,1024,685,Tensachem 1,KLK Tensachem S.A,Tensachem 1,editorial_image,unassigned_library_asset,[],0,False,False,
asset:wp-9159,https://www.klkoleo.com/wp-content/uploads/2024/06/In-Cos-Korea-2024-LinkedIn-Static.png,image/png,1000,1000,In Cos Korea 2024 LinkedIn (Static),Visit KLK OLEO at in-cosmetics Korea,In Cos Korea 2024 LinkedIn (Static),card_or_thumbnail,linked_to_in_scope_content,"[""page:https-www-klkoleo-com-archive-by-year-2024"",""page:https-www-klkoleo-com-news-media-visit-klk-oleo-at-in-cosmetics-korea-2024""]",0,False,False,
asset:wp-9148,https://www.klkoleo.com/wp-content/uploads/2024/06/PALMESTER-3970-for-Automotive-Lubricant-Applications.png,image/png,200,142,PALMESTER 3970 for Automotive Lubricant Applications,PALMESTER 3970 for Automotive Lubricant Applications Brochure,PALMESTER 3970 for Automotive Lubricant Applications,editorial_image,unassigned_library_asset,[],0,False,False,
asset:wp-9108,https://www.klkoleo.com/wp-content/uploads/2024/05/2024-Halal.png,image/png,660,460,2024 Halal,KLK OLEO Halal Logo,2024 Halal,editorial_image,linked_to_in_scope_content,"[""page:https-www-klkoleo-com-accreditations""]",0,False,False,
asset:wp-9104,https://www.klkoleo.com/wp-content/uploads/2024/05/2024-Halal_Halal.png,image/png,660,460,KLK OLEO-Accreditation-Halal,KLK OLEO-Accreditation-Halal,KLK OLEO-Accreditation-Halal,editorial_image,unassigned_library_asset,[],0,False,False,
asset:wp-9095,https://www.klkoleo.com/wp-content/uploads/2024/05/OFIC-2024-14.png,image/png,154,94,OFIC 2024 14,OFIC 2024,OFIC 2024 14,editorial_image,linked_to_in_scope_content,"[""page:https-www-klkoleo-com-oils-fats-international-congress-2""]",0,False,False,
asset:wp-9085,https://www.klkoleo.com/wp-content/uploads/2024/05/CPHI-Milan.png,image/png,154,94,CPHI Milan,CPHI Milan,CPHI Milan,editorial_image,linked_to_in_scope_content,"[""page:https-www-klkoleo-com-cphi"",""page:https-www-klkoleo-com-events""]",0,False,False,
asset:wp-8894,https://www.klkoleo.com/wp-content/uploads/2024/04/Kojima-Feature-Wall.png,image/png,2635,1496,Kojima Feature Wall,Kojima Feature Wall,Kojima Feature Wall,editorial_image,unassigned_library_asset,[],0,False,False,
asset:wp-8889,https://www.klkoleo.com/wp-content/uploads/2024/04/PALMOCOL-Alkanolamides.png,image/png,142,142,PALMOCOL Alkanolamides,PALMOCOL Alkanolamides,PALMOCOL Alkanolamides,card_or_thumbnail,unassigned_library_asset,[],0,False,False,
asset:wp-8886,https://www.klkoleo.com/wp-content/uploads/2024/04/KLK-OLEO-Home-Care-II-Cleaning.png,image/png,200,142,KLK OLEO Home Care I&I Cleaning,KLK OLEO Home Care I&I Cleaning,KLK OLEO Home Care I&I Cleaning,editorial_image,unassigned_library_asset,[],0,False,False,
asset:wp-8882,https://www.klkoleo.com/wp-content/uploads/2024/04/English-Sustainable-Home-Beauty-and-Personal-Care-Ingredients.pdf,application/pdf,,,"English-Sustainable Home, Beauty and Personal Care Ingredients",,"English-Sustainable Home, Beauty and Personal Care Ingredients",download,unassigned_library_asset,[],0,False,True,Missing alt text
asset:wp-8879,https://www.klkoleo.com/wp-content/uploads/2024/04/PALMFONATE-MES-1.png,image/png,200,142,PALMFONATE MES,PALMFONATE MES,PALMFONATE MES,editorial_image,unassigned_library_asset,[],0,False,False,
asset:wp-8852,https://www.klkoleo.com/wp-content/uploads/2024/04/TENSIANOL-Syndet-4.png,image/png,794,1123,TENSIANOL Syndet (4),TENSIANOL Syndet (4),TENSIANOL Syndet (4),editorial_image,unassigned_library_asset,[],0,False,False,
asset:wp-8849,https://www.klkoleo.com/wp-content/uploads/2024/04/TENSIANOL-Syndet-3.png,image/png,794,1123,TENSIANOL Syndet (3),TENSIANOL Syndet (3),TENSIANOL Syndet (3),editorial_image,unassigned_library_asset,[],0,False,False,
asset:wp-8846,https://www.klkoleo.com/wp-content/uploads/2024/04/TENSIANOL-Syndet-2.png,image/png,794,1123,TENSIANOL Syndet (2),TENSIANOL Syndet (2),TENSIANOL Syndet (2),editorial_image,unassigned_library_asset,[],0,False,False,
asset:wp-8843,https://www.klkoleo.com/wp-content/uploads/2024/04/TENSIANOL-Syndet-12.png,image/png,794,1123,TENSIANOL Syndet (12),TENSIANOL Syndet (12),TENSIANOL Syndet (12),editorial_image,unassigned_library_asset,[],0,False,False,
asset:wp-8840,https://www.klkoleo.com/wp-content/uploads/2024/04/TENSIANOL-Syndet-11.png,image/png,794,1123,TENSIANOL Syndet (11),TENSIANOL Syndet (11),TENSIANOL Syndet (11),editorial_image,unassigned_library_asset,[],0,False,False,
asset:wp-8837,https://www.klkoleo.com/wp-content/uploads/2024/04/TENSIANOL-Syndet-10.png,image/png,794,1123,TENSIANOL Syndet (10),TENSIANOL Syndet (10),TENSIANOL Syndet (10),editorial_image,unassigned_library_asset,[],0,False,False,
asset:wp-8834,https://www.klkoleo.com/wp-content/uploads/2024/04/TENSIANOL-Syndet-9.png,image/png,794,1123,TENSIANOL Syndet (9),TENSIANOL Syndet (9),TENSIANOL Syndet (9),editorial_image,unassigned_library_asset,[],0,False,False,
asset:wp-8831,https://www.klkoleo.com/wp-content/uploads/2024/04/TENSIANOL-Syndet-8.png,image/png,794,1123,TENSIANOL Syndet (8),TENSIANOL Syndet (8),TENSIANOL Syndet (8),editorial_image,unassigned_library_asset,[],0,False,False,
asset:wp-8828,https://www.klkoleo.com/wp-content/uploads/2024/04/TENSIANOL-Syndet-7.png,image/png,794,1123,TENSIANOL Syndet (7),TENSIANOL Syndet (7),TENSIANOL Syndet (7),editorial_image,unassigned_library_asset,[],0,False,False,
asset:wp-8825,https://www.klkoleo.com/wp-content/uploads/2024/04/TENSIANOL-Syndet-6.png,image/png,794,1123,TENSIANOL Syndet (6),TENSIANOL Syndet (6),TENSIANOL Syndet (6),editorial_image,unassigned_library_asset,[],0,False,False,
asset:wp-8822,https://www.klkoleo.com/wp-content/uploads/2024/04/TENSIANOL-Syndet-5.png,image/png,794,1123,TENSIANOL Syndet (5),TENSIANOL Syndet (5),TENSIANOL Syndet (5),editorial_image,unassigned_library_asset,[],0,False,False,
asset:wp-8819,https://www.klkoleo.com/wp-content/uploads/2024/04/TENSIANOL-Syndet-1.png,image/png,794,1123,TENSIANOL Syndet (1),TENSIANOL Syndet (1),TENSIANOL Syndet (1),editorial_image,unassigned_library_asset,[],0,False,False,
asset:wp-8782,https://www.klkoleo.com/wp-content/uploads/2024/03/DavosLife-FACT.png,image/png,142,200,DavosLife FACT,DavosLife FACT,DavosLife FACT,editorial_image,unassigned_library_asset,[],0,False,False,
asset:wp-8779,https://www.klkoleo.com/wp-content/uploads/2024/03/PALMESTER-4001.png,image/png,142,200,PALMESTER 4001,PALMESTER 4001,PALMESTER 4001,editorial_image,unassigned_library_asset,[],0,False,False,
asset:wp-8776,https://www.klkoleo.com/wp-content/uploads/2024/03/PALMESTER-5305.png,image/png,142,200,PALMESTER 5305,PALMESTER 5305,PALMESTER 5305,editorial_image,unassigned_library_asset,[],0,False,False,
asset:wp-8770,https://www.klkoleo.com/wp-content/uploads/2024/03/PALMESTER-Emollient.png,image/png,200,142,PALMESTER Emollient,PALMESTER Emollient,PALMESTER Emollient,editorial_image,unassigned_library_asset,[],0,False,False,
asset:wp-8767,https://www.klkoleo.com/wp-content/uploads/2024/03/DavosLife-Yvette-Testimonial.png,image/png,142,200,DavosLife Yvette Testimonial,DavosLife Yvette Testimonial,DavosLife Yvette Testimonial,editorial_image,unassigned_library_asset,[],0,False,False,
asset:wp-8764,https://www.klkoleo.com/wp-content/uploads/2024/03/DavosLife-E3-Skin-Health.png,image/png,142,200,DavosLife E3 Skin Health,DavosLife E3 Skin Health,DavosLife E3 Skin Health,editorial_image,unassigned_library_asset,[],0,False,False,
asset:wp-8758,https://www.klkoleo.com/wp-content/uploads/2024/03/KLK-OLEO-Sustainable-Palm-Oil.png,image/png,142,200,KLK OLEO Sustainable Palm Oil,KLK OLEO Sustainable Palm Oil,KLK OLEO Sustainable Palm Oil,editorial_image,unassigned_library_asset,[],0,False,False,
asset:wp-8755,https://www.klkoleo.com/wp-content/uploads/2024/03/KLK-OLEO-Corporate-Profile-RISE.png,image/png,142,200,KLK OLEO Corporate Profile RISE,KLK OLEO Corporate Profile RISE,KLK OLEO Corporate Profile RISE,editorial_image,unassigned_library_asset,[],0,False,False,
asset:wp-8752,https://www.klkoleo.com/wp-content/uploads/2024/03/KLK-OLEO-Beauty-Personal-Care.png,image/png,200,142,KLK OLEO Beauty & Personal Care,KLK OLEO Beauty & Personal Care,KLK OLEO Beauty & Personal Care,editorial_image,unassigned_library_asset,[],0,False,False,
asset:wp-8746,https://www.klkoleo.com/wp-content/uploads/2024/03/English-Complete-Beauty-and-Skin-Care-Ingredients.pdf,application/pdf,,,English-Complete Beauty and Skin Care Ingredients,,English-Complete Beauty and Skin Care Ingredients,download,unassigned_library_asset,[],0,False,True,Missing alt text
asset:wp-8706,https://www.klkoleo.com/wp-content/uploads/2024/03/English-KLK-OLEO-Home-Care-II-Ingredients-Cleaning-is-Caring.pdf,application/pdf,,,English-KLK OLEO-Home Care-I&I-Ingredients-Cleaning is Caring,,English-KLK OLEO-Home Care-I&I-Ingredients-Cleaning is Caring,download,unassigned_library_asset,[],0,False,True,Missing alt text
asset:wp-8695,https://www.klkoleo.com/wp-content/uploads/2024/03/ANIMATED-GIF-2024-KLK-OLEO-Hari-Raya-eCard.gif,image/gif,1500,900,[ANIMATED GIF] 2024 KLK OLEO Hari Raya eCard,[ANIMATED GIF] 2024 KLK OLEO Hari Raya eCard,[ANIMATED GIF] 2024 KLK OLEO Hari Raya eCard,editorial_image,unassigned_library_asset,[],0,False,False,
asset:wp-8679,https://www.klkoleo.com/wp-content/uploads/2024/03/2024-KLK-OLEO-Global-Presence-Mandarin.png,image/png,2242,1442,2024-KLK OLEO Global Presence-Mandarin,,,editorial_image,unassigned_library_asset,[],0,False,True,Missing alt text
asset:wp-8674,https://www.klkoleo.com/wp-content/uploads/2024/03/2024-KLK-OLEO-Global-Presence-English.png,image/png,2242,1442,2024 KLK OLEO Global Presence English,2024 KLK OLEO Global Presence English,2024 KLK OLEO Global Presence English,editorial_image,unassigned_library_asset,[],0,False,False,
asset:wp-8671,https://www.klkoleo.com/wp-content/uploads/2024/03/TEMEST-Esters.png,image/png,991,662,TEMEST Esters,TEMEST Esters,TEMEST Esters,editorial_image,unassigned_library_asset,[],0,False,False,
asset:wp-8651,https://www.klkoleo.com/wp-content/uploads/2024/03/HEDJUVAN-Polysorbates-Sorbitan-Esters-and-Polyethylene-Glycols-1.png,image/png,142,200,"HEDJUVAN Polysorbates, Sorbitan Esters and Polyethylene Glycols","HEDJUVAN Polysorbates, Sorbitan Esters and Polyethylene Glycols","HEDJUVAN Polysorbates, Sorbitan Esters and Polyethylene Glycols",editorial_image,unassigned_library_asset,[],0,False,False,
asset:wp-8648,https://www.klkoleo.com/wp-content/uploads/2024/03/HEDJUVAN-Polysorbates-Sorbitan-Esters-and-Polyethylene-Glycols.png,image/png,2065,1380,"HEDJUVAN Polysorbates, Sorbitan Esters and Polyethylene Glycols","HEDJUVAN Polysorbates, Sorbitan Esters and Polyethylene Glycols","HEDJUVAN Polysorbates, Sorbitan Esters and Polyethylene Glycols",editorial_image,linked_to_in_scope_content,"[""page:https-www-klkoleo-com-brand-hedjuvan-polysorbates-sorbitan-esters-and-polyethylene-glycols"",""page:https-www-klkoleo-com-products-nonionic-surfactants""]",0,False,False,
asset:wp-8642,https://www.klkoleo.com/wp-content/uploads/2024/03/Iran-Beauty-Clean.jpg,image/jpeg,154,94,Iran Beauty & Clean,Iran Beauty & Clean 2024,Iran Beauty & Clean,editorial_image,unassigned_library_asset,[],0,False,False,
asset:wp-8625,https://www.klkoleo.com/wp-content/uploads/2024/03/English-KLK-OLEO-Davos-DavosLife-FACT.pdf,application/pdf,,,English-KLK OLEO-Davos-DavosLife FACT,,English-KLK OLEO-Davos-DavosLife FACT,download,unassigned_library_asset,[],0,False,True,Missing alt text
asset:wp-8622,https://www.klkoleo.com/wp-content/uploads/2024/03/English-KLK-OLEO-PALMERE-ME-Application.pdf,application/pdf,,,English-KLK OLEO-PALMERE ME Application,,English-KLK OLEO-PALMERE ME Application,download,unassigned_library_asset,[],0,False,True,Missing alt text
asset:wp-8619,https://www.klkoleo.com/wp-content/uploads/2024/03/English-Phase-Change-Material.pdf,application/pdf,,,English-Phase Change Material,,English-Phase Change Material,download,unassigned_library_asset,[],0,False,True,Missing alt text
asset:wp-8616,https://www.klkoleo.com/wp-content/uploads/2024/03/English-PALMESTER-Solution-for-Construction.pdf,application/pdf,,,English-PALMESTER Solution for Construction,,English-PALMESTER Solution for Construction,download,unassigned_library_asset,[],0,False,True,Missing alt text
asset:wp-8598,https://www.klkoleo.com/wp-content/uploads/2024/02/POC2024-Banner.png,image/png,1875,625,POC2024 Banner,POC2024 Banner,POC2024 Banner,banner_candidate,unassigned_library_asset,[],0,False,False,
asset:wp-8545,https://www.klkoleo.com/wp-content/uploads/2024/02/Traceability-KLK-OLEO-20240209-s.pdf,application/pdf,,,Traceability-KLK OLEO-20240209,,Traceability-KLK OLEO-20240209,download,unassigned_library_asset,[],0,False,True,Missing alt text
asset:wp-8535,https://www.klkoleo.com/wp-content/uploads/2024/02/FSSC-22000-Thumbnail.png,image/png,600,600,FSSC 22000 Thumbnail,FSSC 22000 Thumbnail,FSSC 22000 Thumbnail,card_or_thumbnail,linked_to_in_scope_content,"[""page:https-www-klkoleo-com-archive-by-year-2024""]",0,False,False,
asset:wp-8529,https://www.klkoleo.com/wp-content/uploads/2024/02/KLK-OLEO-Website-FSSC-22000.png,image/png,660,460,KLK OLEO Website FSSC 22000,KLK OLEO Website FSSC 22000,KLK OLEO Website FSSC 22000,editorial_image,linked_to_in_scope_content,"[""page:https-www-klkoleo-com-accreditations""]",0,False,False,
asset:wp-8521,https://www.klkoleo.com/wp-content/uploads/2024/02/KLK-OLEO-UL-Solutions-eNewsletter-Showcase-PDF-NOAM.pdf,application/pdf,,,KLK OLEO-UL Solutions-eNewsletter Showcase-PDF-NOAM,,KLK OLEO-UL Solutions-eNewsletter Showcase-PDF-NOAM,download,unassigned_library_asset,[],0,False,True,Missing alt text
asset:wp-8499,https://www.klkoleo.com/wp-content/uploads/2024/02/KLK-OLEO-UL-Solutions-eNewsletter-Showcase-PDF-R2.pdf,application/pdf,,,KLK OLEO-UL Solutions-eNewsletter Showcase-PDF-R2,,KLK OLEO-UL Solutions-eNewsletter Showcase-PDF-R2,download,unassigned_library_asset,[],0,False,True,Missing alt text
asset:wp-8372,https://www.klkoleo.com/wp-content/uploads/2024/02/2024-01-Nutrition-Insights-R3-Linked.pdf,application/pdf,,,2024-01 Nutrition Insights R3 – Linked,,2024-01 Nutrition Insights R3 – Linked,download,unassigned_library_asset,[],0,False,True,Missing alt text
asset:wp-8366,https://www.klkoleo.com/wp-content/uploads/2024/02/2024-01-Banner-SYMPARE-R3.png,image/png,1002,414,KLK OLEO SYMPARE MES,KLK OLEO SYMPARE MES,KLK OLEO SYMPARE MES,banner_candidate,unassigned_library_asset,[],0,False,False,
asset:wp-8362,https://www.klkoleo.com/wp-content/uploads/2024/01/KLK-OLEO-UL-Solutions-eNewsletter-Showcase-PDF.pdf,application/pdf,,,KLK OLEO-UL Solutions-eNewsletter Showcase-PDF,,KLK OLEO-UL Solutions-eNewsletter Showcase-PDF,download,unassigned_library_asset,[],0,False,True,Missing alt text
asset:wp-8359,https://www.klkoleo.com/wp-content/uploads/2024/01/2024-01-Nutrition-Insights-Linked.pdf,application/pdf,,,2024-01 Nutrition Insights – Linked,,2024-01 Nutrition Insights – Linked,download,unassigned_library_asset,[],0,False,True,Missing alt text
asset:wp-8348,https://www.klkoleo.com/wp-content/uploads/2024/01/Lubricant-Expo-NOAM.png,image/png,154,94,Lubricant Expo NOAM,Lubricant Expo NOAM,Lubricant Expo NOAM,editorial_image,linked_to_in_scope_content,"[""page:https-www-klkoleo-com-lubricant-expo-north-america""]",0,False,False,
asset:wp-8343,https://www.klkoleo.com/wp-content/uploads/2024/01/2024-01-PersonalCare-Insights-Linked-1.pdf,application/pdf,,,2024-01 PersonalCare Insights – Linked,,2024-01 PersonalCare Insights – Linked,download,unassigned_library_asset,[],0,False,True,Missing alt text
asset:wp-8340,https://www.klkoleo.com/wp-content/uploads/2024/01/2024-01-PersonalCare-Insights-Linked.pdf,application/pdf,,,2024-01 PersonalCare Insights (Linked),,2024-01 PersonalCare Insights (Linked),download,unassigned_library_asset,[],0,False,True,Missing alt text
asset:wp-8333,https://www.klkoleo.com/wp-content/uploads/2024/01/The-Edge-Billion-Ringgit-Club-2023-Logo.png,image/png,500,361,The Edge Billion Ringgit Club 2023 Logo,The Edge Billion Ringgit Club 2023 Logo,The Edge Billion Ringgit Club 2023 Logo,logo_or_icon,linked_to_in_scope_content,"[""page:https-www-klkoleo-com"",""page:https-www-klkoleo-com-r3d-de-assembly-terms-and-conditions-klke-dusseldorf"",""page:https-www-klkoleo-com-r3d-de-general-terms-and-conditions-of-purchase-klk-emmerich"",""page:https-www-klkoleo-com-r3d-de-general-terms-and-conditions-of-sale-klk-emmerich"",""page:https-www-klkoleo-com-r3d-de-safety-guide-klk-emmerich"",""page:https-www-klkoleo-com-r3d-eng-anti-corruption-policy-klk-group"",""page:https-www-klkoleo-com-r3d-eng-code-of-conduct-and-ethics-for-the-company-group-klk-group"",""page:https-www-klkoleo-com-r3d-eng-code-of-conduct-for-suppliers-klk-emmerich"",""page:https-www-klkoleo-com-r3d-eng-general-conditions-of-sale-klktemix"",""page:https-www-klkoleo-com-r3d-eng-general-terms-and-conditions-for-the-purchase-of-goods-and-or-services-klk-oleo-group"",""page:https-www-klkoleo-com-r3d-eng-general-terms-and-conditions-of-sale-klk-emmerich"",""page:https-www-klkoleo-com-r3d-eng-general-terms-and-conditions-of-sale-klk-tensachem"",""page:https-www-klkoleo-com-r3d-eng-general-terms-and-conditions-of-sale-or-supply-klk-kolb-specialties"",""page:https-www-klkoleo-com-r3d-eng-general-terms-and-conditions-of-sale-or-supply-palmoleo-klang"",""page:https-www-klkoleo-com-r3d-eng-quality-environmental-safety-and-food-safety-policy-klktemix"",""page:https-www-klkoleo-com-r3d-eng-supplier-code-of-conduct-klk-group"",""page:https-www-klkoleo-com-r3d-klk-oleo-beauty-and-personal-care-brochure"",""page:https-www-klkoleo-com-r3d-klk-oleo-palmester-biolubricant-base-oil-for-mwf-neat-oil-applications"",""page:https-www-klkoleo-com-r3d-klk-oleos-traceability"",""page:https-www-klkoleo-com-r3d-klk-sustainability-report-2021""]",0,False,False,
asset:wp-8303,https://www.klkoleo.com/wp-content/uploads/2024/01/GIF-2024-KLK-CNY-eCard-FA-OLEO-Compressed.gif,image/gif,1500,900,[GIF] 2024 KLK OLEO CNY eCard,[GIF] 2024 KLK OLEO CNY eCard,[GIF] 2024 KLK OLEO CNY eCard,editorial_image,unassigned_library_asset,[],0,False,False,
asset:wp-8186,https://www.klkoleo.com/wp-content/uploads/2023/12/KLK-OLEO-Global-Events-2024-Best-Managed-Companies-Email-Banner.png,image/png,770,170,KLK OLEO Global Events 2024 Best Managed Companies Email Banner,KLK OLEO Global Events 2024 Best Managed Companies Email Banner,KLK OLEO Global Events 2024 Best Managed Companies Email Banner,banner_candidate,unassigned_library_asset,[],0,False,False,
asset:wp-8183,https://www.klkoleo.com/wp-content/uploads/2023/12/KLK-OLEO-Global-Events-2024-Email-Banner.png,image/png,715,170,KLK OLEO Global Events 2024 Email Banner,KLK OLEO Global Events 2024 Email Banner,KLK OLEO Global Events 2024 Email Banner,banner_candidate,unassigned_library_asset,[],0,False,False,
asset:wp-8178,https://www.klkoleo.com/wp-content/uploads/2023/12/English-KLK-OLEO-DavosLife-E3-Tocotrienols-Healthy-Ageing-Infographic-s.pdf,application/pdf,,,English-KLK OLEO-DavosLife E3 Tocotrienols-Healthy Ageing Infographic-s,,English-KLK OLEO-DavosLife E3 Tocotrienols-Healthy Ageing Infographic-s,download,unassigned_library_asset,[],0,False,True,Missing alt text
asset:wp-8167,https://www.klkoleo.com/wp-content/uploads/2023/11/GIF-KLK-Manufacturing-Division-Christmas-2023-eCard-FA-Updae-compressed.gif,image/gif,1500,900,[GIF] KLK Manufacturing Division Christmas 2023 eCard FA Updae (compressed),[GIF] KLK Manufacturing Division Christmas 2023 eCard,[GIF] KLK Manufacturing Division Christmas 2023 eCard FA Updae (compressed),editorial_image,unassigned_library_asset,[],0,False,False,
asset:wp-8021,https://www.klkoleo.com/wp-content/uploads/2021/11/Traceability-KLK-OLEO-20231117.pdf,application/pdf,,,Traceability-KLK OLEO-20231117,,Traceability-KLK OLEO-20231117,download,unassigned_library_asset,[],0,False,True,Missing alt text
asset:wp-8000,https://www.klkoleo.com/wp-content/uploads/2023/10/CPHI.png,image/png,154,94,CPHI,CPHI,CPHI,editorial_image,linked_to_in_scope_content,"[""page:https-www-klkoleo-com-cphi-frankfurt""]",0,False,False,
asset:wp-7996,https://www.klkoleo.com/wp-content/uploads/2023/10/Lubricant-Expo.jpg,image/jpeg,154,94,Lubricant Expo,Lubricant Expo,Lubricant Expo,editorial_image,linked_to_in_scope_content,"[""page:https-www-klkoleo-com-lubricant-expo-europe""]",0,False,False,
asset:wp-7991,https://www.klkoleo.com/wp-content/uploads/2023/10/UNITI-Expo.jpg,image/jpeg,154,94,UNITI Expo,UNITI Expo,UNITI Expo,editorial_image,linked_to_in_scope_content,"[""page:https-www-klkoleo-com-uniti-expo""]",0,False,False,
asset:wp-7970,https://www.klkoleo.com/wp-content/uploads/2023/10/PIPOC-2023.jpg,image/jpeg,154,94,PIPOC 2023,PIPOC 2023,PIPOC 2023,editorial_image,linked_to_in_scope_content,"[""page:https-www-klkoleo-com-pipoc""]",0,False,False,
asset:wp-7939,https://www.klkoleo.com/wp-content/uploads/2023/10/GIF-2023-KLK-Manufacturing-Deepavali-HR.gif,image/gif,1920,860,[GIF] 2023 KLK Manufacturing Deepavali HR,Happy Deepavali from KLK OLEO,[GIF] 2023 KLK Manufacturing Deepavali HR,banner_candidate,unassigned_library_asset,[],0,False,False,
asset:wp-7921,https://www.klkoleo.com/wp-content/uploads/2023/10/Pharma-Banner-R2.png,image/png,1920,250,Pharma Banner R2,Pharma Banner R2,Pharma Banner R2,banner_candidate,unassigned_library_asset,[],0,False,False,
asset:wp-7910,https://www.klkoleo.com/wp-content/uploads/2023/10/DavosLife-E3-Tocotrienols.png,image/png,500,400,DavosLife E3 Tocotrienols,DavosLife E3 Tocotrienols,DavosLife E3 Tocotrienols,editorial_image,linked_to_in_scope_content,"[""page:https-www-klkoleo-com-news-media-klk-oleo-invites-you-to-in-cosmetics-asia-2023"",""page:https-www-klkoleo-com-news-media-klk-oleo-invites-you-to-nyscc-suppliers-day-2024""]",0,False,False,
asset:wp-7903,https://www.klkoleo.com/wp-content/uploads/2023/10/2023-09-Intranet-Values-FA-edit_Description.png,image/png,1350,131,2023 09 Intranet Values FA edit Description,2023 09 Intranet Values FA edit Description,2023 09 Intranet Values FA edit Description,banner_candidate,unassigned_library_asset,[],0,False,False,
asset:wp-7873,https://www.klkoleo.com/wp-content/uploads/2023/09/Food-Nutrition-Ingredients.jpg,image/jpeg,269,209,Food-&-Nutrition Ingredients,KLK OLEO Complete Food & Nutrition Ingredients,KLK OLEO Complete Food & Nutrition Ingredients,editorial_image,unassigned_library_asset,[],0,False,False,
asset:wp-7865,https://www.klkoleo.com/wp-content/uploads/2023/09/English-KLK-OLEO-DAVOSLIFE-E3-Complete-Softgel-B2C.pdf,application/pdf,,,English-KLK OLEO-DAVOSLIFE E3 Complete Softgel (B2C),,English-KLK OLEO-DAVOSLIFE E3 Complete Softgel (B2C),download,unassigned_library_asset,[],0,False,True,Missing alt text
asset:wp-7859,https://www.klkoleo.com/wp-content/uploads/2023/09/English-KLK-OLEO-Complete-Food-and-Nutrition-Ingredients.pdf,application/pdf,,,English-KLK OLEO-Complete Food and Nutrition Ingredients,,English-KLK OLEO-Complete Food and Nutrition Ingredients,download,unassigned_library_asset,[],0,False,True,Missing alt text
asset:wp-7856,https://www.klkoleo.com/wp-content/uploads/2023/09/English-KLK-OLEO-Davos-The-Impact-of-Tocotrienols-on-Bone-Health.pdf,application/pdf,,,English-KLK OLEO-Davos-The Impact of Tocotrienols on Bone Health,,English-KLK OLEO-Davos-The Impact of Tocotrienols on Bone Health,download,unassigned_library_asset,[],0,False,True,Missing alt text
asset:wp-7850,https://www.klkoleo.com/wp-content/uploads/2023/09/English-KLK-OLEO-Davos-How-Tocotrienols-Impact-Excercise-Endurance.pdf,application/pdf,,,English-KLK OLEO-Davos-How Tocotrienols Impact Excercise Endurance,,English-KLK OLEO-Davos-How Tocotrienols Impact Excercise Endurance,download,unassigned_library_asset,[],0,False,True,Missing alt text
asset:wp-7847,https://www.klkoleo.com/wp-content/uploads/2023/09/English-KLK-OLEO-Davos-Tocotrienols-and-Liver-Health.pdf,application/pdf,,,English-KLK OLEO-Davos-Tocotrienols and Liver Health,,English-KLK OLEO-Davos-Tocotrienols and Liver Health,download,unassigned_library_asset,[],0,False,True,Missing alt text
asset:wp-7844,https://www.klkoleo.com/wp-content/uploads/2023/09/English-KLK-OLEO-Davos-The-Impact-of-Tocotrienol-on-Cardiovascular-Health.pdf,application/pdf,,,English-KLK OLEO-Davos-The Impact of Tocotrienol on Cardiovascular Health,,English-KLK OLEO-Davos-The Impact of Tocotrienol on Cardiovascular Health,download,unassigned_library_asset,[],0,False,True,Missing alt text
asset:wp-7841,https://www.klkoleo.com/wp-content/uploads/2023/09/English-KLK-OLEO-Davos-Tocotrienols-and-Brain-Health.pdf,application/pdf,,,English-KLK OLEO-Davos-Tocotrienols and Brain Health,,English-KLK OLEO-Davos-Tocotrienols and Brain Health,download,unassigned_library_asset,[],0,False,True,Missing alt text
asset:wp-7838,https://www.klkoleo.com/wp-content/uploads/2023/09/DavosLife-E3-Brochure-04.png,image/png,1063,1477,DavosLife E3 Brochure 04,DavosLife E3 Brochure 04,DavosLife E3 Brochure 04,editorial_image,unassigned_library_asset,[],0,False,False,
asset:wp-7835,https://www.klkoleo.com/wp-content/uploads/2023/09/DavosLife-E3-Brochure-03.png,image/png,1063,1477,DavosLife E3 Brochure 03,DavosLife E3 Brochure 03,DavosLife E3 Brochure 03,editorial_image,unassigned_library_asset,[],0,False,False,
asset:wp-7832,https://www.klkoleo.com/wp-content/uploads/2023/09/DavosLife-E3-Brochure-02.png,image/png,1063,1477,DavosLife E3 Brochure 02,DavosLife E3 Brochure 02,DavosLife E3 Brochure 02,editorial_image,unassigned_library_asset,[],0,False,False,
asset:wp-7829,https://www.klkoleo.com/wp-content/uploads/2023/09/DavosLife-E3-Brochure-01.png,image/png,1063,1477,DavosLife E3 Brochure 01,DavosLife E3 Brochure 01,DavosLife E3 Brochure 01,editorial_image,unassigned_library_asset,[],0,False,False,
asset:wp-7826,https://www.klkoleo.com/wp-content/uploads/2023/09/DavosLife-E3-Brochure-20.png,image/png,1063,1477,DavosLife E3 Brochure 20,DavosLife E3 Brochure 20,DavosLife E3 Brochure 20,editorial_image,unassigned_library_asset,[],0,False,False,
asset:wp-7823,https://www.klkoleo.com/wp-content/uploads/2023/09/DavosLife-E3-Brochure-19.png,image/png,1063,1477,DavosLife E3 Brochure 19,DavosLife E3 Brochure 19,DavosLife E3 Brochure 19,editorial_image,unassigned_library_asset,[],0,False,False,
asset:wp-7820,https://www.klkoleo.com/wp-content/uploads/2023/09/DavosLife-E3-Brochure-18.png,image/png,1063,1477,DavosLife E3 Brochure 18,DavosLife E3 Brochure 18,DavosLife E3 Brochure 18,editorial_image,unassigned_library_asset,[],0,False,False,
asset:wp-7817,https://www.klkoleo.com/wp-content/uploads/2023/09/DavosLife-E3-Brochure-17.png,image/png,1063,1477,DavosLife E3 Brochure 17,DavosLife E3 Brochure 17,DavosLife E3 Brochure 17,editorial_image,unassigned_library_asset,[],0,False,False,
asset:wp-7814,https://www.klkoleo.com/wp-content/uploads/2023/09/DavosLife-E3-Brochure-16.png,image/png,1063,1477,DavosLife E3 Brochure 16,DavosLife E3 Brochure 16,DavosLife E3 Brochure 16,editorial_image,unassigned_library_asset,[],0,False,False,
asset:wp-7811,https://www.klkoleo.com/wp-content/uploads/2023/09/DavosLife-E3-Brochure-15.png,image/png,1063,1477,DavosLife E3 Brochure 15,DavosLife E3 Brochure 15,DavosLife E3 Brochure 15,editorial_image,unassigned_library_asset,[],0,False,False,
asset:wp-7808,https://www.klkoleo.com/wp-content/uploads/2023/09/DavosLife-E3-Brochure-14.png,image/png,1063,1477,DavosLife E3 Brochure 14,DavosLife E3 Brochure 14,DavosLife E3 Brochure 14,editorial_image,unassigned_library_asset,[],0,False,False,
asset:wp-7805,https://www.klkoleo.com/wp-content/uploads/2023/09/DavosLife-E3-Brochure-13.png,image/png,1063,1477,DavosLife E3 Brochure 13,DavosLife E3 Brochure 13,DavosLife E3 Brochure 13,editorial_image,unassigned_library_asset,[],0,False,False,
asset:wp-7802,https://www.klkoleo.com/wp-content/uploads/2023/09/DavosLife-E3-Brochure-12.png,image/png,1063,1477,DavosLife E3 Brochure 12,DavosLife E3 Brochure 12,DavosLife E3 Brochure 12,editorial_image,unassigned_library_asset,[],0,False,False,
asset:wp-7799,https://www.klkoleo.com/wp-content/uploads/2023/09/DavosLife-E3-Brochure-11.png,image/png,1063,1477,DavosLife E3 Brochure 11,DavosLife E3 Brochure 11,DavosLife E3 Brochure 11,editorial_image,unassigned_library_asset,[],0,False,False,
asset:wp-7796,https://www.klkoleo.com/wp-content/uploads/2023/09/DavosLife-E3-Brochure-10.png,image/png,1063,1477,DavosLife E3 Brochure 10,DavosLife E3 Brochure 10,DavosLife E3 Brochure 10,editorial_image,unassigned_library_asset,[],0,False,False,
asset:wp-7793,https://www.klkoleo.com/wp-content/uploads/2023/09/DavosLife-E3-Brochure-09.png,image/png,1063,1477,DavosLife E3 Brochure 09,DavosLife E3 Brochure 09,DavosLife E3 Brochure 09,editorial_image,unassigned_library_asset,[],0,False,False,
asset:wp-7790,https://www.klkoleo.com/wp-content/uploads/2023/09/DavosLife-E3-Brochure-08.png,image/png,1063,1477,DavosLife E3 Brochure 08,DavosLife E3 Brochure 08,DavosLife E3 Brochure 08,editorial_image,unassigned_library_asset,[],0,False,False,
asset:wp-7787,https://www.klkoleo.com/wp-content/uploads/2023/09/DavosLife-E3-Brochure-07.png,image/png,1063,1477,DavosLife E3 Brochure 07,DavosLife E3 Brochure 07,DavosLife E3 Brochure 07,editorial_image,unassigned_library_asset,[],0,False,False,
asset:wp-7784,https://www.klkoleo.com/wp-content/uploads/2023/09/DavosLife-E3-Brochure-06.png,image/png,1063,1477,DavosLife E3 Brochure 06,DavosLife E3 Brochure 06,DavosLife E3 Brochure 06,editorial_image,unassigned_library_asset,[],0,False,False,
asset:wp-7781,https://www.klkoleo.com/wp-content/uploads/2023/09/DavosLife-E3-Brochure-05.png,image/png,1063,1477,DavosLife E3 Brochure 05,DavosLife E3 Brochure 05,DavosLife E3 Brochure 05,editorial_image,unassigned_library_asset,[],0,False,False,
asset:wp-7676,https://www.klkoleo.com/wp-content/uploads/2023/09/Home-Care-II-Cleaning.png,image/png,269,209,"Home Care, I&I Cleaning","KLK OLEO's Home Care, I&I Cleaning","Home Care, I&I Cleaning",editorial_image,unassigned_library_asset,[],0,False,False,
asset:wp-7673,https://www.klkoleo.com/wp-content/uploads/2023/09/Beauty-Personal-Care.png,image/png,269,209,Beauty & Personal Care,KLK OLEO's Beauty & Personal Care Ingredients,Beauty & Personal Care,editorial_image,unassigned_library_asset,[],0,False,False,
asset:wp-7661,https://www.klkoleo.com/wp-content/uploads/2023/09/English-KLK-OLEO-Dont-be-Emo-be-Emollient.pdf,application/pdf,,,"English-KLK OLEO-Dont be Emo, be Emollient",,"English-KLK OLEO-Dont be Emo, be Emollient",download,unassigned_library_asset,[],0,False,True,Missing alt text
asset:wp-7653,https://www.klkoleo.com/wp-content/uploads/2023/09/General-Terms-and-Conditions-of-Sale_KLK-Emmerich_GERMAN_RevNov2022.pdf,application/pdf,,,General Terms and Conditions of Sale_KLK Emmerich_GERMAN_RevNov2022,,General Terms and Conditions of Sale_KLK Emmerich_GERMAN_RevNov2022,download,unassigned_library_asset,[],0,False,True,Missing alt text
asset:wp-7650,https://www.klkoleo.com/wp-content/uploads/2023/09/General-Terms-and-Conditions-of-Sale_KLK-Emmerich_ENG_RevNov2022.pdf,application/pdf,,,General Terms and Conditions of Sale_KLK Emmerich_ENG_RevNov2022,,General Terms and Conditions of Sale_KLK Emmerich_ENG_RevNov2022,download,unassigned_library_asset,[],0,False,True,Missing alt text
asset:wp-7633,https://www.klkoleo.com/wp-content/uploads/2023/09/country-east-asia.jpg,image/jpeg,1000,681,country east asia,country east asia,country east asia,editorial_image,unassigned_library_asset,[],0,False,False,
asset:wp-7630,https://www.klkoleo.com/wp-content/uploads/2023/09/country-americas-new-york.jpg,image/jpeg,1000,681,country americas new york,country americas new york,country americas new york,editorial_image,unassigned_library_asset,[],0,False,False,
asset:wp-7627,https://www.klkoleo.com/wp-content/uploads/2023/09/country-americas.jpg,image/jpeg,1000,681,country americas,country americas,country americas,editorial_image,unassigned_library_asset,[],0,False,False,
asset:wp-7624,https://www.klkoleo.com/wp-content/uploads/2023/09/Cosmetics-01.jpg,image/jpeg,500,361,KLK OLEO Beauty & Personal Care,KLK OLEO Beauty & Personal Care,KLK OLEO Beauty & Personal Care,editorial_image,linked_to_in_scope_content,"[""page:https-www-klkoleo-com"",""page:https-www-klkoleo-com-r3d-de-assembly-terms-and-conditions-klke-dusseldorf"",""page:https-www-klkoleo-com-r3d-de-general-terms-and-conditions-of-purchase-klk-emmerich"",""page:https-www-klkoleo-com-r3d-de-general-terms-and-conditions-of-sale-klk-emmerich"",""page:https-www-klkoleo-com-r3d-de-safety-guide-klk-emmerich"",""page:https-www-klkoleo-com-r3d-eng-anti-corruption-policy-klk-group"",""page:https-www-klkoleo-com-r3d-eng-code-of-conduct-and-ethics-for-the-company-group-klk-group"",""page:https-www-klkoleo-com-r3d-eng-code-of-conduct-for-suppliers-klk-emmerich"",""page:https-www-klkoleo-com-r3d-eng-general-conditions-of-sale-klktemix"",""page:https-www-klkoleo-com-r3d-eng-general-terms-and-conditions-for-the-purchase-of-goods-and-or-services-klk-oleo-group"",""page:https-www-klkoleo-com-r3d-eng-general-terms-and-conditions-of-sale-klk-emmerich"",""page:https-www-klkoleo-com-r3d-eng-general-terms-and-conditions-of-sale-klk-tensachem"",""page:https-www-klkoleo-com-r3d-eng-general-terms-and-conditions-of-sale-or-supply-klk-kolb-specialties"",""page:https-www-klkoleo-com-r3d-eng-general-terms-and-conditions-of-sale-or-supply-palmoleo-klang"",""page:https-www-klkoleo-com-r3d-eng-quality-environmental-safety-and-food-safety-policy-klktemix"",""page:https-www-klkoleo-com-r3d-eng-supplier-code-of-conduct-klk-group"",""page:https-www-klkoleo-com-r3d-klk-oleo-beauty-and-personal-care-brochure"",""page:https-www-klkoleo-com-r3d-klk-oleo-palmester-biolubricant-base-oil-for-mwf-neat-oil-applications"",""page:https-www-klkoleo-com-r3d-klk-oleos-traceability"",""page:https-www-klkoleo-com-r3d-klk-sustainability-report-2021""]",3,False,False,
asset:wp-7621,https://www.klkoleo.com/wp-content/uploads/2023/09/bg02-01.jpg,image/jpeg,1920,902,bg02 01,bg02 01,bg02 01,banner_candidate,unassigned_library_asset,[],0,False,False,
asset:wp-7618,https://www.klkoleo.com/wp-content/uploads/2023/09/bg01.jpg,image/jpeg,1106,679,bg01,bg01,bg01,editorial_image,unassigned_library_asset,[],0,False,False,
asset:wp-7615,https://www.klkoleo.com/wp-content/uploads/2023/09/Yayasan-KLK-R2.jpg,image/jpeg,1920,795,Yayasan KLK,Yayasan KLK,Yayasan KLK,banner_candidate,unassigned_library_asset,[],0,False,False,
asset:wp-7612,https://www.klkoleo.com/wp-content/uploads/2023/09/uber-menu-market-01.jpg,image/jpeg,223,250,uber menu market 01,uber menu market 01,uber menu market 01,card_or_thumbnail,unassigned_library_asset,[],0,False,False,
asset:wp-7609,https://www.klkoleo.com/wp-content/uploads/2023/09/slide01-03.jpg,image/jpeg,1920,795,slide01 03,KLK OLEO Homepage,slide01 03,banner_candidate,unassigned_library_asset,[],0,False,False,
asset:wp-7606,https://www.klkoleo.com/wp-content/uploads/2023/09/RISE-Thumbnail-01.jpg,image/jpeg,570,380,RISE Thumbnail 01,RISE Thumbnail 01,RISE Thumbnail 01,editorial_image,unassigned_library_asset,[],0,False,False,
asset:wp-7600,https://www.klkoleo.com/wp-content/uploads/2023/09/MegaMenu-Aboutus-01.jpg,image/jpeg,223,250,MegaMenu Aboutus 01,MegaMenu Aboutus 01,MegaMenu Aboutus 01,card_or_thumbnail,unassigned_library_asset,[],0,False,False,
asset:wp-7597,https://www.klkoleo.com/wp-content/uploads/2023/09/icon-rise-integrated-03.jpg,image/jpeg,288,288,icon rise integrated 03,icon rise integrated 03,icon rise integrated 03,logo_or_icon,unassigned_library_asset,[],0,False,False,
asset:wp-7594,https://www.klkoleo.com/wp-content/uploads/2023/09/FnN-Image-2022.jpg,image/jpeg,500,361,KLK OLEO Food & Nutrition,KLK OLEO Food & Nutrition,KLK OLEO Food & Nutrition,editorial_image,linked_to_in_scope_content,"[""page:https-www-klkoleo-com"",""page:https-www-klkoleo-com-r3d-de-assembly-terms-and-conditions-klke-dusseldorf"",""page:https-www-klkoleo-com-r3d-de-general-terms-and-conditions-of-purchase-klk-emmerich"",""page:https-www-klkoleo-com-r3d-de-general-terms-and-conditions-of-sale-klk-emmerich"",""page:https-www-klkoleo-com-r3d-de-safety-guide-klk-emmerich"",""page:https-www-klkoleo-com-r3d-eng-anti-corruption-policy-klk-group"",""page:https-www-klkoleo-com-r3d-eng-code-of-conduct-and-ethics-for-the-company-group-klk-group"",""page:https-www-klkoleo-com-r3d-eng-code-of-conduct-for-suppliers-klk-emmerich"",""page:https-www-klkoleo-com-r3d-eng-general-conditions-of-sale-klktemix"",""page:https-www-klkoleo-com-r3d-eng-general-terms-and-conditions-for-the-purchase-of-goods-and-or-services-klk-oleo-group"",""page:https-www-klkoleo-com-r3d-eng-general-terms-and-conditions-of-sale-klk-emmerich"",""page:https-www-klkoleo-com-r3d-eng-general-terms-and-conditions-of-sale-klk-tensachem"",""page:https-www-klkoleo-com-r3d-eng-general-terms-and-conditions-of-sale-or-supply-klk-kolb-specialties"",""page:https-www-klkoleo-com-r3d-eng-general-terms-and-conditions-of-sale-or-supply-palmoleo-klang"",""page:https-www-klkoleo-com-r3d-eng-quality-environmental-safety-and-food-safety-policy-klktemix"",""page:https-www-klkoleo-com-r3d-eng-supplier-code-of-conduct-klk-group"",""page:https-www-klkoleo-com-r3d-klk-oleo-beauty-and-personal-care-brochure"",""page:https-www-klkoleo-com-r3d-klk-oleo-palmester-biolubricant-base-oil-for-mwf-neat-oil-applications"",""page:https-www-klkoleo-com-r3d-klk-oleos-traceability"",""page:https-www-klkoleo-com-r3d-klk-sustainability-report-2021""]",3,False,False,
asset:wp-7591,https://www.klkoleo.com/wp-content/uploads/2023/09/country-south-east-asia.jpg,image/jpeg,1000,681,country south east asia,country south east asia,country south east asia,editorial_image,unassigned_library_asset,[],0,False,False,
asset:wp-7588,https://www.klkoleo.com/wp-content/uploads/2023/09/country-europe.jpg,image/jpeg,1000,681,country europe,country europe,country europe,editorial_image,unassigned_library_asset,[],0,False,False,
asset:wp-7584,https://www.klkoleo.com/wp-content/uploads/2023/09/Textiles.png,image/png,20,20,Textiles,Textiles,Textiles,card_or_thumbnail,unassigned_library_asset,[],0,False,False,
asset:wp-7581,https://www.klkoleo.com/wp-content/uploads/2023/09/Phase-Change.png,image/png,20,20,Phase Change,Phase Change,Phase Change,card_or_thumbnail,unassigned_library_asset,[],0,False,False,
asset:wp-7578,https://www.klkoleo.com/wp-content/uploads/2023/09/Lubricants.png,image/png,20,20,Lubricants,Lubricants,Lubricants,card_or_thumbnail,unassigned_library_asset,[],0,False,False,
asset:wp-7575,https://www.klkoleo.com/wp-content/uploads/2023/09/Inks-and-Coatings.png,image/png,20,20,Inks and Coatings,Inks and Coatings,Inks and Coatings,card_or_thumbnail,unassigned_library_asset,[],0,False,False,
asset:wp-7572,https://www.klkoleo.com/wp-content/uploads/2023/09/Chemical-Intermediates.png,image/png,20,20,Chemical Intermediates,Chemical Intermediates,Chemical Intermediates,card_or_thumbnail,unassigned_library_asset,[],0,False,False,
asset:wp-7569,https://www.klkoleo.com/wp-content/uploads/2023/09/Agricultural-Chemicals.png,image/png,20,20,Agricultural Chemicals,Agricultural Chemicals,Agricultural Chemicals,card_or_thumbnail,unassigned_library_asset,[],0,False,False,
asset:wp-7556,https://www.klkoleo.com/wp-content/uploads/2021/11/Traceability-at-KLK-OLEO-20230901.pdf,application/pdf,,,Traceability at KLK OLEO 20230901,,Traceability at KLK OLEO 20230901,download,unassigned_library_asset,[],0,False,True,Missing alt text
asset:wp-7551,https://www.klkoleo.com/wp-content/uploads/2023/08/KLK-OLEO-Best-Managed-Companies-Actual.png,image/png,680,175,KLK OLEO Best Managed Companies Actual,KLK OLEO Best Managed Companies Actual,KLK OLEO Best Managed Companies Actual,banner_candidate,unassigned_library_asset,[],0,False,False,
asset:wp-7537,https://www.klkoleo.com/wp-content/uploads/2023/08/Best-Managed-Companies_Best-Managed-Companies-2023.png,image/png,500,361,Best Managed Companies Best Managed Companies 2023,Best Managed Companies Best Managed Companies 2023,Best Managed Companies Best Managed Companies 2023,editorial_image,unassigned_library_asset,[],0,False,False,
asset:wp-7526,https://www.klkoleo.com/wp-content/uploads/2023/08/2023-07-Vitafoods-Asia-Key-Product-Feature-03-1.png,image/png,709,709,2023 07 Vitafoods Asia Key Product Feature 03,2023 07 Vitafoods Asia Key Product Feature 03,2023 07 Vitafoods Asia Key Product Feature 03,card_or_thumbnail,unassigned_library_asset,[],0,False,False,
asset:wp-7520,https://www.klkoleo.com/wp-content/uploads/2023/08/2023-07-Vitafoods-Asia-Key-Product-Feature-02.png,image/png,340,340,2023 07 Vitafoods Asia Key Product Feature 02,2023 07 Vitafoods Asia Key Product Feature 02,2023 07 Vitafoods Asia Key Product Feature 02,card_or_thumbnail,unassigned_library_asset,[],0,False,False,
asset:wp-7505,https://www.klkoleo.com/wp-content/uploads/2023/08/Best-Managed-Companies-2023.png,image/png,500,361,Best Managed Companies 2023,Best Managed Companies 2023,Best Managed Companies 2023,editorial_image,unassigned_library_asset,[],0,False,False,
asset:wp-7502,https://www.klkoleo.com/wp-content/uploads/2023/08/The-Edge-Billion-Ringgit-Club-2022.png,image/png,500,361,The Edge Billion Ringgit Club 2022,The Edge Billion Ringgit Club 2022,The Edge Billion Ringgit Club 2022,editorial_image,unassigned_library_asset,[],0,False,False,
asset:wp-7499,https://www.klkoleo.com/wp-content/uploads/2023/08/Forbes-Asia-2019.png,image/png,500,361,Forbes Asia 2019,Forbes Asia 2019,Forbes Asia 2019,editorial_image,unassigned_library_asset,[],0,False,False,
asset:wp-7496,https://www.klkoleo.com/wp-content/uploads/2023/08/YayasanKLK2023-SocialMedia.jpg,image/jpeg,2000,1333,YayasanKLK2023 SocialMedia,YayasanKLK2023 SocialMedia,YayasanKLK2023 SocialMedia,editorial_image,unassigned_library_asset,[],0,False,False,
asset:wp-7477,https://www.klkoleo.com/wp-content/uploads/2023/07/KLK-OLEO-Vitafoods-Asia-2023.png,image/png,1000,1000,KLK OLEO Vitafoods Asia 2023,KLK OLEO Vitafoods Asia 2023,KLK OLEO Vitafoods Asia 2023,card_or_thumbnail,linked_to_in_scope_content,"[""page:https-www-klkoleo-com-archive-by-year-2023"",""page:https-www-klkoleo-com-news-media-klk-oleo-to-showcase-purpose-led-solutions-for-healthy-ageing-healthier-living-at-vitafoods-asia-2023""]",0,False,False,
asset:wp-7441,https://www.klkoleo.com/wp-content/uploads/2023/07/DSC09232.jpg,image/jpeg,1061,1061,DSC09232,DSC09232,DSC09232,card_or_thumbnail,unassigned_library_asset,[],0,False,False,
asset:wp-7438,https://www.klkoleo.com/wp-content/uploads/2023/07/DSC09339.jpg,image/jpeg,5389,3786,DSC09339,DSC09339,DSC09339,editorial_image,unassigned_library_asset,[],0,False,False,
asset:wp-7433,https://www.klkoleo.com/wp-content/uploads/2023/07/RCP_4028.jpg,image/jpeg,4290,2854,KLK – Malaysia’s Best Managed Companies 2023,KLK - Malaysia's Best Managed Companies 2023,"Also present at the ceremony were KLK Director Ms. Cheryl Khor, Group Chief Financial Officer Mr. William Ong, Head of Corporate Mr. Teh Kwan Wey, and Head of Treasury Ms. Tanya Lee.",editorial_image,linked_to_in_scope_content,"[""page:https-www-klkoleo-com-news-media-klk-is-recognised-malaysias-best-managed-companies-2023""]",0,False,False,
asset:wp-7430,https://www.klkoleo.com/wp-content/uploads/2023/07/BHNLSDY.jpg,image/jpeg,2925,1949,KLK – Malaysia’s Best Managed Companies 2023,KLK - Malaysia's Best Managed Companies 2023,KLK – Malaysia’s Best Managed Companies 2023,editorial_image,linked_to_in_scope_content,"[""page:https-www-klkoleo-com-news-media-klk-is-recognised-malaysias-best-managed-companies-2023""]",0,False,False,
asset:wp-7423,https://www.klkoleo.com/wp-content/uploads/2021/11/Traceability-at-KLK-OLEO-20230718-s.pdf,application/pdf,,,Traceability at KLK OLEO 20230718-s,,Traceability at KLK OLEO 20230718-s,download,unassigned_library_asset,[],0,False,True,Missing alt text
asset:wp-7420,https://www.klkoleo.com/wp-content/uploads/2023/07/2023-07-Tracebility_German.png,image/png,1042,584,2023 07 Tracebility German,2023 07 Tracebility German,2023 07 Tracebility German,editorial_image,unassigned_library_asset,[],0,False,False,
asset:wp-7417,https://www.klkoleo.com/wp-content/uploads/2023/07/2023-07-Tracebility_English.png,image/png,1042,584,2023 07 Tracebility English,2023 07 Tracebility English,2023 07 Tracebility English,editorial_image,unassigned_library_asset,[],0,False,False,
asset:wp-7414,https://www.klkoleo.com/wp-content/uploads/2023/07/2023-07-Tracebility_Chinese.png,image/png,1042,584,2023 07 Tracebility Chinese,2023 07 Tracebility Chinese,2023 07 Tracebility Chinese,editorial_image,unassigned_library_asset,[],0,False,False,
asset:wp-7401,https://www.klkoleo.com/wp-content/uploads/2023/07/FN-Weight-Management.png,image/png,30,30,FN Weight Management,FN Weight Management,FN Weight Management,card_or_thumbnail,unassigned_library_asset,[],0,False,False,
asset:wp-7398,https://www.klkoleo.com/wp-content/uploads/2023/07/FN-Sport-Nutrition.png,image/png,30,30,FN Sport Nutrition,FN Sport Nutrition,FN Sport Nutrition,card_or_thumbnail,unassigned_library_asset,[],0,False,False,
asset:wp-7395,https://www.klkoleo.com/wp-content/uploads/2023/07/FN-Skin-Health.png,image/png,30,30,FN Skin Health,FN Skin Health,FN Skin Health,card_or_thumbnail,unassigned_library_asset,[],0,False,False,
asset:wp-7392,https://www.klkoleo.com/wp-content/uploads/2023/07/FN-Pharmaceuticals.png,image/png,30,30,FN Pharmaceuticals,FN Pharmaceuticals,FN Pharmaceuticals,card_or_thumbnail,unassigned_library_asset,[],0,False,False,
asset:wp-7389,https://www.klkoleo.com/wp-content/uploads/2023/07/FN-Pet-Food.png,image/png,30,30,FN Pet Food,FN Pet Food,FN Pet Food,card_or_thumbnail,unassigned_library_asset,[],0,False,False,
asset:wp-7386,https://www.klkoleo.com/wp-content/uploads/2023/07/FN-Oral-Beauty-Supplement.png,image/png,30,30,FN Oral Beauty Supplement,FN Oral Beauty Supplement,FN Oral Beauty Supplement,card_or_thumbnail,unassigned_library_asset,[],0,False,False,
asset:wp-7383,https://www.klkoleo.com/wp-content/uploads/2023/07/FN-Nutricosmetics.png,image/png,30,30,FN Nutricosmetics,FN Nutricosmetics,FN Nutricosmetics,card_or_thumbnail,unassigned_library_asset,[],0,False,False,
asset:wp-7380,https://www.klkoleo.com/wp-content/uploads/2023/07/FN-Nutraceuticals.png,image/png,30,30,FN Nutraceuticals,FN Nutraceuticals,FN Nutraceuticals,card_or_thumbnail,unassigned_library_asset,[],0,False,False,
asset:wp-7377,https://www.klkoleo.com/wp-content/uploads/2023/07/FN-Infant-Formula.png,image/png,30,30,FN Infant Formula,FN Infant Formula,FN Infant Formula,card_or_thumbnail,unassigned_library_asset,[],0,False,False,
asset:wp-7374,https://www.klkoleo.com/wp-content/uploads/2023/07/FN-Functional-Food.png,image/png,30,30,FN Functional Food,FN Functional Food,FN Functional Food,card_or_thumbnail,unassigned_library_asset,[],0,False,False,
asset:wp-7371,https://www.klkoleo.com/wp-content/uploads/2023/07/FN-Functional-Beverage.png,image/png,30,30,FN Functional Beverage,FN Functional Beverage,FN Functional Beverage,card_or_thumbnail,unassigned_library_asset,[],0,False,False,
asset:wp-7368,https://www.klkoleo.com/wp-content/uploads/2023/07/FN-Food-Processing.png,image/png,30,30,FN Food Processing,FN Food Processing,FN Food Processing,card_or_thumbnail,unassigned_library_asset,[],0,False,False,
asset:wp-7365,https://www.klkoleo.com/wp-content/uploads/2023/07/FN-Food-Emulsifier.png,image/png,30,30,FN Food Emulsifier,FN Food Emulsifier,FN Food Emulsifier,card_or_thumbnail,unassigned_library_asset,[],0,False,False,
asset:wp-7362,https://www.klkoleo.com/wp-content/uploads/2023/07/FN-Flavour.png,image/png,30,30,FN Flavour,FN Flavour,FN Flavour,card_or_thumbnail,unassigned_library_asset,[],0,False,False,
asset:wp-7359,https://www.klkoleo.com/wp-content/uploads/2023/07/FN-Dietary-Supplement.png,image/png,30,30,FN Dietary Supplement,FN Dietary Supplement,FN Dietary Supplement,card_or_thumbnail,unassigned_library_asset,[],0,False,False,
asset:wp-7356,https://www.klkoleo.com/wp-content/uploads/2023/07/FN-Dairy-Non-dairy-Products.png,image/png,30,30,FN Dairy Non dairy Products,FN Dairy Non dairy Products,FN Dairy Non dairy Products,card_or_thumbnail,unassigned_library_asset,[],0,False,False,
asset:wp-7353,https://www.klkoleo.com/wp-content/uploads/2023/07/FN-Confectionery.png,image/png,30,30,FN Confectionery,FN Confectionery,FN Confectionery,card_or_thumbnail,unassigned_library_asset,[],0,False,False,
asset:wp-7350,https://www.klkoleo.com/wp-content/uploads/2023/07/FN-Bakery.png,image/png,30,30,FN Bakery,FN Bakery,FN Bakery,card_or_thumbnail,unassigned_library_asset,[],0,False,False,
asset:wp-7347,https://www.klkoleo.com/wp-content/uploads/2023/07/FN-Animal-Nutrition.png,image/png,30,30,FN Animal Nutrition,FN Animal Nutrition,FN Animal Nutrition,card_or_thumbnail,unassigned_library_asset,[],0,False,False,
asset:wp-7344,https://www.klkoleo.com/wp-content/uploads/2023/07/FN-Animal-Health.png,image/png,30,30,FN Animal Health,FN Animal Health,FN Animal Health,card_or_thumbnail,unassigned_library_asset,[],0,False,False,
asset:wp-7318,https://www.klkoleo.com/wp-content/uploads/2023/07/Humectant.png,image/png,30,30,Humectant,Humectant,Humectant,card_or_thumbnail,unassigned_library_asset,[],0,False,False,
asset:wp-7315,https://www.klkoleo.com/wp-content/uploads/2023/07/Energy-Source.png,image/png,30,30,Energy Source,Energy Source,Energy Source,card_or_thumbnail,unassigned_library_asset,[],0,False,False,
asset:wp-7312,https://www.klkoleo.com/wp-content/uploads/2023/07/Emulsifier.png,image/png,30,30,Emulsifier,Emulsifier,Emulsifier,card_or_thumbnail,unassigned_library_asset,[],0,False,False,
asset:wp-7309,https://www.klkoleo.com/wp-content/uploads/2023/07/Colour-Additive.png,image/png,30,30,Colour Additive,Colour Additive,Colour Additive,card_or_thumbnail,unassigned_library_asset,[],0,False,False,
asset:wp-7304,https://www.klkoleo.com/wp-content/uploads/2023/07/Weight-Management.png,image/png,30,30,Weight Management,Weight Management,Weight Management,card_or_thumbnail,unassigned_library_asset,[],0,False,False,
asset:wp-7301,https://www.klkoleo.com/wp-content/uploads/2023/07/Sport-Nutrition.png,image/png,30,30,Sport Nutrition,Sport Nutrition,Sport Nutrition,card_or_thumbnail,unassigned_library_asset,[],0,False,False,
asset:wp-7298,https://www.klkoleo.com/wp-content/uploads/2023/07/Skin-Health.png,image/png,30,30,Skin Health,Skin Health,Skin Health,card_or_thumbnail,unassigned_library_asset,[],0,False,False,
asset:wp-7295,https://www.klkoleo.com/wp-content/uploads/2023/07/Radiation-Protection.png,image/png,30,30,Radiation Protection,Radiation Protection,Radiation Protection,card_or_thumbnail,unassigned_library_asset,[],0,False,False,
asset:wp-7292,https://www.klkoleo.com/wp-content/uploads/2023/07/Liver-Health.png,image/png,30,30,Liver Health,Liver Health,Liver Health,card_or_thumbnail,unassigned_library_asset,[],0,False,False,
asset:wp-7289,https://www.klkoleo.com/wp-content/uploads/2023/07/Heart-Health.png,image/png,30,30,Heart Health,Heart Health,Heart Health,card_or_thumbnail,unassigned_library_asset,[],0,False,False,
asset:wp-7286,https://www.klkoleo.com/wp-content/uploads/2023/07/Healthy-Ageing.png,image/png,30,30,Healthy Ageing,Healthy Ageing,Healthy Ageing,card_or_thumbnail,unassigned_library_asset,[],0,False,False,
asset:wp-7283,https://www.klkoleo.com/wp-content/uploads/2023/07/Gut-Health.png,image/png,30,30,Gut Health,Gut Health,Gut Health,card_or_thumbnail,unassigned_library_asset,[],0,False,False,
asset:wp-7280,https://www.klkoleo.com/wp-content/uploads/2023/07/Eye-Health.png,image/png,30,30,Eye Health,Eye Health,Eye Health,card_or_thumbnail,unassigned_library_asset,[],0,False,False,
asset:wp-7277,https://www.klkoleo.com/wp-content/uploads/2023/07/Cognitive-Health.png,image/png,30,30,Cognitive Health,Cognitive Health,Cognitive Health,card_or_thumbnail,unassigned_library_asset,[],0,False,False,
asset:wp-7274,https://www.klkoleo.com/wp-content/uploads/2023/07/Cellular-Health.png,image/png,30,30,Cellular Health,Cellular Health,Cellular Health,card_or_thumbnail,unassigned_library_asset,[],0,False,False,
asset:wp-7271,https://www.klkoleo.com/wp-content/uploads/2023/07/Cardiovascular-Health.png,image/png,30,30,Cardiovascular Health,Cardiovascular Health,Cardiovascular Health,card_or_thumbnail,unassigned_library_asset,[],0,False,False,
asset:wp-7268,https://www.klkoleo.com/wp-content/uploads/2023/07/Bone-Joint-Health.png,image/png,30,30,Bone Joint Health,Bone Joint Health,Bone Joint Health,card_or_thumbnail,unassigned_library_asset,[],0,False,False,
asset:wp-7265,https://www.klkoleo.com/wp-content/uploads/2023/07/Antioxidant.png,image/png,30,30,Antioxidant,Antioxidant,Antioxidant,card_or_thumbnail,unassigned_library_asset,[],0,False,False,
asset:wp-7262,https://www.klkoleo.com/wp-content/uploads/2023/07/Anti-Ageing.png,image/png,30,30,Anti Ageing,Anti Ageing,Anti Ageing,card_or_thumbnail,unassigned_library_asset,[],0,False,False,
asset:wp-7256,https://www.klkoleo.com/wp-content/uploads/2023/06/PALMESTER-Biolubricant-Base-Oils-Leaflet-Thumbnail.png,image/png,298,421,PALMESTER Biolubricant Base Oils Leaflet Thumbnail,PALMESTER Biolubricant Base Oils Leaflet Thumbnail,PALMESTER Biolubricant Base Oils Leaflet Thumbnail,editorial_image,unassigned_library_asset,[],0,False,False,
asset:wp-7253,https://www.klkoleo.com/wp-content/uploads/2023/06/English-KLK-OLEO-PALMESTER-Biolubricant-Base-Oil.pdf,application/pdf,,,English-KLK OLEO-PALMESTER Biolubricant Base Oil,,English-KLK OLEO-PALMESTER Biolubricant Base Oil,download,unassigned_library_asset,[],0,False,True,Missing alt text
asset:wp-7233,https://www.klkoleo.com/wp-content/uploads/2023/06/Chinese-KLK-OLEO-PALMESTER-Biolubricant-Base-Oils.pdf,application/pdf,,,Chinese-KLK OLEO-PALMESTER Biolubricant Base Oils,,Chinese-KLK OLEO-PALMESTER Biolubricant Base Oils,download,unassigned_library_asset,[],0,False,True,Missing alt text
asset:wp-7230,https://www.klkoleo.com/wp-content/uploads/2023/06/Chinese-KLK-OLEO-PALMESTER-3970-Biolubricant-Base-Oil.pdf,application/pdf,,,Chinese-KLK OLEO-PALMESTER 3970 Biolubricant Base Oil,,Chinese-KLK OLEO-PALMESTER 3970 Biolubricant Base Oil,download,unassigned_library_asset,[],0,False,True,Missing alt text
asset:wp-7227,https://www.klkoleo.com/wp-content/uploads/2023/06/Chinese-KLK-OLEO-PALMESTER-2083-2088-2090.pdf,application/pdf,,,Chinese-KLK OLEO-PALMESTER 2083-2088-2090,,Chinese-KLK OLEO-PALMESTER 2083-2088-2090,download,unassigned_library_asset,[],0,False,True,Missing alt text
asset:wp-7224,https://www.klkoleo.com/wp-content/uploads/2023/06/Chinese-KLK-OLEO-PALMESTER-1412-Biolubricant-Base-Oil.pdf,application/pdf,,,Chinese-KLK OLEO-PALMESTER 1412 Biolubricant Base Oil,,Chinese-KLK OLEO-PALMESTER 1412 Biolubricant Base Oil,download,unassigned_library_asset,[],0,False,True,Missing alt text
asset:wp-7221,https://www.klkoleo.com/wp-content/uploads/2023/06/English-KLK-OLEO-Lubricant-General-Leaflet.pdf,application/pdf,,,English-KLK OLEO-Lubricant General Leaflet,,English-KLK OLEO-Lubricant General Leaflet,download,unassigned_library_asset,[],0,False,True,Missing alt text
asset:wp-7218,https://www.klkoleo.com/wp-content/uploads/2023/06/Chinese-KLK-OLEO-Lubricant-General-Leaflet.pdf,application/pdf,,,Chinese-KLK OLEO-Lubricant General Leaflet,,Chinese-KLK OLEO-Lubricant General Leaflet,download,unassigned_library_asset,[],0,False,True,Missing alt text
asset:wp-7215,https://www.klkoleo.com/wp-content/uploads/2023/06/News-Events-4c-1.png,image/png,1920,250,KLK OLEO News Banner,KLK OLEO News Banner,KLK OLEO News Banner,banner_candidate,unassigned_library_asset,[],0,False,False,
asset:wp-7187,https://www.klkoleo.com/wp-content/uploads/2023/06/English-KLK-OLEO-PALMESTER-MCTs-General-Brochure.pdf,application/pdf,,,English-KLK OLEO-PALMESTER MCTs General Brochure,,English-KLK OLEO-PALMESTER MCTs General Brochure,download,unassigned_library_asset,[],0,False,True,Missing alt text
asset:wp-7158,https://www.klkoleo.com/wp-content/uploads/2023/05/English-KLK-OLEO-PALMESTER-1412-Biolubricant-Base-Oil.pdf,application/pdf,,,English-KLK OLEO-PALMESTER 1412 Biolubricant Base Oil,,English-KLK OLEO-PALMESTER 1412 Biolubricant Base Oil,download,unassigned_library_asset,[],0,False,True,Missing alt text
asset:wp-7086,https://www.klkoleo.com/wp-content/uploads/2023/05/English-KLK-OLEO-Complete-Home-Care-Ingredients-Leaflet.pdf,application/pdf,,,English-KLK OLEO-Complete Home Care Ingredients-Leaflet,,English-KLK OLEO-Complete Home Care Ingredients-Leaflet,download,unassigned_library_asset,[],0,False,True,Missing alt text
asset:wp-7083,https://www.klkoleo.com/wp-content/uploads/2023/05/English-PALMERA-Glycerin-Applications.pdf,application/pdf,,,English-PALMERA Glycerin Applications,,English-PALMERA Glycerin Applications,download,unassigned_library_asset,[],0,False,True,Missing alt text
asset:wp-7072,https://www.klkoleo.com/wp-content/uploads/2023/05/English-Get-The-Most-Out-of-Tocotrienols-with-DavosLife-E3-Bio-Enhanced.pdf,application/pdf,,,English-Get The Most Out of Tocotrienols with DavosLife E3 Bio-Enhanced,,English-Get The Most Out of Tocotrienols with DavosLife E3 Bio-Enhanced,download,unassigned_library_asset,[],0,False,True,Missing alt text
asset:wp-7067,https://www.klkoleo.com/wp-content/uploads/2023/05/English-PALMERA-HeavyCut-Fatty-Acids-Applications.pdf,application/pdf,,,English-PALMERA HeavyCut Fatty Acids Applications,,English-PALMERA HeavyCut Fatty Acids Applications,download,unassigned_library_asset,[],0,False,True,Missing alt text
asset:wp-7064,https://www.klkoleo.com/wp-content/uploads/2023/05/English-PALMERA-LightCut-Fatty-Acids-Applications.pdf,application/pdf,,,English-PALMERA LightCut Fatty Acids Applications,,English-PALMERA LightCut Fatty Acids Applications,download,unassigned_library_asset,[],0,False,True,Missing alt text
asset:wp-7061,https://www.klkoleo.com/wp-content/uploads/2023/05/English-PALMERA-MidCut-Fatty-Acids-Application.pdf,application/pdf,,,English-PALMERA MidCut Fatty Acids Application,,English-PALMERA MidCut Fatty Acids Application,download,unassigned_library_asset,[],0,False,True,Missing alt text
asset:wp-7052,https://www.klkoleo.com/wp-content/uploads/2022/05/CPHI-Barcelona.png,image/png,154,94,CPHI Barcelona,CPHI Barcelona,CPHI Barcelona,editorial_image,unassigned_library_asset,[],0,False,False,
asset:wp-7032,https://www.klkoleo.com/wp-content/uploads/2023/05/2023-05-Vitafoods-Europe-Key-Features.jpg,image/jpeg,676,300,2023 05 Vitafoods Europe Key Features,2023 05 Vitafoods Europe Key Features,2023 05 Vitafoods Europe Key Features,banner_candidate,unassigned_library_asset,[],0,False,False,
asset:wp-7029,https://www.klkoleo.com/wp-content/uploads/2023/05/Vitafoods-Europe-2023.jpg,image/jpeg,600,600,Vitafoods Europe 2023,Vitafoods Europe 2023,Vitafoods Europe 2023,card_or_thumbnail,unassigned_library_asset,[],0,False,False,
asset:wp-6991,https://www.klkoleo.com/wp-content/uploads/2023/04/2023-04-KLK-OLEO-Global-Presence-Mandarin.jpg,image/jpeg,1076,692,2023 04 KLK OLEO Global Presence Mandarin,2023 04 KLK OLEO Global Presence Mandarin,2023 04 KLK OLEO Global Presence Mandarin,editorial_image,unassigned_library_asset,[],0,False,False,
asset:wp-6983,https://www.klkoleo.com/wp-content/uploads/2023/04/English-KLK-OLEO-Embrace-Natural-Beauty.pdf,application/pdf,,,English-KLK OLEO-Embrace Natural Beauty,,English-KLK OLEO-Embrace Natural Beauty,download,unassigned_library_asset,[],0,False,True,Missing alt text
asset:wp-6980,https://www.klkoleo.com/wp-content/uploads/2023/04/Embrace-Natural-Beauty-1.png,image/png,142,200,Embrace Natural Beauty 1,Embrace Natural Beauty with KLK OLEO,Embrace Natural Beauty 1,editorial_image,unassigned_library_asset,[],0,False,False,
asset:wp-6971,https://www.klkoleo.com/wp-content/uploads/2023/04/English-KLK-OLEO-DavosLife-FACT.pdf,application/pdf,,,English-KLK OLEO-DavosLife-FACT,,English-KLK OLEO-DavosLife-FACT,download,unassigned_library_asset,[],0,False,True,Missing alt text
asset:wp-6968,https://www.klkoleo.com/wp-content/uploads/2023/04/DavosLife-FACT.png,image/png,142,200,DavosLife FACT,DavosLife FACT,DavosLife FACT,editorial_image,unassigned_library_asset,[],0,False,False,
asset:wp-6951,https://www.klkoleo.com/wp-content/uploads/2023/04/PALMESTER-3575-MCT.png,image/png,200,142,PALMESTER 3575 MCT,PALMESTER 3575 MCT,PALMESTER 3575 MCT,editorial_image,unassigned_library_asset,[],0,False,False,
asset:wp-6948,https://www.klkoleo.com/wp-content/uploads/2023/04/PALMESTER-4001.png,image/png,142,200,PALMESTER 4001,PALMESTER 4001,PALMESTER 4001,editorial_image,unassigned_library_asset,[],0,False,False,
asset:wp-6945,https://www.klkoleo.com/wp-content/uploads/2023/04/PALMESTER-5305.png,image/png,142,200,PALMESTER 5305,PALMESTER 5305,PALMESTER 5305,editorial_image,unassigned_library_asset,[],0,False,False,
asset:wp-6898,https://www.klkoleo.com/wp-content/uploads/2023/04/PNG-NYSCC-Supliers-Day-2023-Thumbnail-02.png,image/png,1000,1000,KLK OLEO NYSCC 2023,KLK OLEO NYSCC 2023,KLK OLEO NYSCC 2023,card_or_thumbnail,unassigned_library_asset,[],0,False,False,
asset:wp-6892,https://www.klkoleo.com/wp-content/uploads/2023/04/EN-KLK-OLEO-Green-Solutions-for-Plastic-Industries-Leaflet-TPOZ-S.pdf,application/pdf,,,[EN] KLK OLEO- Green Solutions for Plastic Industries-Leaflet-TPOZ-S,,[EN] KLK OLEO- Green Solutions for Plastic Industries-Leaflet-TPOZ-S,download,unassigned_library_asset,[],0,False,True,Missing alt text
asset:wp-6889,https://www.klkoleo.com/wp-content/uploads/2023/04/CHI-KLK-OLEO-Green-Solutions-for-Plastic-Industries-Leaflet.pdf,application/pdf,,,[CHI] KLK OLEO- Green Solutions for Plastic Industries-Leaflet,,[CHI] KLK OLEO- Green Solutions for Plastic Industries-Leaflet,download,unassigned_library_asset,[],0,False,True,Missing alt text
asset:wp-6822,https://www.klkoleo.com/wp-content/uploads/2023/04/CITE-Japan-2023-Key-Highlights.png,image/png,1151,501,CITE Japan 2023 Key Highlights,CITE Japan 2023 Key Highlights,CITE Japan 2023 Key Highlights,banner_candidate,unassigned_library_asset,[],0,False,False,
asset:wp-6808,https://www.klkoleo.com/wp-content/uploads/2021/11/Traceability-KLK-Oleo-20230406-s.pdf,application/pdf,,,Traceability-KLK-Oleo-20230406-s,,Traceability-KLK-Oleo-20230406-s,download,unassigned_library_asset,[],0,False,True,Missing alt text
asset:wp-6799,https://www.klkoleo.com/wp-content/uploads/2023/03/Animal-Health.png,image/png,30,30,Animal Health,Animal Health,Animal Health,card_or_thumbnail,unassigned_library_asset,[],0,False,False,
asset:wp-6796,https://www.klkoleo.com/wp-content/uploads/2021/11/Traceability-KLK-Oleo-20230303-s.pdf,application/pdf,,,Traceability-KLK-Oleo-20230303-s,,Traceability-KLK-Oleo-20230303-s,download,unassigned_library_asset,[],0,False,True,Missing alt text
asset:wp-6791,https://www.klkoleo.com/wp-content/uploads/2023/03/Polysorbates-PDF-1.jpg,image/jpeg,4961,7016,Polysorbates PDF 1,Polysorbates PDF 1,Polysorbates PDF 1,editorial_image,unassigned_library_asset,[],0,False,False,
asset:wp-6788,https://www.klkoleo.com/wp-content/uploads/2023/03/Polysorbates-PDF-24.jpg,image/jpeg,4961,7016,Polysorbates PDF 24,Polysorbates PDF 24,Polysorbates PDF 24,editorial_image,unassigned_library_asset,[],0,False,False,
asset:wp-6785,https://www.klkoleo.com/wp-content/uploads/2023/03/Polysorbates-PDF-23.jpg,image/jpeg,4961,7016,Polysorbates PDF 23,Polysorbates PDF 23,Polysorbates PDF 23,editorial_image,unassigned_library_asset,[],0,False,False,
asset:wp-6782,https://www.klkoleo.com/wp-content/uploads/2023/03/Polysorbates-PDF-22.jpg,image/jpeg,4961,7016,Polysorbates PDF 22,Polysorbates PDF 22,Polysorbates PDF 22,editorial_image,unassigned_library_asset,[],0,False,False,
asset:wp-6779,https://www.klkoleo.com/wp-content/uploads/2023/03/Polysorbates-PDF-21.jpg,image/jpeg,4961,7016,Polysorbates PDF 21,Polysorbates PDF 21,Polysorbates PDF 21,editorial_image,unassigned_library_asset,[],0,False,False,
asset:wp-6776,https://www.klkoleo.com/wp-content/uploads/2023/03/Polysorbates-PDF-20.jpg,image/jpeg,4961,7016,Polysorbates PDF 20,Polysorbates PDF 20,Polysorbates PDF 20,editorial_image,unassigned_library_asset,[],0,False,False,
asset:wp-6773,https://www.klkoleo.com/wp-content/uploads/2023/03/Polysorbates-PDF-19.jpg,image/jpeg,4961,7016,Polysorbates PDF 19,Polysorbates PDF 19,Polysorbates PDF 19,editorial_image,unassigned_library_asset,[],0,False,False,
asset:wp-6770,https://www.klkoleo.com/wp-content/uploads/2023/03/Polysorbates-PDF-18.jpg,image/jpeg,4961,7016,Polysorbates PDF 18,Polysorbates PDF 18,Polysorbates PDF 18,editorial_image,unassigned_library_asset,[],0,False,False,
asset:wp-6767,https://www.klkoleo.com/wp-content/uploads/2023/03/Polysorbates-PDF-17.jpg,image/jpeg,4961,7016,Polysorbates PDF 17,Polysorbates PDF 17,Polysorbates PDF 17,editorial_image,unassigned_library_asset,[],0,False,False,
asset:wp-6764,https://www.klkoleo.com/wp-content/uploads/2023/03/Polysorbates-PDF-16.jpg,image/jpeg,4961,7016,Polysorbates PDF 16,Polysorbates PDF 16,Polysorbates PDF 16,editorial_image,unassigned_library_asset,[],0,False,False,
asset:wp-6761,https://www.klkoleo.com/wp-content/uploads/2023/03/Polysorbates-PDF-15.jpg,image/jpeg,4961,7016,Polysorbates PDF 15,Polysorbates PDF 15,Polysorbates PDF 15,editorial_image,unassigned_library_asset,[],0,False,False,
asset:wp-6758,https://www.klkoleo.com/wp-content/uploads/2023/03/Polysorbates-PDF-14.jpg,image/jpeg,4961,7016,Polysorbates PDF 14,Polysorbates PDF 14,Polysorbates PDF 14,editorial_image,unassigned_library_asset,[],0,False,False,
asset:wp-6755,https://www.klkoleo.com/wp-content/uploads/2023/03/Polysorbates-PDF-13.jpg,image/jpeg,4961,7016,Polysorbates PDF 13,Polysorbates PDF 13,Polysorbates PDF 13,editorial_image,unassigned_library_asset,[],0,False,False,
asset:wp-6752,https://www.klkoleo.com/wp-content/uploads/2023/03/Polysorbates-PDF-12.jpg,image/jpeg,4961,7016,Polysorbates PDF 12,Polysorbates PDF 12,Polysorbates PDF 12,editorial_image,unassigned_library_asset,[],0,False,False,
asset:wp-6749,https://www.klkoleo.com/wp-content/uploads/2023/03/Polysorbates-PDF-11.jpg,image/jpeg,4961,7016,Polysorbates PDF 11,Polysorbates PDF 11,Polysorbates PDF 11,editorial_image,unassigned_library_asset,[],0,False,False,
asset:wp-6746,https://www.klkoleo.com/wp-content/uploads/2023/03/Polysorbates-PDF-10.jpg,image/jpeg,4961,7016,Polysorbates PDF 10,Polysorbates PDF 10,Polysorbates PDF 10,editorial_image,unassigned_library_asset,[],0,False,False,
asset:wp-6743,https://www.klkoleo.com/wp-content/uploads/2023/03/Polysorbates-PDF-9.jpg,image/jpeg,4961,7016,Polysorbates PDF 9,Polysorbates PDF 9,Polysorbates PDF 9,editorial_image,unassigned_library_asset,[],0,False,False,
asset:wp-6740,https://www.klkoleo.com/wp-content/uploads/2023/03/Polysorbates-PDF-8.jpg,image/jpeg,4961,7016,Polysorbates PDF 8,Polysorbates PDF 8,Polysorbates PDF 8,editorial_image,unassigned_library_asset,[],0,False,False,
asset:wp-6737,https://www.klkoleo.com/wp-content/uploads/2023/03/Polysorbates-PDF-7.jpg,image/jpeg,4961,7016,Polysorbates PDF 7,Polysorbates PDF 7,Polysorbates PDF 7,editorial_image,unassigned_library_asset,[],0,False,False,
asset:wp-6734,https://www.klkoleo.com/wp-content/uploads/2023/03/Polysorbates-PDF-6.jpg,image/jpeg,4961,7016,Polysorbates PDF 6,Polysorbates PDF 6,Polysorbates PDF 6,editorial_image,unassigned_library_asset,[],0,False,False,
asset:wp-6731,https://www.klkoleo.com/wp-content/uploads/2023/03/Polysorbates-PDF-5.jpg,image/jpeg,4961,7016,Polysorbates PDF 5,Polysorbates PDF 5,Polysorbates PDF 5,editorial_image,unassigned_library_asset,[],0,False,False,
asset:wp-6728,https://www.klkoleo.com/wp-content/uploads/2023/03/Polysorbates-PDF-4.jpg,image/jpeg,4961,7016,Polysorbates PDF 4,Polysorbates PDF 4,Polysorbates PDF 4,editorial_image,unassigned_library_asset,[],0,False,False,
asset:wp-6725,https://www.klkoleo.com/wp-content/uploads/2023/03/Polysorbates-PDF-3.jpg,image/jpeg,4961,7016,Polysorbates PDF 3,Polysorbates PDF 3,Polysorbates PDF 3,editorial_image,unassigned_library_asset,[],0,False,False,
asset:wp-6722,https://www.klkoleo.com/wp-content/uploads/2023/03/Polysorbates-PDF-2.jpg,image/jpeg,4961,7016,Polysorbates PDF 2,Polysorbates PDF 2,Polysorbates PDF 2,editorial_image,unassigned_library_asset,[],0,False,False,
asset:wp-6605,https://www.klkoleo.com/wp-content/uploads/2023/03/PALMESTER-MCT-icon.png,image/png,142,201,PALMESTER MCT icon,PALMESTER MCT icon,PALMESTER MCT icon,logo_or_icon,unassigned_library_asset,[],0,False,False,
asset:wp-6600,https://www.klkoleo.com/wp-content/uploads/2023/03/DavosLife-E3-DVP-30-WD.pdf,application/pdf,,,DavosLife E3 DVP 30-WD,,DavosLife E3 DVP 30-WD,download,unassigned_library_asset,[],0,False,True,Missing alt text
asset:wp-6597,https://www.klkoleo.com/wp-content/uploads/2023/03/DavosLife-Biocarotene.pdf,application/pdf,,,DavosLife-Biocarotene,,DavosLife-Biocarotene,download,unassigned_library_asset,[],0,False,True,Missing alt text
asset:wp-6594,https://www.klkoleo.com/wp-content/uploads/2023/03/PALMESTER-Triacetin.jpg,image/jpeg,2481,3508,PALMESTER Triacetin,PALMESTER Triacetin,PALMESTER Triacetin,editorial_image,unassigned_library_asset,[],0,False,False,
asset:wp-6591,https://www.klkoleo.com/wp-content/uploads/2023/03/PALMESTER-MCT-Oil-Powder.png,image/png,596,842,PALMESTER MCT Oil Powder,PALMESTER MCT Oil Powder,PALMESTER MCT Oil Powder,editorial_image,unassigned_library_asset,[],0,False,False,
asset:wp-6588,https://www.klkoleo.com/wp-content/uploads/2023/03/DavosLife-658i.png,image/png,1241,1754,DavosLife 658i,DavosLife 658i,DavosLife 658i,editorial_image,unassigned_library_asset,[],0,False,False,
asset:wp-6562,https://www.klkoleo.com/wp-content/uploads/2023/03/Complete-Beauty-Skin-Care-Ingredients.jpg,image/jpeg,2481,3508,Complete Beauty Skin Care Ingredients,Complete Beauty Skin Care Ingredients,Complete Beauty Skin Care Ingredients,editorial_image,unassigned_library_asset,[],0,False,False,
asset:wp-6556,https://www.klkoleo.com/wp-content/uploads/2023/03/SYMPARE-MES-icon.png,image/png,142,201,SYMPARE MES icon,SYMPARE MES icon,SYMPARE MES icon,logo_or_icon,unassigned_library_asset,[],0,False,False,
asset:wp-6544,https://www.klkoleo.com/wp-content/uploads/2023/03/KLK-OLEO-PALMFONATE-MES.pdf,application/pdf,,,KLK OLEO-PALMFONATE MES,,KLK OLEO-PALMFONATE MES,download,unassigned_library_asset,[],0,False,True,Missing alt text
asset:wp-6523,https://www.klkoleo.com/wp-content/uploads/2023/03/POC2023.png,image/png,906,270,POC2023,POC2023,POC2023,banner_candidate,unassigned_library_asset,[],0,False,False,
asset:wp-6519,https://www.klkoleo.com/wp-content/uploads/2023/03/KLK-OLEO-TENSOPOL-SLS.pdf,application/pdf,,,KLK OLEO-TENSOPOL SLS,,KLK OLEO-TENSOPOL SLS,download,unassigned_library_asset,[],0,False,True,Missing alt text
asset:wp-6516,https://www.klkoleo.com/wp-content/uploads/2023/03/KLK-OLEO-TENSAGEX-SLES.pdf,application/pdf,,,KLK OLEO-TENSAGEX SLES,,KLK OLEO-TENSAGEX SLES,download,unassigned_library_asset,[],0,False,True,Missing alt text
asset:wp-6513,https://www.klkoleo.com/wp-content/uploads/2023/03/Home-Care-Ingredients.jpg,image/jpeg,2481,3508,Home Care Ingredients,Home Care Ingredients,Home Care Ingredients,editorial_image,unassigned_library_asset,[],0,False,False,
asset:wp-6503,https://www.klkoleo.com/wp-content/uploads/2023/03/Your-Trusted-Global-Partner-for-Lubricant-Solutions.pdf,application/pdf,,,Your Trusted Global Partner for Lubricant Solutions,,Your Trusted Global Partner for Lubricant Solutions,download,unassigned_library_asset,[],0,False,True,Missing alt text
asset:wp-6500,https://www.klkoleo.com/wp-content/uploads/2023/03/Your-Trusted-Global-Partner-for-Lubricant-Solutions.png,image/png,142,201,Your Trusted Global Partner for Lubricant Solutions,Your Trusted Global Partner for Lubricant Solutions,Your Trusted Global Partner for Lubricant Solutions,editorial_image,unassigned_library_asset,[],0,False,False,
asset:wp-6493,https://www.klkoleo.com/wp-content/uploads/2023/03/PALMESTER-FRHF_Page_03.png,image/png,1754,1241,PALMESTER FRHF Page 03,PALMESTER FRHF Page 03,PALMESTER FRHF Page 03,editorial_image,unassigned_library_asset,[],0,False,False,
asset:wp-6490,https://www.klkoleo.com/wp-content/uploads/2023/03/PALMESTER-FRHF_Page_02.png,image/png,1754,1241,PALMESTER FRHF Page 02,PALMESTER FRHF Page 02,PALMESTER FRHF Page 02,editorial_image,unassigned_library_asset,[],0,False,False,
asset:wp-6487,https://www.klkoleo.com/wp-content/uploads/2023/03/PALMESTER-FRHF_Page_01.png,image/png,1754,1241,PALMESTER FRHF Page 01,PALMESTER FRHF Page 01,PALMESTER FRHF Page 01,editorial_image,unassigned_library_asset,[],0,False,False,
asset:wp-6484,https://www.klkoleo.com/wp-content/uploads/2023/03/PALMESTER-FRHF_Page_11.png,image/png,2339,1654,PALMESTER FRHF Page 11,PALMESTER FRHF Page 11,PALMESTER FRHF Page 11,editorial_image,unassigned_library_asset,[],0,False,False,
asset:wp-6481,https://www.klkoleo.com/wp-content/uploads/2023/03/PALMESTER-FRHF_Page_10.png,image/png,1766,1249,PALMESTER FRHF Page 10,PALMESTER FRHF Page 10,PALMESTER FRHF Page 10,editorial_image,unassigned_library_asset,[],0,False,False,
asset:wp-6478,https://www.klkoleo.com/wp-content/uploads/2023/03/PALMESTER-FRHF_Page_09.png,image/png,1766,1249,PALMESTER FRHF Page 09,PALMESTER FRHF Page 09,PALMESTER FRHF Page 09,editorial_image,unassigned_library_asset,[],0,False,False,
asset:wp-6475,https://www.klkoleo.com/wp-content/uploads/2023/03/PALMESTER-FRHF_Page_08.png,image/png,1754,1241,PALMESTER FRHF Page 08,PALMESTER FRHF Page 08,PALMESTER FRHF Page 08,editorial_image,unassigned_library_asset,[],0,False,False,
asset:wp-6472,https://www.klkoleo.com/wp-content/uploads/2023/03/PALMESTER-FRHF_Page_07.png,image/png,1754,1241,PALMESTER FRHF Page 07,PALMESTER FRHF Page 07,PALMESTER FRHF Page 07,editorial_image,unassigned_library_asset,[],0,False,False,
asset:wp-6469,https://www.klkoleo.com/wp-content/uploads/2023/03/PALMESTER-FRHF_Page_06.png,image/png,2491,1762,PALMESTER FRHF Page 06,PALMESTER FRHF Page 06,PALMESTER FRHF Page 06,editorial_image,unassigned_library_asset,[],0,False,False,
asset:wp-6466,https://www.klkoleo.com/wp-content/uploads/2023/03/PALMESTER-FRHF_Page_05.png,image/png,2491,1762,PALMESTER FRHF Page 05,PALMESTER FRHF Page 05,PALMESTER FRHF Page 05,editorial_image,unassigned_library_asset,[],0,False,False,
asset:wp-6463,https://www.klkoleo.com/wp-content/uploads/2023/03/PALMESTER-FRHF_Page_04.png,image/png,2339,1654,PALMESTER FRHF Page 04,PALMESTER FRHF Page 04,PALMESTER FRHF Page 04,editorial_image,unassigned_library_asset,[],0,False,False,
asset:wp-6452,https://www.klkoleo.com/wp-content/uploads/2023/03/KLK-OLEO-PALMESTER-Biolubricant-Base-Oil-For-MWF-Soluble-Oil-Applications.pdf,application/pdf,,,KLK OLEO-PALMESTER Biolubricant Base Oil For MWF Soluble Oil Applications,,KLK OLEO-PALMESTER Biolubricant Base Oil For MWF Soluble Oil Applications,download,unassigned_library_asset,[],0,False,True,Missing alt text
asset:wp-6447,https://www.klkoleo.com/wp-content/uploads/2023/02/PALMESTER-Biolubricant-Base-Oil-For-MWF-Neat-Oil-Applications.pdf,application/pdf,,,PALMESTER Biolubricant Base Oil For MWF Neat Oil Applications,,PALMESTER Biolubricant Base Oil For MWF Neat Oil Applications,download,unassigned_library_asset,[],0,False,True,Missing alt text
asset:wp-6443,https://www.klkoleo.com/wp-content/uploads/2023/02/PALMESTER-2083-2088-2090-Leaflet.pdf,application/pdf,,,PALMESTER 2083-2088-2090 Leaflet,,PALMESTER 2083-2088-2090 Leaflet,download,unassigned_library_asset,[],0,False,True,Missing alt text
asset:wp-6437,https://www.klkoleo.com/wp-content/uploads/2023/02/English-PALMERGY-Biodiesel-Leaflet.pdf,application/pdf,,,English-PALMERGY Biodiesel-Leaflet,,English-PALMERGY Biodiesel-Leaflet,download,unassigned_library_asset,[],0,False,True,Missing alt text
asset:wp-6434,https://www.klkoleo.com/wp-content/uploads/2023/02/English-PALMESTER-3970-Biolubricant-Base-Oil-Leaflet.pdf,application/pdf,,,English-PALMESTER 3970 Biolubricant Base Oil (Leaflet),,English-PALMESTER 3970 Biolubricant Base Oil (Leaflet),download,unassigned_library_asset,[],0,False,True,Missing alt text
asset:wp-6422,https://www.klkoleo.com/wp-content/uploads/2023/02/PALMESTER-Biolubricant-Base-Oil.pdf,application/pdf,,,PALMESTER Biolubricant Base Oil,,PALMESTER Biolubricant Base Oil,download,unassigned_library_asset,[],0,False,True,Missing alt text
asset:wp-6419,https://www.klkoleo.com/wp-content/uploads/2023/02/KLK-Refineries-01.png,image/png,596,842,KLK Refineries 01,KLK Refineries 01,KLK Refineries 01,editorial_image,unassigned_library_asset,[],0,False,False,
asset:wp-6416,https://www.klkoleo.com/wp-content/uploads/2023/02/KLK-Refineries-04.png,image/png,596,843,KLK Refineries 04,KLK Refineries 04,KLK Refineries 04,editorial_image,unassigned_library_asset,[],0,False,False,
asset:wp-6413,https://www.klkoleo.com/wp-content/uploads/2023/02/KLK-Refineries-08.png,image/png,596,843,KLK Refineries 08,KLK Refineries 08,KLK Refineries 08,editorial_image,unassigned_library_asset,[],0,False,False,
asset:wp-6410,https://www.klkoleo.com/wp-content/uploads/2023/02/KLK-Refineries-07.png,image/png,596,843,KLK Refineries 07,KLK Refineries 07,KLK Refineries 07,editorial_image,unassigned_library_asset,[],0,False,False,
asset:wp-6407,https://www.klkoleo.com/wp-content/uploads/2023/02/KLK-Refineries-06.png,image/png,596,843,KLK Refineries 06,KLK Refineries 06,KLK Refineries 06,editorial_image,unassigned_library_asset,[],0,False,False,
asset:wp-6404,https://www.klkoleo.com/wp-content/uploads/2023/02/KLK-Refineries-05.png,image/png,596,843,KLK Refineries 05,KLK Refineries 05,KLK Refineries 05,editorial_image,unassigned_library_asset,[],0,False,False,
asset:wp-6401,https://www.klkoleo.com/wp-content/uploads/2023/02/KLK-Refineries-03.png,image/png,596,842,KLK Refineries 03,KLK Refineries 03,KLK Refineries 03,editorial_image,unassigned_library_asset,[],0,False,False,
asset:wp-6398,https://www.klkoleo.com/wp-content/uploads/2023/02/KLK-Refineries-02.png,image/png,596,842,KLK Refineries 02,KLK Refineries 02,KLK Refineries 02,editorial_image,unassigned_library_asset,[],0,False,False,
asset:wp-6368,https://www.klkoleo.com/wp-content/uploads/2023/02/KLK-OLEO-PALMERA-Stearic-Acid.pdf,application/pdf,,,KLK OLEO-PALMERA Stearic Acid,,KLK OLEO-PALMERA Stearic Acid,download,unassigned_library_asset,[],0,False,True,Missing alt text
asset:wp-6356,https://www.klkoleo.com/wp-content/uploads/2023/02/KLK-OLEO-PALMERA-B1801.pdf,application/pdf,,,KLK OLEO-PALMERA B1801,,KLK OLEO-PALMERA B1801,download,unassigned_library_asset,[],0,False,True,Missing alt text
asset:wp-6353,https://www.klkoleo.com/wp-content/uploads/2023/02/KLK-OLEO-PALMOWAX-EBS.pdf,application/pdf,,,KLK OLEO-PALMOWAX EBS,,KLK OLEO-PALMOWAX EBS,download,unassigned_library_asset,[],0,False,True,Missing alt text
asset:wp-6350,https://www.klkoleo.com/wp-content/uploads/2023/02/KLK-OLEO-PALMOWAX-EBO.pdf,application/pdf,,,KLK OLEO-PALMOWAX EBO,,KLK OLEO-PALMOWAX EBO,download,unassigned_library_asset,[],0,False,True,Missing alt text
asset:wp-6347,https://www.klkoleo.com/wp-content/uploads/2023/02/KLK-OLEO-PALMESTER-3976-PETS.pdf,application/pdf,,,KLK OLEO-PALMESTER 3976 PETS,,KLK OLEO-PALMESTER 3976 PETS,download,unassigned_library_asset,[],0,False,True,Missing alt text
asset:wp-6344,https://www.klkoleo.com/wp-content/uploads/2023/02/KLK-OLEO-PALMERE-ME.pdf,application/pdf,,,KLK OLEO-PALMERE ME,,KLK OLEO-PALMERE ME,download,unassigned_library_asset,[],0,False,True,Missing alt text
asset:wp-6337,https://www.klkoleo.com/wp-content/uploads/2023/02/Home-Care-Ingredients-icon.png,image/png,142,201,Home Care Ingredients,Home Care Ingredients,Home Care Ingredients,logo_or_icon,unassigned_library_asset,[],0,False,False,
asset:wp-6328,https://www.klkoleo.com/wp-content/uploads/2023/02/DavosLife-E3-Tocotrienols.png,image/png,200,142,DavosLife E3 Tocotrienols,DavosLife E3 Tocotrienols,DavosLife E3 Tocotrienols,editorial_image,unassigned_library_asset,[],0,False,False,
asset:wp-6323,https://www.klkoleo.com/wp-content/uploads/2023/02/DavosLife-658i-icon.png,image/png,142,201,DavosLife 658i icon,DavosLife 658i icon,DavosLife 658i icon,logo_or_icon,unassigned_library_asset,[],0,False,False,
asset:wp-6318,https://www.klkoleo.com/wp-content/uploads/2023/02/DavosLife_DVP-30-WD.png,image/png,142,142,DavosLife DVP 30 WD,DavosLife DVP 30 WD,DavosLife DVP 30 WD,card_or_thumbnail,unassigned_library_asset,[],0,False,False,
asset:wp-6313,https://www.klkoleo.com/wp-content/uploads/2023/02/DavosLife_Biocarotene.png,image/png,142,142,DavosLife Biocarotene,DavosLife Biocarotene,DavosLife Biocarotene,card_or_thumbnail,unassigned_library_asset,[],0,False,False,
asset:wp-6295,https://www.klkoleo.com/wp-content/uploads/2023/02/Complete-Beauty-Skin-Care-Ingredients-s.png,image/png,142,201,Complete Beauty Skin Care Ingredients,Complete Beauty Skin Care Ingredients,Complete Beauty Skin Care Ingredients,editorial_image,unassigned_library_asset,[],0,False,False,
asset:wp-6290,https://www.klkoleo.com/wp-content/uploads/2023/02/PALMFONATE-MES.png,image/png,200,142,PALMFONATE MES,PALMFONATE MES,PALMFONATE MES,editorial_image,unassigned_library_asset,[],2,False,False,
asset:wp-6285,https://www.klkoleo.com/wp-content/uploads/2023/02/PALMOCOL-Cover.png,image/png,142,144,PALMOCOL Cover,PALMOCOL Cover,PALMOCOL Cover,card_or_thumbnail,unassigned_library_asset,[],0,False,False,
asset:wp-6276,https://www.klkoleo.com/wp-content/uploads/2023/02/PALMESTER-Biolubricant-Base-Oil.png,image/png,142,200,PALMESTER Biolubricant Base Oil,PALMESTER Biolubricant Base Oil,PALMESTER Biolubricant Base Oil,editorial_image,unassigned_library_asset,[],0,False,False,
asset:wp-6235,https://www.klkoleo.com/wp-content/uploads/2023/02/KLK-OLEO-Green-Solutions-for-Plastic-Industries.pdf,application/pdf,,,KLK OLEO-Green Solutions for Plastic Industries,,KLK OLEO-Green Solutions for Plastic Industries,download,unassigned_library_asset,[],0,False,True,Missing alt text
asset:wp-6231,https://www.klkoleo.com/wp-content/uploads/2023/02/Green-Solutions-for-Plastic-Industries.png,image/png,142,200,Green Solutions for Plastic Industries,Green Solutions for Plastic Industries,Green Solutions for Plastic Industries,editorial_image,unassigned_library_asset,[],0,False,False,
asset:wp-6194,https://www.klkoleo.com/wp-content/uploads/2023/02/Refineries-Brochure-01.png,image/png,659,439,KLK Refineries Brochure,Refineries Brochure 01,Refineries Brochure 01,editorial_image,unassigned_library_asset,[],0,False,False,
asset:wp-6188,https://www.klkoleo.com/wp-content/uploads/2023/02/Refinery.png,image/png,600,175,KLK Refineries,KLK Refineries,KLK Refineries,banner_candidate,unassigned_library_asset,[],0,False,False,
asset:wp-6162,https://www.klkoleo.com/wp-content/uploads/2023/02/Polymer.png,image/png,600,175,Polymer,Polymer Banner,Polymer,banner_candidate,unassigned_library_asset,[],0,False,False,
asset:wp-6133,https://www.klkoleo.com/wp-content/uploads/2023/01/2023-01-06-Global-events-email-banner.png,image/png,681,175,KLK OLEO Global Exhibitions 2023,KLK OLEO Global Exhibitions 2023,KLK OLEO Global Exhibitions 2023,banner_candidate,unassigned_library_asset,[],0,False,False,
asset:wp-6130,https://www.klkoleo.com/wp-content/uploads/2023/01/2023-01-06-Global-events-email-banner-R1.png,image/png,1500,385,KLK OLEO Global Exhibitions 2023,KLK OLEO Global Exhibitions 2023,KLK OLEO Global Exhibitions 2023,banner_candidate,unassigned_library_asset,[],0,False,False,
asset:wp-6117,https://www.klkoleo.com/wp-content/uploads/2023/01/2023-KLK-OLEO-e-invite-to-NYSCC.png,image/png,1201,1201,2023 KLK OLEO e invite to NYSCC,2023 KLK OLEO e invite to NYSCC,2023 KLK OLEO e invite to NYSCC,card_or_thumbnail,unassigned_library_asset,[],0,False,False,
asset:wp-6110,https://www.klkoleo.com/wp-content/uploads/2023/01/2022-12-01-NEWS-The-Star-Export-Excellence-Award-Newspaper.pdf,application/pdf,,,2022-12-01-[NEWS]-The Star Export Excellence Award-Newspaper,,2022-12-01-[NEWS]-The Star Export Excellence Award-Newspaper,download,unassigned_library_asset,[],0,False,True,Missing alt text
asset:wp-6107,https://www.klkoleo.com/wp-content/uploads/2023/01/2022-12-15-NEWS-EEA-2022-Star-Special-Supplement-KLK-OLEO.pdf,application/pdf,,,2022-12-15-[NEWS]-EEA 2022 Star Special Supplement-KLK OLEO),,2022-12-15-[NEWS]-EEA 2022 Star Special Supplement-KLK OLEO),download,unassigned_library_asset,[],0,False,True,Missing alt text
asset:wp-6085,https://www.klkoleo.com/wp-content/uploads/2023/01/3F1A6174.jpg,image/jpeg,5018,2099,MSOSH Award 2023 Winners,MSOSH Award 2023 Winners,MSOSH Award 2023 Winners,banner_candidate,unassigned_library_asset,[],0,False,False,
asset:wp-6079,https://www.klkoleo.com/wp-content/uploads/2023/01/IMG20221221122154.jpg,image/jpeg,3812,2129,Palm-Oleo team posing with both Gold Class I plaques & trophies,Palm-Oleo team posing with both Gold Class I plaques & trophies,Palm-Oleo team posing with both Gold Class I plaques & trophies,editorial_image,unassigned_library_asset,[],0,False,False,
asset:wp-6065,https://www.klkoleo.com/wp-content/uploads/2020/04/POC-Bursa-Malaysia.png,image/png,154,94,POC Bursa Malaysia,POC Bursa Malaysia,POC Bursa Malaysia,editorial_image,linked_to_in_scope_content,"[""page:https-www-klkoleo-com-palm-and-lauric-oils-price-outlook-conference-exhibition-2""]",0,False,False,
asset:wp-6055,https://www.klkoleo.com/wp-content/uploads/2022/12/PALMERE-Fractionated-Methyl-Esters.png,image/png,200,142,PALMERE Fractionated Methyl Esters,PALMERE Fractionated Methyl Esters,PALMERE Fractionated Methyl Esters,editorial_image,unassigned_library_asset,[],0,False,False,
asset:wp-6052,https://www.klkoleo.com/wp-content/uploads/2022/12/PALMESTER-1578-Triacetin.png,image/png,142,200,PALMESTER 1578 Triacetin,PALMESTER 1578 Triacetin,PALMESTER 1578 Triacetin,editorial_image,unassigned_library_asset,[],0,False,False,
asset:wp-6049,https://www.klkoleo.com/wp-content/uploads/2022/12/PALMERGY-Distilled-Palm-Methyl-Ester.png,image/png,142,200,PALMERGY Distilled Palm Methyl Ester,PALMERGY Distilled Palm Methyl Ester,PALMERGY Distilled Palm Methyl Ester,editorial_image,unassigned_library_asset,[],0,False,False,
asset:wp-6046,https://www.klkoleo.com/wp-content/uploads/2022/12/PALMERE-ME-Green-Ingredient-for-Bio-plasticiser.png,image/png,142,200,PALMERE ME Green Ingredient for Bio plasticiser,PALMERE ME Green Ingredient for Bio plasticiser,PALMERE ME Green Ingredient for Bio plasticiser,editorial_image,unassigned_library_asset,[],0,False,False,
asset:wp-6043,https://www.klkoleo.com/wp-content/uploads/2022/12/Tensianol-Syndet-Bases.png,image/png,142,200,Tensianol Syndet Bases,Tensianol Syndet Bases,Tensianol Syndet Bases,editorial_image,unassigned_library_asset,[],0,False,False,
asset:wp-6040,https://www.klkoleo.com/wp-content/uploads/2022/12/PALMOWAX-EBS-Ethylene-Bis-Stearamide.png,image/png,142,200,PALMOWAX EBS Ethylene Bis Stearamide,PALMOWAX EBS Ethylene Bis Stearamide,PALMOWAX EBS Ethylene Bis Stearamide,editorial_image,unassigned_library_asset,[],0,False,False,
asset:wp-6037,https://www.klkoleo.com/wp-content/uploads/2022/12/PALMOSALT-Soap-Noodles.png,image/png,142,200,PALMOSALT Soap Noodles,PALMOSALT Soap Noodles,PALMOSALT Soap Noodles,editorial_image,unassigned_library_asset,[],0,False,False,
asset:wp-6034,https://www.klkoleo.com/wp-content/uploads/2022/12/PALMESTER-Wax-Esters.png,image/png,142,200,PALMESTER Wax Esters,PALMESTER Wax Esters,PALMESTER Wax Esters,editorial_image,unassigned_library_asset,[],0,False,False,
asset:wp-6031,https://www.klkoleo.com/wp-content/uploads/2022/12/PALMESTER-Glycerol-Tri-2-Ethylhexanoate.png,image/png,142,200,PALMESTER Glycerol Tri 2 Ethylhexanoate,PALMESTER Glycerol Tri 2 Ethylhexanoate,PALMESTER Glycerol Tri 2 Ethylhexanoate,editorial_image,unassigned_library_asset,[],0,False,False,
asset:wp-6028,https://www.klkoleo.com/wp-content/uploads/2022/12/PALMESTER-for-MWF-Soluble-Oil-Applications.png,image/png,142,200,PALMESTER for MWF Soluble Oil Applications,PALMESTER for MWF Soluble Oil Applications,PALMESTER for MWF Soluble Oil Applications,editorial_image,unassigned_library_asset,[],0,False,False,
asset:wp-6025,https://www.klkoleo.com/wp-content/uploads/2022/12/PALMESTER-for-MWF-Neat-Oil-Applications.png,image/png,142,200,PALMESTER for MWF Neat Oil Applications,PALMESTER for MWF Neat Oil Applications,PALMESTER for MWF Neat Oil Applications,editorial_image,unassigned_library_asset,[],0,False,False,
asset:wp-6022,https://www.klkoleo.com/wp-content/uploads/2022/12/PALMESTER-Cetyl-Ethylhexanoate.png,image/png,142,200,PALMESTER Cetyl Ethylhexanoate,PALMESTER Cetyl Ethylhexanoate,PALMESTER Cetyl Ethylhexanoate,editorial_image,unassigned_library_asset,[],0,False,False,
asset:wp-6019,https://www.klkoleo.com/wp-content/uploads/2022/12/PALMESTER-2083-2088-2090-API-Group-V-Synthetic-Fluid.png,image/png,142,200,PALMESTER 2083 2088 2090 API Group V Synthetic Fluid,PALMESTER 2083 2088 2090 API Group V Synthetic Fluid,PALMESTER 2083 2088 2090 API Group V Synthetic Fluid,editorial_image,unassigned_library_asset,[],0,False,False,
asset:wp-6016,https://www.klkoleo.com/wp-content/uploads/2022/12/PALMERA-B1801-Triple-Pressed-Stearic-Acid.png,image/png,142,200,PALMERA B1801 Triple Pressed Stearic Acid,PALMERA B1801 Triple Pressed Stearic Acid,PALMERA B1801 Triple Pressed Stearic Acid,editorial_image,unassigned_library_asset,[],0,False,False,
asset:wp-6013,https://www.klkoleo.com/wp-content/uploads/2022/12/PALMOWAX-EBO-Ethylene-Bis-Oleamide.jpg,image/jpeg,142,200,PALMOWAX EBO Ethylene Bis Oleamide,PALMOWAX EBO Ethylene Bis Oleamide,PALMOWAX EBO Ethylene Bis Oleamide,editorial_image,unassigned_library_asset,[],0,False,False,
asset:wp-6010,https://www.klkoleo.com/wp-content/uploads/2022/12/TENSAGEX-SLES-Sodium-Laureth-Sulphate.jpg,image/jpeg,141,200,TENSAGEX SLES Sodium Laureth Sulphate,TENSAGEX SLES Sodium Laureth Sulphate,TENSAGEX SLES Sodium Laureth Sulphate,editorial_image,unassigned_library_asset,[],0,False,False,
asset:wp-6007,https://www.klkoleo.com/wp-content/uploads/2022/12/TENSOPOL-SLS-Sodium-Lauryl-Sulphate.jpg,image/jpeg,141,200,TENSOPOL SLS Sodium Lauryl Sulphate,TENSOPOL SLS Sodium Lauryl Sulphate,TENSOPOL SLS Sodium Lauryl Sulphate,editorial_image,unassigned_library_asset,[],0,False,False,
asset:wp-5998,https://www.klkoleo.com/wp-content/uploads/2022/12/PALMFONATE-MES-Methyl-Ester-Sulphonates.png,image/png,142,200,PALMFONATE MES Methyl Ester Sulphonates,PALMFONATE MES Methyl Ester Sulphonates,PALMFONATE MES Methyl Ester Sulphonates,editorial_image,unassigned_library_asset,[],0,False,False,
asset:wp-5995,https://www.klkoleo.com/wp-content/uploads/2022/12/SYMPARE-MES-Methyl-Ester-Sulphonates.png,image/png,200,142,SYMPARE MES Methyl Ester Sulphonates,SYMPARE MES Methyl Ester Sulphonates,SYMPARE MES Methyl Ester Sulphonates,editorial_image,unassigned_library_asset,[],0,False,False,
asset:wp-5992,https://www.klkoleo.com/wp-content/uploads/2022/12/Phase-Change-Material.png,image/png,200,142,Phase Change Material,Phase Change Material,Phase Change Material,editorial_image,unassigned_library_asset,[],0,False,False,
asset:wp-5989,https://www.klkoleo.com/wp-content/uploads/2022/12/PALMOWAX-EBS-for-ABS-Application.png,image/png,200,142,PALMOWAX EBS for ABS Application,PALMOWAX EBS for ABS Application,PALMOWAX EBS for ABS Application,editorial_image,unassigned_library_asset,[],0,False,False,
asset:wp-5986,https://www.klkoleo.com/wp-content/uploads/2022/12/PALMESTER-MCT-Medium-Chain-Triglycerides.png,image/png,200,142,PALMESTER MCT Medium Chain Triglycerides,PALMESTER MCT Medium Chain Triglycerides,PALMESTER MCT Medium Chain Triglycerides,editorial_image,unassigned_library_asset,[],0,False,False,
asset:wp-5983,https://www.klkoleo.com/wp-content/uploads/2022/12/PALMESTER-Green-Solvents-for-Ceramic-Ink.png,image/png,200,142,PALMESTER Green Solvents for Ceramic Ink,PALMESTER Green Solvents for Ceramic Ink,PALMESTER Green Solvents for Ceramic Ink,editorial_image,unassigned_library_asset,[],0,False,False,
asset:wp-5980,https://www.klkoleo.com/wp-content/uploads/2022/12/PALMESTER-for-Fire-Resistant-Hydraulic-Fluid-Applications.png,image/png,200,142,PALMESTER for Fire Resistant Hydraulic Fluid Applications,PALMESTER for Fire Resistant Hydraulic Fluid Applications,PALMESTER for Fire Resistant Hydraulic Fluid Applications,editorial_image,unassigned_library_asset,[],0,False,False,
asset:wp-5977,https://www.klkoleo.com/wp-content/uploads/2022/12/PALMERA-Stearic-Acid.png,image/png,200,142,PALMERA Stearic Acid,PALMERA Stearic Acid,PALMERA Stearic Acid,editorial_image,unassigned_library_asset,[],0,False,False,
asset:wp-5974,https://www.klkoleo.com/wp-content/uploads/2022/12/PALMESTER-PETS-Pentaerythritol-Tetrastearate.png,image/png,142,200,PALMESTER PETS Pentaerythritol Tetrastearate,PALMESTER PETS Pentaerythritol Tetrastearate,PALMESTER PETS Pentaerythritol Tetrastearate,editorial_image,unassigned_library_asset,[],0,False,False,
asset:wp-5971,https://www.klkoleo.com/wp-content/uploads/2022/12/PALMESTER-3970-API-Group-V-Synthetic-Fluid.png,image/png,142,200,PALMESTER 3970 API Group V Synthetic Fluid,PALMESTER 3970 API Group V Synthetic Fluid,PALMESTER 3970 API Group V Synthetic Fluid,editorial_image,unassigned_library_asset,[],0,False,False,
asset:wp-5968,https://www.klkoleo.com/wp-content/uploads/2022/12/PALMESTER-1412-API-Group-V-Synthetic-Fluid.png,image/png,142,200,PALMESTER 1412 API Group V Synthetic Fluid,PALMESTER 1412 API Group V Synthetic Fluid,PALMESTER 1412 API Group V Synthetic Fluid,editorial_image,unassigned_library_asset,[],0,False,False,
asset:wp-5959,https://www.klkoleo.com/wp-content/uploads/2022/12/Corporate-Responsibility_Community.png,image/png,30,30,Corporate Responsibility Community,Corporate Responsibility Community,Corporate Responsibility Community,card_or_thumbnail,unassigned_library_asset,[],0,False,False,
asset:wp-5956,https://www.klkoleo.com/wp-content/uploads/2022/12/Corporate-Responsibility_Environment.png,image/png,30,30,Corporate Responsibility Environment,Corporate Responsibility Environment,Corporate Responsibility Environment,card_or_thumbnail,unassigned_library_asset,[],0,False,False,
asset:wp-5953,https://www.klkoleo.com/wp-content/uploads/2022/12/Corporate-Responsibility_Employees.png,image/png,30,30,Corporate Responsibility Employees,Corporate Responsibility Employees,Corporate Responsibility Employees,card_or_thumbnail,unassigned_library_asset,[],0,False,False,
asset:wp-5950,https://www.klkoleo.com/wp-content/uploads/2022/12/Corporate-Responsibility_Education.png,image/png,30,30,Corporate Responsibility Education,Corporate Responsibility Education,Corporate Responsibility Education,card_or_thumbnail,unassigned_library_asset,[],0,False,False,
asset:wp-5942,https://www.klkoleo.com/wp-content/uploads/2020/04/POC-01.png,image/png,154,94,Palm Oil Conference,Palm Oil Conference,Palm Oil Conference,editorial_image,unassigned_library_asset,[],0,False,False,
asset:wp-5938,https://www.klkoleo.com/wp-content/uploads/2022/12/ICIS.png,image/png,154,94,ICIS,ICIS World Surfactants,ICIS,editorial_image,linked_to_in_scope_content,"[""page:https-www-klkoleo-com-11th-icis-asian-surfactants-conference""]",0,False,False,
asset:wp-5933,https://www.klkoleo.com/wp-content/uploads/2022/12/CITE-Japan.png,image/png,154,94,CITE Japan,CITE Japan,CITE Japan,editorial_image,unassigned_library_asset,[],0,False,False,
asset:wp-5922,https://www.klkoleo.com/wp-content/uploads/2022/12/IMAGE-2022-KLK-Manufacturing-Xmas.png,image/png,1340,740,IMAGE 2022 KLK Manufacturing Xmas,IMAGE 2022 KLK Manufacturing Xmas,IMAGE 2022 KLK Manufacturing Xmas,banner_candidate,unassigned_library_asset,[],0,False,False,
asset:wp-5917,https://www.klkoleo.com/wp-content/uploads/2022/12/GIF-2022-KLK-Manufacturing-Xmas.gif,image/gif,600,331,GIF 2022 KLK Manufacturing Xmas,2022 KLK Manufacturing Christmas,2022 KLK Manufacturing Christmas,banner_candidate,unassigned_library_asset,[],0,False,False,
asset:wp-5865,https://www.klkoleo.com/wp-content/uploads/2022/11/THUMB-2022-12-HI-Europe-LinkedIn-S.png,image/png,600,600,[THUMB] 2022-12-HI-Europe-LinkedIn-S,KLK OLEO e-invite to Health Ingredients Europe 2022,,card_or_thumbnail,linked_to_in_scope_content,"[""page:https-www-klkoleo-com-archive-by-year-2022""]",0,False,False,
asset:wp-5799,https://www.klkoleo.com/wp-content/uploads/2022/11/Trophy.jpg,image/jpeg,812,417,Trophy,The Edge KLK Berhad Trophy,,banner_candidate,linked_to_in_scope_content,"[""page:https-www-klkoleo-com-news-media-klks-ceo-tan-sri-dato-seri-lee-oi-hian-named-the-edge-billion-ringgit-club-2022s-outstanding-ceo-value-creator""]",0,False,False,
asset:wp-5796,https://www.klkoleo.com/wp-content/uploads/2022/11/The-Edge-BRC-Group.png,image/png,1200,800,The Edge BRC-Group,The Edge BRC Value Creator: Malaysia's Outstanding CEO,,editorial_image,linked_to_in_scope_content,"[""page:https-www-klkoleo-com-news-media-klks-ceo-tan-sri-dato-seri-lee-oi-hian-named-the-edge-billion-ringgit-club-2022s-outstanding-ceo-value-creator""]",0,False,False,
asset:wp-5787,https://www.klkoleo.com/wp-content/uploads/2022/10/WEB-2022-10-in-cos-Asia-2022-Image.png,image/png,600,600,[WEB]-2022-10-in-cos-Asia-2022-Image,Discover KLK OLEO’s complete beauty and personal care ingredients at in-cosmetics Asia!,,card_or_thumbnail,linked_to_in_scope_content,"[""page:https-www-klkoleo-com-archive-by-year-2022""]",0,False,False,
asset:wp-5765,https://www.klkoleo.com/wp-content/uploads/2022/10/KLK-Group-Picture-Deloitte-Award.png,image/png,1920,1005,KLK Group Picture-Deloitte Award,KLK Proud to be one of Malaysia's Best Managed Companies 2022,,banner_candidate,linked_to_in_scope_content,"[""page:https-www-klkoleo-com-news-media-klk-is-proud-to-be-one-of-malaysias-best-managed-companies-2022""]",0,False,False,
asset:wp-5762,https://www.klkoleo.com/wp-content/uploads/2022/10/Deloitte-Award.jpg,image/jpeg,512,512,Deloitte Award,KLK Deloitte Award 2022,,card_or_thumbnail,unassigned_library_asset,[],0,False,False,
asset:wp-5696,https://www.klkoleo.com/wp-content/uploads/2022/10/GIF-2022-KLK-Manufacturing-Deepavali.gif,image/gif,1340,740,[GIF] 2022-KLK-Manufacturing-Deepavali,Happy Deepavali from KLK OLEO,,banner_candidate,unassigned_library_asset,[],0,False,False,
asset:wp-5692,https://www.klkoleo.com/wp-content/uploads/2021/11/Traceability-KLK-Oleo-20221007-s.pdf,application/pdf,,,Traceability-KLK-Oleo-20221007-s,,Traceability-KLK-Oleo-20221007-s,download,unassigned_library_asset,[],0,False,True,Missing alt text
asset:wp-5683,https://www.klkoleo.com/wp-content/uploads/2021/11/Traceability-KLK-Oleo-20220930-s.pdf,application/pdf,,,Traceability-KLK-Oleo-20220930-s,,Traceability-KLK-Oleo-20220930-s,download,unassigned_library_asset,[],0,False,True,Missing alt text
asset:wp-5680,https://www.klkoleo.com/wp-content/uploads/2022/10/KLK-OLEO-e-invite-to-VFA-2022-sq.jpg,image/jpeg,1201,1201,KLK OLEO e-invite to VFA 2022-sq,KLK OLEO e-invite to Vitafoods Asia 2022,,card_or_thumbnail,linked_to_in_scope_content,"[""page:https-www-klkoleo-com-archive-by-year-2022"",""page:https-www-klkoleo-com-news-media-klk-oleo-davos-life-science-invites-you-to-vitafoods-asia""]",0,False,False,
asset:wp-5677,https://www.klkoleo.com/wp-content/uploads/2022/10/KLK-OLEO-e-invite-to-VFA-2022-r.jpg,image/jpeg,1921,1081,KLK OLEO e-invite to VFA 2022-r,KLK OLEO e-invite to Vitafoods Asia 2022,,editorial_image,unassigned_library_asset,[],0,False,False,
asset:wp-5672,https://www.klkoleo.com/wp-content/uploads/2022/10/OFIC-2022.jpg,image/jpeg,154,94,OFIC 2022,OFIC 2022,,editorial_image,unassigned_library_asset,[],0,False,False,
asset:wp-5651,https://www.klkoleo.com/wp-content/uploads/2022/09/Beauty-Personal-Care.png,image/png,296,209,Beauty-Personal-Care,KLK OLEO Beauty & Personal Care Ingredients,,editorial_image,unassigned_library_asset,[],0,False,False,
asset:wp-5646,https://www.klkoleo.com/wp-content/uploads/2022/09/Water-Repellency.png,image/png,30,30,Water Repellency,Water Repellency,,card_or_thumbnail,unassigned_library_asset,[],0,False,False,
asset:wp-5643,https://www.klkoleo.com/wp-content/uploads/2022/09/Surface-Finish-Improver.png,image/png,30,30,Surface Finish Improver,Surface Finish Improver,,card_or_thumbnail,unassigned_library_asset,[],0,False,False,
asset:wp-5640,https://www.klkoleo.com/wp-content/uploads/2022/09/Slip-Additive.png,image/png,30,30,Slip Additive,Slip Additive,,card_or_thumbnail,unassigned_library_asset,[],0,False,False,
asset:wp-5637,https://www.klkoleo.com/wp-content/uploads/2022/09/Processing-Aid.png,image/png,30,30,Processing Aid,Processing Aid,,card_or_thumbnail,unassigned_library_asset,[],0,False,False,
asset:wp-5634,https://www.klkoleo.com/wp-content/uploads/2022/09/Plasticiser.png,image/png,30,30,Plasticiser,Plasticiser,,card_or_thumbnail,unassigned_library_asset,[],0,False,False,
asset:wp-5631,https://www.klkoleo.com/wp-content/uploads/2022/09/Pigment-Dispersant.png,image/png,30,30,Pigment Dispersant,Pigment Dispersant,,card_or_thumbnail,unassigned_library_asset,[],0,False,False,
asset:wp-5628,https://www.klkoleo.com/wp-content/uploads/2022/09/Mould-Release-Agent-.png,image/png,30,30,Mould Release Agent,Mould Release Agent,,card_or_thumbnail,unassigned_library_asset,[],0,False,False,
asset:wp-5625,https://www.klkoleo.com/wp-content/uploads/2022/09/Matting-Agent.png,image/png,30,30,Matting Agent,Matting Agent,,card_or_thumbnail,unassigned_library_asset,[],0,False,False,
asset:wp-5622,https://www.klkoleo.com/wp-content/uploads/2022/09/Internal-Lubrication.png,image/png,30,30,Internal Lubrication,Internal Lubrication,,card_or_thumbnail,unassigned_library_asset,[],0,False,False,
asset:wp-5619,https://www.klkoleo.com/wp-content/uploads/2022/09/Flow-Improver.png,image/png,30,30,Flow Improver,Flow Improver,,card_or_thumbnail,unassigned_library_asset,[],0,False,False,
asset:wp-5616,https://www.klkoleo.com/wp-content/uploads/2022/09/Feedstock-1.png,image/png,30,30,Feedstock,Feedstock,,card_or_thumbnail,unassigned_library_asset,[],0,False,False,
asset:wp-5607,https://www.klkoleo.com/wp-content/uploads/2022/09/Yayasan-KLK-R2.jpg,image/jpeg,1920,795,Yayasan-KLK-R2,KLK Yayasan,,banner_candidate,unassigned_library_asset,[],12,False,False,
asset:wp-5603,https://www.klkoleo.com/wp-content/uploads/2022/09/KLKOLEO-Kunstsoffe-HalfPageVertical-9-2022-Website.pdf,application/pdf,,,KLKOLEO-Kunstsoffe-HalfPageVertical-9-2022-Website,,,download,unassigned_library_asset,[],4,False,True,Missing alt text
asset:wp-5599,https://www.klkoleo.com/wp-content/uploads/2022/09/2022-07-UL-Solutions-eNewsletter-Showcase-PDF1-01.jpg,image/jpeg,1241,1754,2022-07-UL-Solutions-eNewsletter-Showcase-PDF1-01,KLK OLEO Embrace Natural Beauty,,editorial_image,unassigned_library_asset,[],12,False,False,
asset:wp-5596,https://www.klkoleo.com/wp-content/uploads/2022/09/2022-07-UL-Solutions-eNewsletter-Showcase-PDF2-01.jpg,image/jpeg,1241,1754,2022-07-UL-Solutions-eNewsletter-Showcase-PDF2-01,"KLK OLEO Don't be Emo, be Emollient",,editorial_image,unassigned_library_asset,[],12,False,False,
asset:wp-5592,https://www.klkoleo.com/wp-content/uploads/2022/09/DavosLife-E3-Tocotrienols_Page_1-scaled.jpg,image/jpeg,2560,1811,DavosLife E3 Tocotrienols_Page_1,DavosLife E3 Tocotrienols,,editorial_image,unassigned_library_asset,[],13,False,False,
asset:wp-5589,https://www.klkoleo.com/wp-content/uploads/2022/09/DavosLife-E3-Tocotrienols_Page_2-scaled.jpg,image/jpeg,2560,1810,DavosLife E3 Tocotrienols_Page_2,DavosLife E3 Tocotrienols Evidence-based Benefits,,editorial_image,unassigned_library_asset,[],13,False,False,
asset:wp-5545,https://www.klkoleo.com/wp-content/uploads/2022/09/2018-Carotene.jpg,image/jpeg,190,190,2018-Carotene,Davos Life Science Products,,card_or_thumbnail,linked_to_in_scope_content,"[""page:https-www-klkoleo-com-timeline-post-2018-2"",""page:https-www-klkoleo-com-timeline-post-2018-6"",""page:https-www-klkoleo-com-timeline-post-2018-7""]",4,False,False,
asset:wp-5529,https://www.klkoleo.com/wp-content/uploads/2022/09/2022-MBS-Album28-scaled.jpg,image/jpeg,2560,2048,2022-MBS-Album28,MBS Farewell Album Pg 28,,editorial_image,unassigned_library_asset,[],13,False,False,
asset:wp-5526,https://www.klkoleo.com/wp-content/uploads/2022/09/2022-MBS-Album8-scaled.jpg,image/jpeg,2560,1024,2022-MBS-Album8,MBS Farewell Album Pg 8,,banner_candidate,unassigned_library_asset,[],13,False,False,
asset:wp-5523,https://www.klkoleo.com/wp-content/uploads/2022/09/2022-MBS-Album7-scaled.jpg,image/jpeg,2560,1024,2022-MBS-Album7,MBS Farewell Album Pg 7,,banner_candidate,unassigned_library_asset,[],13,False,False,
asset:wp-5520,https://www.klkoleo.com/wp-content/uploads/2022/09/2022-MBS-Album6-scaled.jpg,image/jpeg,2560,1024,2022-MBS-Album6,MBS Farewell Album Pg 6,,banner_candidate,unassigned_library_asset,[],13,False,False,
asset:wp-5517,https://www.klkoleo.com/wp-content/uploads/2022/09/2022-MBS-Album5-scaled.jpg,image/jpeg,2560,1024,2022-MBS-Album5,MBS Farewell Album Pg 5,,banner_candidate,unassigned_library_asset,[],13,False,False,
asset:wp-5514,https://www.klkoleo.com/wp-content/uploads/2022/09/2022-MBS-Album4-scaled.jpg,image/jpeg,2560,1024,2022-MBS-Album4,MBS Farewell Album Pg 4,,banner_candidate,unassigned_library_asset,[],13,False,False,
asset:wp-5511,https://www.klkoleo.com/wp-content/uploads/2022/09/2022-MBS-Album3-scaled.jpg,image/jpeg,2560,1024,2022-MBS-Album3,MBS Farewell Album Pg 3,,banner_candidate,unassigned_library_asset,[],13,False,False,
asset:wp-5508,https://www.klkoleo.com/wp-content/uploads/2022/09/2022-MBS-Album2-scaled.jpg,image/jpeg,2560,1024,2022-MBS-Album2,MBS Farewell Album Pg 2,,banner_candidate,unassigned_library_asset,[],13,False,False,
asset:wp-5505,https://www.klkoleo.com/wp-content/uploads/2022/09/2022-MBS-Album-scaled.jpg,image/jpeg,2560,2048,2022-MBS-Album,MBS Farewell Album Cover,,editorial_image,unassigned_library_asset,[],13,False,False,
asset:wp-5502,https://www.klkoleo.com/wp-content/uploads/2022/09/2022-MBS-Album27-scaled.jpg,image/jpeg,2560,1024,2022-MBS-Album27,MBS Farewell Album Pg 27,,banner_candidate,unassigned_library_asset,[],13,False,False,
asset:wp-5499,https://www.klkoleo.com/wp-content/uploads/2022/09/2022-MBS-Album26-scaled.jpg,image/jpeg,2560,1024,2022-MBS-Album26,MBS Farewell Album Pg 26,,banner_candidate,unassigned_library_asset,[],13,False,False,
asset:wp-5496,https://www.klkoleo.com/wp-content/uploads/2022/09/2022-MBS-Album25-scaled.jpg,image/jpeg,2560,1024,2022-MBS-Album25,MBS Farewell Album Pg 25,,banner_candidate,unassigned_library_asset,[],13,False,False,
asset:wp-5493,https://www.klkoleo.com/wp-content/uploads/2022/09/2022-MBS-Album24-scaled.jpg,image/jpeg,2560,1024,2022-MBS-Album24,MBS Farewell Album Pg 24,,banner_candidate,unassigned_library_asset,[],13,False,False,
asset:wp-5490,https://www.klkoleo.com/wp-content/uploads/2022/09/2022-MBS-Album23-scaled.jpg,image/jpeg,2560,1024,2022-MBS-Album23,MBS Farewell Album Pg 23,,banner_candidate,unassigned_library_asset,[],13,False,False,
asset:wp-5487,https://www.klkoleo.com/wp-content/uploads/2022/09/2022-MBS-Album22-scaled.jpg,image/jpeg,2560,1024,2022-MBS-Album22,MBS Farewell Album Pg 22,,banner_candidate,unassigned_library_asset,[],13,False,False,
asset:wp-5484,https://www.klkoleo.com/wp-content/uploads/2022/09/2022-MBS-Album21-scaled.jpg,image/jpeg,2560,1024,2022-MBS-Album21,MBS Farewell Album Pg 21,,banner_candidate,unassigned_library_asset,[],13,False,False,
asset:wp-5481,https://www.klkoleo.com/wp-content/uploads/2022/09/2022-MBS-Album20-scaled.jpg,image/jpeg,2560,1024,2022-MBS-Album20,MBS Farewell Album Pg 20,,banner_candidate,unassigned_library_asset,[],13,False,False,
asset:wp-5478,https://www.klkoleo.com/wp-content/uploads/2022/09/2022-MBS-Album19-scaled.jpg,image/jpeg,2560,1024,2022-MBS-Album19,MBS Farewell Album Pg 19,,banner_candidate,unassigned_library_asset,[],13,False,False,
asset:wp-5475,https://www.klkoleo.com/wp-content/uploads/2022/09/2022-MBS-Album18-scaled.jpg,image/jpeg,2560,1024,2022-MBS-Album18,MBS Farewell Album Pg 18,,banner_candidate,unassigned_library_asset,[],13,False,False,
asset:wp-5472,https://www.klkoleo.com/wp-content/uploads/2022/09/2022-MBS-Album17-scaled.jpg,image/jpeg,2560,1024,2022-MBS-Album17,MBS Farewell Album Pg 17,,banner_candidate,unassigned_library_asset,[],13,False,False,
asset:wp-5469,https://www.klkoleo.com/wp-content/uploads/2022/09/2022-MBS-Album16-scaled.jpg,image/jpeg,2560,1024,2022-MBS-Album16,MBS Farewell Album Pg 16,,banner_candidate,unassigned_library_asset,[],13,False,False,
asset:wp-5466,https://www.klkoleo.com/wp-content/uploads/2022/09/2022-MBS-Album15-scaled.jpg,image/jpeg,2560,1024,2022-MBS-Album15,MBS Farewell Album Pg 15,,banner_candidate,unassigned_library_asset,[],13,False,False,
asset:wp-5463,https://www.klkoleo.com/wp-content/uploads/2022/09/2022-MBS-Album14-scaled.jpg,image/jpeg,2560,1024,2022-MBS-Album14,MBS Farewell Album Pg 14,,banner_candidate,unassigned_library_asset,[],13,False,False,
asset:wp-5460,https://www.klkoleo.com/wp-content/uploads/2022/09/2022-MBS-Album13-scaled.jpg,image/jpeg,2560,1024,2022-MBS-Album13,MBS Farewell Album Pg 13,,banner_candidate,unassigned_library_asset,[],13,False,False,
asset:wp-5457,https://www.klkoleo.com/wp-content/uploads/2022/09/2022-MBS-Album12-scaled.jpg,image/jpeg,2560,1024,2022-MBS-Album12,MBS Farewell Album Pg 12,,banner_candidate,unassigned_library_asset,[],13,False,False,
asset:wp-5454,https://www.klkoleo.com/wp-content/uploads/2022/09/2022-MBS-Album11-scaled.jpg,image/jpeg,2560,1024,2022-MBS-Album11,MBS Farewell Album Pg 11,,banner_candidate,unassigned_library_asset,[],13,False,False,
asset:wp-5451,https://www.klkoleo.com/wp-content/uploads/2022/09/2022-MBS-Album10-scaled.jpg,image/jpeg,2560,1024,2022-MBS-Album10,MBS Farewell Album Pg 10,,banner_candidate,unassigned_library_asset,[],13,False,False,
asset:wp-5448,https://www.klkoleo.com/wp-content/uploads/2022/09/2022-MBS-Album9-scaled.jpg,image/jpeg,2560,1024,2022-MBS-Album9,MBS Farewell Album Pg 9,,banner_candidate,unassigned_library_asset,[],13,False,False,
asset:wp-5444,https://www.klkoleo.com/wp-content/uploads/2022/09/SPalmOil-01.png,image/png,2481,3508,SPalmOil-01,KLK Let's Talk about Sustainable Palm Oil Cover,,editorial_image,unassigned_library_asset,[],13,False,False,
asset:wp-5441,https://www.klkoleo.com/wp-content/uploads/2022/09/SPalmOil-07.png,image/png,2481,3508,SPalmOil-07,KLK Let's Talk about Sustainable Palm Oil Pg 7,,editorial_image,unassigned_library_asset,[],13,False,False,
asset:wp-5438,https://www.klkoleo.com/wp-content/uploads/2022/09/SPalmOil-06.png,image/png,4135,2924,SPalmOil-06,KLK Let's Talk about Sustainable Palm Oil Pg 6,,editorial_image,unassigned_library_asset,[],13,False,False,
asset:wp-5435,https://www.klkoleo.com/wp-content/uploads/2022/09/SPalmOil-05.png,image/png,2316,1638,SPalmOil-05,KLK Let's Talk about Sustainable Palm Oil Pg 5,,editorial_image,unassigned_library_asset,[],13,False,False,
asset:wp-5432,https://www.klkoleo.com/wp-content/uploads/2022/09/SPalmOil-04.png,image/png,2978,2105,SPalmOil-04,KLK Let's Talk about Sustainable Palm Oil Pg 4,,editorial_image,unassigned_library_asset,[],13,False,False,
asset:wp-5429,https://www.klkoleo.com/wp-content/uploads/2022/09/SPalmOil-03.png,image/png,4135,2924,SPalmOil-03,,,editorial_image,unassigned_library_asset,[],13,False,True,Missing alt text
asset:wp-5426,https://www.klkoleo.com/wp-content/uploads/2022/09/SPalmOil-02.png,image/png,4135,2924,SPalmOil-02,KLK Let's Talk about Sustainable Palm Oil Pg 2,,editorial_image,unassigned_library_asset,[],13,False,False,
asset:wp-5421,https://www.klkoleo.com/wp-content/uploads/2022/09/KLK-OLEO-e-invite-to-SSW.jpg,image/jpeg,1201,1201,KLK OLEO e-invite to SSW,KLK OLEO e-invite to SupplySide West,,card_or_thumbnail,linked_to_in_scope_content,"[""page:https-www-klkoleo-com-archive-by-year-2022"",""page:https-www-klkoleo-com-news-media-elevate-your-products-with-klk-oleo-at-the-upcoming-supplyside-west""]",11,False,False,
asset:wp-5418,https://www.klkoleo.com/wp-content/uploads/2022/09/KLKOLEO-HIKorea-2022.jpg,image/jpeg,1000,1000,KLKOLEO-HIKorea-2022,KLK OLEO e-invite to Health Ingredients (HI) Korea,,card_or_thumbnail,linked_to_in_scope_content,"[""page:https-www-klkoleo-com-news-media-discover-klk-oleos-purpose-led-solutions-for-healthy-ageing-and-healthier-living-at-hi-korea""]",10,False,False,
asset:wp-5414,https://www.klkoleo.com/wp-content/uploads/2022/09/2022-08-K-2022-News.jpg,image/jpeg,1920,1080,2022-08-K 2022-News,KLK OLEO e-invite to K 2022,,editorial_image,linked_to_in_scope_content,"[""page:https-www-klkoleo-com-news-media-visit-us-at-k-2022""]",12,False,False,
asset:wp-5411,https://www.klkoleo.com/wp-content/uploads/2022/09/2022-e-invite-to-K-2022.jpg,image/jpeg,1201,1201,2022-e-invite to K 2022,KLK OLEO e-invite to K 2022,,card_or_thumbnail,unassigned_library_asset,[],11,False,False,
asset:wp-5406,https://www.klkoleo.com/wp-content/uploads/2022/09/in-cos-LATAM-Images-01.jpg,image/jpeg,1920,1080,in-cos-LATAM-Images-01,KLK OLEO e-invite to in-cosmetics latin america 2022,,editorial_image,linked_to_in_scope_content,"[""page:https-www-klkoleo-com-news-media-get-in-touch-with-us-at-the-upcoming-in-cosmetics-latin-america""]",12,False,False,
asset:wp-5403,https://www.klkoleo.com/wp-content/uploads/2022/09/in-cos-LATAM-Media.jpg,image/jpeg,1201,1201,in-cos-LATAM-Media,KLK OLEO e-invite to in-cosmetics latin america 2022,,card_or_thumbnail,unassigned_library_asset,[],11,False,False,
asset:wp-5392,https://www.klkoleo.com/wp-content/uploads/2022/08/2022-08-25-Infographic-Unilver-GIF.png,image/png,1500,7670,2022-08-25-Infographic-Unilver-GIF,DavosLife E3 Tocotrienols Infographic,,editorial_image,unassigned_library_asset,[],13,False,False,
asset:wp-5377,https://www.klkoleo.com/wp-content/uploads/2022/08/KLKOLEO-Global-Presence-CN.png,image/png,1076,692,KLKOLEO-Global Presence-CN,KLK OLEO Global Presence Mandarin,,editorial_image,unassigned_library_asset,[],11,False,False,
asset:wp-5370,https://www.klkoleo.com/wp-content/uploads/2020/04/Hi-Europe.jpg,image/jpeg,154,94,Hi Europe,Health Ingredients Europe,,editorial_image,unassigned_library_asset,[],4,False,False,
asset:wp-5366,https://www.klkoleo.com/wp-content/uploads/2022/08/SEPAWA.jpg,image/jpeg,154,94,SEPAWA,SEPAWA CONGRESS,,editorial_image,linked_to_in_scope_content,"[""page:https-www-klkoleo-com-events"",""page:https-www-klkoleo-com-sepawacongress"",""page:https-www-klkoleo-com-sepawacongress-2""]",4,False,False,
asset:wp-5361,https://www.klkoleo.com/wp-content/uploads/2022/08/Beauty-Istanbul.jpg,image/jpeg,154,94,Beauty Istanbul,Beauty Istanbul,,editorial_image,unassigned_library_asset,[],4,False,False,
asset:wp-5310,https://www.klkoleo.com/wp-content/uploads/2022/06/SPalmOil-07-1.png,image/png,2481,3508,SPalmOil-07,KLK Let's Talk about Sustainable Palm Oil End Cover,,editorial_image,unassigned_library_asset,[],4,False,False,
asset:wp-5307,https://www.klkoleo.com/wp-content/uploads/2022/06/SPalmOil-06-1.png,image/png,4135,2924,SPalmOil-06,KLK Let's Talk about Sustainable Palm Oil Pg 6,,editorial_image,unassigned_library_asset,[],2,False,False,
asset:wp-5304,https://www.klkoleo.com/wp-content/uploads/2022/06/SPalmOil-02-1.png,image/png,4135,2924,SPalmOil-02,KLK Let's Talk about Sustainable Palm Oil Pg 2,,editorial_image,unassigned_library_asset,[],2,False,False,
asset:wp-5301,https://www.klkoleo.com/wp-content/uploads/2022/06/SPalmOil-03-1.png,image/png,4135,2924,SPalmOil-03,KLK Let's Talk about Sustainable Palm Oil Pg 3,,editorial_image,unassigned_library_asset,[],2,False,False,
asset:wp-5298,https://www.klkoleo.com/wp-content/uploads/2022/06/SPalmOil-01-1.png,image/png,2481,3508,SPalmOil-01,KLK Let's Talk about Sustainable Palm Oil Cover,,editorial_image,unassigned_library_asset,[],4,False,False,
asset:wp-5295,https://www.klkoleo.com/wp-content/uploads/2022/06/SPalmOil-03.png,image/png,4135,2924,SPalmOil-03,KLK Let's Talk about Sustainable Palm Oil Pg 3,,editorial_image,unassigned_library_asset,[],4,False,False,
asset:wp-5292,https://www.klkoleo.com/wp-content/uploads/2022/06/SPalmOil-02.png,image/png,4135,2924,SPalmOil-02,KLK Let's Talk about Sustainable Palm Oil Pg 2,,editorial_image,unassigned_library_asset,[],2,False,False,
asset:wp-5289,https://www.klkoleo.com/wp-content/uploads/2022/06/SPalmOil-01.png,image/png,2481,3508,SPalmOil-01,KLK Let's Talk about Sustainable Palm Oil Cover,,editorial_image,unassigned_library_asset,[],4,False,False,
asset:wp-5286,https://www.klkoleo.com/wp-content/uploads/2022/06/SPalmOil-07.png,image/png,2481,3508,SPalmOil-07,KLK Let's Talk about Sustainable Palm Oil Pg 7,,editorial_image,unassigned_library_asset,[],4,False,False,
asset:wp-5283,https://www.klkoleo.com/wp-content/uploads/2022/06/SPalmOil-06.png,image/png,4135,2924,SPalmOil-06,KLK Let's Talk about Sustainable Palm Oil Pg 6,,editorial_image,unassigned_library_asset,[],2,False,False,
asset:wp-5280,https://www.klkoleo.com/wp-content/uploads/2022/06/SPalmOil-05.png,image/png,2316,1638,SPalmOil-05,KLK Let's Talk about Sustainable Palm Oil Pg 5,,editorial_image,unassigned_library_asset,[],13,False,False,
asset:wp-5277,https://www.klkoleo.com/wp-content/uploads/2022/06/SPalmOil-04.png,image/png,2978,2105,SPalmOil-04,KLK Let's Talk about Sustainable Palm Oil Pg 4,,editorial_image,unassigned_library_asset,[],13,False,False,
asset:wp-5248,https://www.klkoleo.com/wp-content/uploads/2022/06/4.jpg,image/jpeg,1240,1754,KLK OLEO Company Profile Reliable,KLK OLEO Company Profile Reliable,,editorial_image,unassigned_library_asset,[],12,False,False,
asset:wp-5245,https://www.klkoleo.com/wp-content/uploads/2022/06/3-c.jpg,image/jpeg,930,1316,KLK OLEO Company Profile Vision Mission,KLK OLEO Company Profile Vision Mission,,editorial_image,unassigned_library_asset,[],11,False,False,
asset:wp-5242,https://www.klkoleo.com/wp-content/uploads/2022/06/2.jpg,image/jpeg,1240,1754,KLK OLEO Company Profile RISE,KLK OLEO Company Profile RISE,,editorial_image,unassigned_library_asset,[],12,False,False,
asset:wp-5239,https://www.klkoleo.com/wp-content/uploads/2022/06/1.jpg,image/jpeg,1240,1754,KLK OLEO Company Profile RISE Cover,KLK OLEO Company Profile RISE Cover,,editorial_image,unassigned_library_asset,[],12,False,False,
asset:wp-5236,https://www.klkoleo.com/wp-content/uploads/2022/06/8.png,image/png,1240,1754,KLK OLEO Company Profile RISE End Cover,KLK OLEO Company Profile RISE End Cover,,editorial_image,unassigned_library_asset,[],12,False,False,
asset:wp-5233,https://www.klkoleo.com/wp-content/uploads/2022/06/7.jpg,image/jpeg,1240,1754,KLK OLEO Company Profile Efficient,KLK OLEO Company Profile Efficient,,editorial_image,unassigned_library_asset,[],12,False,False,
asset:wp-5230,https://www.klkoleo.com/wp-content/uploads/2022/06/6.jpg,image/jpeg,1240,1754,KLK OLEO Company Profile Sustainable,KLK OLEO Company Profile Sustainable,,editorial_image,unassigned_library_asset,[],12,False,False,
asset:wp-5227,https://www.klkoleo.com/wp-content/uploads/2022/06/5.jpg,image/jpeg,1240,1754,KLK OLEO Company Profile Integrated,KLK OLEO Company Profile Integrated,,editorial_image,unassigned_library_asset,[],12,False,False,
asset:wp-5187,https://www.klkoleo.com/wp-content/uploads/2022/06/incos-noam.jpg,image/jpeg,154,94,incos-noam,in-cosmetics north america,,editorial_image,unassigned_library_asset,[],4,False,False,
asset:wp-5184,https://www.klkoleo.com/wp-content/uploads/2022/06/incos-latam.jpg,image/jpeg,154,94,incos-latam,in-cosmetics latin america,,editorial_image,linked_to_in_scope_content,"[""page:https-www-klkoleo-com-in-cosmetics-latin-america""]",4,False,False,
asset:wp-5181,https://www.klkoleo.com/wp-content/uploads/2022/06/incos-korea.jpg,image/jpeg,154,94,incos-korea,in-cosmetics korea,,editorial_image,linked_to_in_scope_content,"[""page:https-www-klkoleo-com-in-cosmetics-korea""]",4,False,False,
asset:wp-5178,https://www.klkoleo.com/wp-content/uploads/2022/06/incos-global.jpg,image/jpeg,154,94,incos-global,in-cosmetics global,,editorial_image,unassigned_library_asset,[],4,False,False,
asset:wp-5175,https://www.klkoleo.com/wp-content/uploads/2022/06/incos-asia.jpg,image/jpeg,154,94,incos-asia,in-cosmetics asia,,editorial_image,linked_to_in_scope_content,"[""page:https-www-klkoleo-com-events"",""page:https-www-klkoleo-com-in-cosmetics-asia"",""page:https-www-klkoleo-com-in-cosmetics-asia-2""]",4,False,False,
asset:wp-5172,https://www.klkoleo.com/wp-content/uploads/2022/06/SSW.jpg,image/jpeg,154,94,SSW,SupplySide West,,editorial_image,unassigned_library_asset,[],4,False,False,
asset:wp-5168,https://www.klkoleo.com/wp-content/uploads/2021/11/SYMPATENS-Fatty-Alcohol.jpg,image/jpeg,991,662,SYMPATENS Fatty Alcohol,KLK OLEO SYMPATENS Fatty Alcohol,,editorial_image,linked_to_in_scope_content,"[""page:https-www-klkoleo-com-brand-sympatens-fatty-alcohol-fatty-acid-ethoxylates-triglyceride-ethoxylates"",""page:https-www-klkoleo-com-products-nonionic-surfactants""]",10,False,False,
asset:wp-5165,https://www.klkoleo.com/wp-content/uploads/2019/04/EDENOR-Glycerine-Pharma-Grade.jpg,image/jpeg,991,662,"this is an image of a girl that is using eye drops, which has pharmaceutical-grade glycerine that acts as a non toxic and odourless lubricant.","this is an image of a girl that is using eye drops, which has pharmaceutical-grade glycerine that acts as a non toxic and odourless lubricant.",,editorial_image,linked_to_in_scope_content,"[""page:https-www-klkoleo-com-brand-edenor-glycerine-pharma-grade"",""page:https-www-klkoleo-com-products-glycerine""]",10,False,False,
asset:wp-5162,https://www.klkoleo.com/wp-content/uploads/2020/04/PALMERGY-1.jpg,image/jpeg,991,662,klkoleo is one of the trusted biodiesel suppliers which is an alternative fuel that is similar to the properties of petroleum diesel,klkoleo is one of the trusted biodiesel suppliers which is an alternative fuel that is similar to the properties of petroleum diesel,,editorial_image,linked_to_in_scope_content,"[""page:https-www-klkoleo-com-brand-palmergy-biodiesels"",""page:https-www-klkoleo-com-products-esters""]",10,False,False,
asset:wp-5159,https://www.klkoleo.com/wp-content/uploads/2020/04/3-Artboard-3.jpg,image/jpeg,991,662,Sorbitan esters is a renewable raw materials used in natural personal care application.,Sorbitan esters is a renewable raw materials used in natural personal care application.,,editorial_image,linked_to_in_scope_content,"[""page:https-www-klkoleo-com-brand-kosteran-sorbitan-esters"",""page:https-www-klkoleo-com-products-esters""]",10,False,False,
asset:wp-5158,https://www.klkoleo.com/wp-content/uploads/2021/11/SYMAPRE-MES-01.jpg,image/jpeg,990,663,this is an image of a girl washing her hands using a hand soap that uses sympare MES that is a sustainable ingredient for personal care.,this is an image of a girl washing her hands using a hand soap that uses sympare MES that is a sustainable ingredient for personal care.,,editorial_image,linked_to_in_scope_content,"[""page:https-www-klkoleo-com-brand-sympare-methyl-ester-sulphonates"",""page:https-www-klkoleo-com-products-anionic-surfactants""]",10,False,False,
asset:wp-5153,https://www.klkoleo.com/wp-content/uploads/2020/04/PALMOCOL-Alkanolamides-1.jpg,image/jpeg,991,662,PALMOCOL Alkanolamides,KLK OLEO PALMOCOL Alkanolamides,,editorial_image,linked_to_in_scope_content,"[""page:https-www-klkoleo-com-brand-palmocol-alkanolamides"",""page:https-www-klkoleo-com-products-amides""]",10,False,False,
asset:wp-5127,https://www.klkoleo.com/wp-content/uploads/2022/06/K-Fair-2022-03.jpg,image/jpeg,154,94,K Fair 2022-03,K 2022,,editorial_image,unassigned_library_asset,[],4,False,False,
asset:wp-5113,https://www.klkoleo.com/wp-content/uploads/2020/04/PALMERGY.jpg,image/jpeg,991,662,PALMERGY,KLK OLEO PALMERGY Biodiesels,,editorial_image,unassigned_library_asset,[],10,False,False,
asset:wp-5109,https://www.klkoleo.com/wp-content/uploads/2022/05/KLK-AR2021-SustainabilityReport.pdf,application/pdf,,,KLK-AR2021-SustainabilityReport,,,download,unassigned_library_asset,[],4,False,True,Missing alt text
asset:wp-5104,https://www.klkoleo.com/wp-content/uploads/2022/05/General-Terms-and-Conditions-of-Sale-and-Supply_Palm-Oleo_Rev2-Feb2022.pdf,application/pdf,,,General Terms and Conditions of Sale and Supply_Palm-Oleo_Rev2 Feb2022,,,download,unassigned_library_asset,[],4,False,True,Missing alt text
asset:wp-5101,https://www.klkoleo.com/wp-content/uploads/2022/05/About-Us-R3.jpg,image/jpeg,1920,250,About Us – R3,KLK OLEO About Us Page Banner,,banner_candidate,unassigned_library_asset,[],12,False,False,
asset:wp-5096,https://www.klkoleo.com/wp-content/uploads/2022/05/News-Events-3a.jpg,image/jpeg,1920,250,News & Events-3a,KLK OLEO News & Events Page Banner,,banner_candidate,unassigned_library_asset,[],12,False,False,
asset:wp-5080,https://www.klkoleo.com/wp-content/uploads/2022/05/Palm-Oleo-K.jpg,image/jpeg,1000,750,Palm-Oleo K,Palm-Oleo Sdn Bhd (Palm-Oleo),,editorial_image,linked_to_in_scope_content,"[""page:https-www-klkoleo-com-palm-oleo-klang-sdn-bhd""]",10,False,False,
asset:wp-5060,https://www.klkoleo.com/wp-content/uploads/2022/05/PJO_7040-e.jpg,image/jpeg,512,512,Palm-Oleo won MSOSH Award,Palm-Oleo won MSOSH Award,,card_or_thumbnail,linked_to_in_scope_content,"[""page:https-www-klkoleo-com-archive-by-year-2021""]",7,False,False,
asset:wp-5057,https://www.klkoleo.com/wp-content/uploads/2022/05/IMG-20211125-WA0066.jpg,image/jpeg,1008,756,Palm-Oleo won MSOSH Award,Palm-Oleo won Malaysian Society for Occupational Safety and Health Award,,editorial_image,linked_to_in_scope_content,"[""page:https-www-klkoleo-com-news-media-palm-oleo-won-msosh-award""]",10,False,False,
asset:wp-5054,https://www.klkoleo.com/wp-content/uploads/2022/05/20211125_133213-e-scaled.jpg,image/jpeg,2560,1920,20211125_133213-e,Palm-Oleo won Malaysian Society for Occupational Safety and Health Award,,editorial_image,linked_to_in_scope_content,"[""page:https-www-klkoleo-com-news-media-palm-oleo-won-msosh-award""]",13,False,False,
asset:wp-5049,https://www.klkoleo.com/wp-content/uploads/2022/05/2022-KLKOLEO.jpg,image/jpeg,1920,795,2022-KLKOLEO,KLK OLEO Enriching Human Lives Everyday in Many Ways (English),,banner_candidate,unassigned_library_asset,[],12,False,False,
asset:wp-5046,https://www.klkoleo.com/wp-content/uploads/2022/05/New-Website-KLK-OLEO-Banner_Germany.jpg,image/jpeg,1920,795,New-Website-KLK OLEO Banner_Germany,KLK OLEO Enriching Human Lives Everyday in Many Ways (German),,banner_candidate,unassigned_library_asset,[],12,False,False,
asset:wp-5043,https://www.klkoleo.com/wp-content/uploads/2022/05/New-Website-KLK-OLEO-Banner_Mandarin.jpg,image/jpeg,1920,795,New-Website-KLK OLEO Banner_Mandarin,,,banner_candidate,unassigned_library_asset,[],12,False,True,Missing alt text
asset:wp-5031,https://www.klkoleo.com/wp-content/uploads/2022/05/30-Years-R2-01.png,image/png,288,288,30 Years R2-01,,,card_or_thumbnail,unassigned_library_asset,[],4,False,True,Missing alt text
asset:wp-5027,https://www.klkoleo.com/wp-content/uploads/2022/05/CHPI.png,image/png,154,94,CHPI,,,editorial_image,unassigned_library_asset,[],4,False,True,Missing alt text
asset:wp-4766,https://www.klkoleo.com/wp-content/uploads/2022/02/2019-01-22-Link-Supply-Chain-Management-German-01.jpg,image/jpeg,1200,672,2019-01-22-Link-Supply Chain Management-German-01,,,editorial_image,unassigned_library_asset,[],11,False,True,Missing alt text
asset:wp-4758,https://www.klkoleo.com/wp-content/uploads/2022/02/2018-11-30-Sustainability-Principled-by-Integrity-Chart-DRAFT-FA-German-01.jpg,image/jpeg,1200,707,2018-11-30-Sustainability Principled by Integrity-Chart-DRAFT-FA-German-01,,,editorial_image,unassigned_library_asset,[],11,False,True,Missing alt text
asset:wp-4753,https://www.klkoleo.com/wp-content/uploads/2022/02/2021-11-19-frame-work-german-01-1.png,image/png,1180,1200,2021-11-19-frame work-german-01 (1),,,card_or_thumbnail,unassigned_library_asset,[],11,False,True,Missing alt text
asset:wp-4750,https://www.klkoleo.com/wp-content/uploads/2022/02/2021-11-19-frame-work-german-01.png,image/png,1180,1200,2021-11-19-frame work-german-01,,,card_or_thumbnail,unassigned_library_asset,[],11,False,True,Missing alt text
asset:wp-4107,https://www.klkoleo.com/wp-content/uploads/2022/02/Revive-Range-01.png,image/png,223,250,Revive-Range-01,,,card_or_thumbnail,unassigned_library_asset,[],4,False,True,Missing alt text
asset:wp-4103,https://www.klkoleo.com/wp-content/uploads/2022/02/uber-menu-market-01.png,image/png,223,250,uber-menu-market-01,,,card_or_thumbnail,unassigned_library_asset,[],4,False,True,Missing alt text
asset:wp-4100,https://www.klkoleo.com/wp-content/uploads/2022/02/MegaMenu-Aboutus-01.jpg,image/jpeg,223,250,MegaMenu-Aboutus-01,,,card_or_thumbnail,unassigned_library_asset,[],4,False,True,Missing alt text
asset:wp-3757,https://www.klkoleo.com/wp-content/uploads/2022/02/2021-11-19-frame-work-chinese-01.png,image/png,1085,1200,2021-11-19-frame work-chinese-01,,,card_or_thumbnail,unassigned_library_asset,[],11,False,True,Missing alt text
asset:wp-3704,https://www.klkoleo.com/wp-content/uploads/2022/02/2019-01-22-Link-Supply-Chain-Management-Chinese-01.jpg,image/jpeg,1200,653,2019-01-22-Link-Supply Chain Management-Chinese-01,,,banner_candidate,unassigned_library_asset,[],11,False,True,Missing alt text
asset:wp-3682,https://www.klkoleo.com/wp-content/uploads/2022/02/2018-11-30-Sustainability-Principled-by-Integrity-Chart-DRAFT-FA-Chinese-01.jpg,image/jpeg,1200,707,2018-11-30-Sustainability Principled by Integrity-Chart-DRAFT-FA-Chinese-01,,,editorial_image,unassigned_library_asset,[],11,False,True,Missing alt text
asset:wp-2125,https://www.klkoleo.com/wp-content/uploads/2022/01/2022-MES.png,image/png,1003,415,2022-MES,,,banner_candidate,unassigned_library_asset,[],0,False,True,Missing alt text
asset:wp-2124,https://www.klkoleo.com/wp-content/uploads/2022/01/SYMPARE.png,image/png,1003,415,SYMPARE,,,banner_candidate,unassigned_library_asset,[],0,False,True,Missing alt text
asset:wp-2119,https://www.klkoleo.com/wp-content/uploads/2022/01/2021-CSR-Award-01.png,image/png,772,772,2021-CSR-Award-01,,,card_or_thumbnail,linked_to_in_scope_content,"[""page:https-www-klkoleo-com-archive-by-year-2021"",""page:https-www-klkoleo-com-news-media-klk-received-company-of-the-year-award-for-leadership-in-community-education-scholarship-welfare""]",0,False,True,Missing alt text
asset:wp-2110,https://www.klkoleo.com/wp-content/uploads/2022/01/Receive-Award.png,image/png,817,341,Receive Award,,,banner_candidate,linked_to_in_scope_content,"[""page:https-www-klkoleo-com-news-media-klk-received-company-of-the-year-award-for-leadership-in-community-education-scholarship-welfare""]",0,False,True,Missing alt text
asset:wp-2101,https://www.klkoleo.com/wp-content/uploads/2022/01/2022-KLKOLEO.png,image/png,1920,795,2022-KLKOLEO,,,banner_candidate,unassigned_library_asset,[],0,False,True,Missing alt text
asset:wp-2079,https://www.klkoleo.com/wp-content/uploads/2022/01/2022-01-19-KLK-OLEO-Banner-01.png,image/png,1920,795,2022-01-19-KLK OLEO Banner-01,,,banner_candidate,unassigned_library_asset,[],0,False,True,Missing alt text
asset:wp-2073,https://www.klkoleo.com/wp-content/uploads/2022/01/banner-lubricant-01.jpg,image/jpeg,1920,250,banner-lubricant-01,,,banner_candidate,unassigned_library_asset,[],12,False,True,Missing alt text
asset:wp-2072,https://www.klkoleo.com/wp-content/uploads/2022/01/banner-food-n-nutrition-02.jpg,image/jpeg,1920,250,banner-food-n-nutrition-02,,,banner_candidate,unassigned_library_asset,[],12,False,True,Missing alt text
asset:wp-2071,https://www.klkoleo.com/wp-content/uploads/2022/01/mt-sample-background.jpg,image/jpeg,1920,1280,mt-sample-background,,,editorial_image,unassigned_library_asset,[],6,False,True,Missing alt text
asset:wp-2067,https://www.klkoleo.com/wp-content/uploads/2022/01/News-Header-Banner.png,image/png,1920,250,News-Header-Banner,,,banner_candidate,unassigned_library_asset,[],12,False,True,Missing alt text
asset:wp-2066,https://www.klkoleo.com/wp-content/uploads/2022/01/About-Header-Banner.png,image/png,1920,250,About-Header-Banner,,,banner_candidate,unassigned_library_asset,[],12,False,True,Missing alt text
asset:wp-2063,https://www.klkoleo.com/wp-content/uploads/2020/06/KLKCARE-CR-Report-2019.pdf,application/pdf,,,KLKCARE-CR-Report-2019,,KLKCARE-CR-Report-2019,download,unassigned_library_asset,[],0,False,True,Missing alt text
asset:wp-2062,https://www.klkoleo.com/wp-content/uploads/2022/01/KLKOLEO_PALMFONATE_MES-s.pdf,application/pdf,,,KLKOLEO_PALMFONATE_MES-s,,KLKOLEO_PALMFONATE_MES-s,download,unassigned_library_asset,[],0,False,True,Missing alt text
asset:wp-2059,https://www.klkoleo.com/wp-content/uploads/2022/01/30-Years.png,image/png,288,288,30 Years,,,card_or_thumbnail,unassigned_library_asset,[],4,False,True,Missing alt text
asset:wp-2048,https://www.klkoleo.com/wp-content/uploads/2022/01/FnN-Image-2022.png,image/png,500,361,FnN-Image-2022,,,editorial_image,unassigned_library_asset,[],7,False,True,Missing alt text
asset:wp-2047,https://www.klkoleo.com/wp-content/uploads/2022/01/MS-FnN-MCT-Ads.pdf,application/pdf,,,MS-FnN-MCT-Ads,,MS-FnN-MCT-Ads,download,unassigned_library_asset,[],0,False,True,Missing alt text
asset:wp-2045,https://www.klkoleo.com/wp-content/uploads/2022/01/MS-FnN-MCT_Banner.png,image/png,1003,415,MS-FnN-MCT_Banner,,,banner_candidate,unassigned_library_asset,[],10,False,True,Missing alt text
asset:wp-2044,https://www.klkoleo.com/wp-content/uploads/2022/01/MS-FnN-E3_Banner.png,image/png,1003,415,MS-FnN-E3_Banner,,,banner_candidate,unassigned_library_asset,[],10,False,True,Missing alt text
asset:wp-2043,https://www.klkoleo.com/wp-content/uploads/2022/01/PALMESTER-PC-Ads.pdf,application/pdf,,,PALMESTER-PC-Ads,,PALMESTER-PC-Ads,download,unassigned_library_asset,[],0,False,True,Missing alt text
asset:wp-2042,https://www.klkoleo.com/wp-content/uploads/2022/01/SYMPARE-MES-Ads.pdf,application/pdf,,,SYMPARE-MES-Ads,,SYMPARE-MES-Ads,download,unassigned_library_asset,[],0,False,True,Missing alt text
asset:wp-2041,https://www.klkoleo.com/wp-content/uploads/2022/01/MS-SYMPARE-MES-Banner.png,image/png,1003,415,MS-SYMPARE-MES-Banner,,,banner_candidate,unassigned_library_asset,[],10,False,True,Missing alt text
asset:wp-2028,https://www.klkoleo.com/wp-content/uploads/2022/01/SYMAPRE-MES-01.png,image/png,990,663,SYMAPRE MES-01,,,editorial_image,unassigned_library_asset,[],10,False,True,Missing alt text
asset:wp-2000,https://www.klkoleo.com/wp-content/uploads/2022/01/MS-FnN-PALMESTER-MCT.png,image/png,577,775,MS-FnN-PALMESTER-MCT,,,editorial_image,unassigned_library_asset,[],7,False,True,Missing alt text
asset:wp-1992,https://www.klkoleo.com/wp-content/uploads/2021/12/F-ISO-45001.png,image/png,660,460,F-ISO 45001,,,editorial_image,linked_to_in_scope_content,"[""page:https-www-klkoleo-com-accreditations""]",9,False,True,Missing alt text
asset:wp-1991,https://www.klkoleo.com/wp-content/uploads/2021/12/F-ISO-14001.png,image/png,660,460,F-ISO 14001,,,editorial_image,linked_to_in_scope_content,"[""page:https-www-klkoleo-com-accreditations""]",9,False,True,Missing alt text
asset:wp-1989,https://www.klkoleo.com/wp-content/uploads/2021/12/2021-12-ISO-14001.png,image/png,660,460,2021-12-ISO 14001,,,editorial_image,unassigned_library_asset,[],9,False,True,Missing alt text
asset:wp-1988,https://www.klkoleo.com/wp-content/uploads/2021/12/2021-12-ISO-9001.png,image/png,660,460,2021-12-ISO 9001,,,editorial_image,linked_to_in_scope_content,"[""page:https-www-klkoleo-com-accreditations""]",9,False,True,Missing alt text
asset:wp-1984,https://www.klkoleo.com/wp-content/uploads/2021/12/2021-12ISO-45001.png,image/png,660,460,2021-12ISO 45001,,,editorial_image,unassigned_library_asset,[],9,False,True,Missing alt text
asset:wp-1977,https://www.klkoleo.com/wp-content/uploads/2021/12/2021-Davos-Life-Science-Small.png,image/png,1000,661,2021-Davos Life Science-Small,,,editorial_image,unassigned_library_asset,[],10,False,True,Missing alt text
asset:wp-1976,https://www.klkoleo.com/wp-content/uploads/2021/12/KL-Kepong-Oleomas-scaled.jpg,image/jpeg,2560,1280,KL-Kepong Oleomas,,,banner_candidate,linked_to_in_scope_content,"[""page:https-www-klkoleo-com-kl-kepong-oleomas-sdn-bhd""]",13,False,True,Missing alt text
asset:wp-1975,https://www.klkoleo.com/wp-content/uploads/2021/12/2021-POR.png,image/png,3000,1690,2021-POR,,,editorial_image,linked_to_in_scope_content,"[""page:https-www-klkoleo-com-palm-oleo-sdn-bhd""]",13,False,True,Missing alt text
asset:wp-1970,https://www.klkoleo.com/wp-content/uploads/2021/12/Traceability-KLKOLEO-20211228.pdf,application/pdf,,,Traceability-KLKOLEO-20211228,,Traceability-KLKOLEO-20211228,download,unassigned_library_asset,[],0,False,True,Missing alt text
asset:wp-1967,https://www.klkoleo.com/wp-content/uploads/2021/12/2021-01-29-Link-Tracebility-English-Final-R1_English.png,image/png,500,280,2021-01-29-Link-Tracebility-English-Final-R1_English,,,editorial_image,unassigned_library_asset,[],7,False,True,Missing alt text
asset:wp-1959,https://www.klkoleo.com/wp-content/uploads/2021/12/banner08-01.jpg,image/jpeg,1920,250,banner08-01,,,banner_candidate,unassigned_library_asset,[],12,False,True,Missing alt text
asset:wp-1958,https://www.klkoleo.com/wp-content/uploads/2021/12/banner-polymer-04-01.jpg,image/jpeg,1920,250,banner-polymer-04-01,,,banner_candidate,unassigned_library_asset,[],12,False,True,Missing alt text
asset:wp-1929,https://www.klkoleo.com/wp-content/uploads/2021/12/1-Primary-Surfactant.png,image/png,30,30,1-Primary Surfactant,,,card_or_thumbnail,unassigned_library_asset,[],0,False,True,Missing alt text
asset:wp-1928,https://www.klkoleo.com/wp-content/uploads/2021/12/1-Rust-Preventive-MWF.png,image/png,30,30,1-Rust Preventive MWF,,,card_or_thumbnail,unassigned_library_asset,[],0,False,True,Missing alt text
asset:wp-1927,https://www.klkoleo.com/wp-content/uploads/2021/12/1-Metalworking-Fluids-Neat-Oil.png,image/png,30,30,1-Metalworking Fluids Neat Oil,,,card_or_thumbnail,unassigned_library_asset,[],0,False,True,Missing alt text
asset:wp-1926,https://www.klkoleo.com/wp-content/uploads/2021/12/1-Cutting-oil.png,image/png,30,30,1-Cutting oil,,,card_or_thumbnail,unassigned_library_asset,[],0,False,True,Missing alt text
asset:wp-1925,https://www.klkoleo.com/wp-content/uploads/2021/12/1-Turbine-Oil.png,image/png,30,30,1-Turbine Oil,,,card_or_thumbnail,unassigned_library_asset,[],0,False,True,Missing alt text
asset:wp-1924,https://www.klkoleo.com/wp-content/uploads/2021/12/1-Textile-Lubricant.png,image/png,30,30,1-Textile Lubricant,,,card_or_thumbnail,unassigned_library_asset,[],0,False,True,Missing alt text
asset:wp-1923,https://www.klkoleo.com/wp-content/uploads/2021/12/1-Refrigeration-Oil.png,image/png,30,30,1-Refrigeration Oil,,,card_or_thumbnail,unassigned_library_asset,[],0,False,True,Missing alt text
asset:wp-1922,https://www.klkoleo.com/wp-content/uploads/2021/12/1-Hydraulic-oil.png,image/png,30,30,1-Hydraulic oil,,,card_or_thumbnail,unassigned_library_asset,[],0,False,True,Missing alt text
asset:wp-1921,https://www.klkoleo.com/wp-content/uploads/2021/12/1-Fire-resistant-hydraulic-Fluid.png,image/png,30,30,1-Fire resistant hydraulic Fluid,,,card_or_thumbnail,unassigned_library_asset,[],0,False,True,Missing alt text
asset:wp-1920,https://www.klkoleo.com/wp-content/uploads/2021/12/1-Compressor-oil.png,image/png,30,30,1-Compressor oil,,,card_or_thumbnail,unassigned_library_asset,[],0,False,True,Missing alt text
asset:wp-1919,https://www.klkoleo.com/wp-content/uploads/2021/12/1-Chain-Oil.png,image/png,30,30,1-Chain Oil,,,card_or_thumbnail,unassigned_library_asset,[],0,False,True,Missing alt text
asset:wp-1918,https://www.klkoleo.com/wp-content/uploads/2021/12/1-Synthetic-Semi-Synthetic-Grease.png,image/png,30,30,1-Synthetic – Semi Synthetic Grease,,,card_or_thumbnail,unassigned_library_asset,[],0,False,True,Missing alt text
asset:wp-1917,https://www.klkoleo.com/wp-content/uploads/2021/12/1-High-Temperature-Grease.png,image/png,30,30,1-High Temperature Grease,,,card_or_thumbnail,unassigned_library_asset,[],0,False,True,Missing alt text
asset:wp-1916,https://www.klkoleo.com/wp-content/uploads/2021/12/1-Transmission-Fluid.png,image/png,30,30,1-Transmission Fluid,,,card_or_thumbnail,unassigned_library_asset,[],0,False,True,Missing alt text
asset:wp-1915,https://www.klkoleo.com/wp-content/uploads/2021/12/1-Premium-Racing-Lubricant.png,image/png,30,30,1-Premium- Racing Lubricant,,,card_or_thumbnail,unassigned_library_asset,[],0,False,True,Missing alt text
asset:wp-1914,https://www.klkoleo.com/wp-content/uploads/2021/12/1-4-strokes-motorcycle-oil.png,image/png,30,30,1-4 strokes motorcycle oil,,,card_or_thumbnail,unassigned_library_asset,[],0,False,True,Missing alt text
asset:wp-1913,https://www.klkoleo.com/wp-content/uploads/2021/12/1-4-Strokes-Engine-Oil.png,image/png,30,30,1-4 Strokes Engine Oil,,,card_or_thumbnail,unassigned_library_asset,[],0,False,True,Missing alt text
asset:wp-1911,https://www.klkoleo.com/wp-content/uploads/2021/12/1-Additive.png,image/png,30,30,1-Additive,,,card_or_thumbnail,unassigned_library_asset,[],0,False,True,Missing alt text
asset:wp-1910,https://www.klkoleo.com/wp-content/uploads/2021/12/1-Base-Oil.png,image/png,30,30,1-Base Oil,,,card_or_thumbnail,unassigned_library_asset,[],0,False,True,Missing alt text
asset:wp-1899,https://www.klkoleo.com/wp-content/uploads/2021/12/W-O-Emulsifier.png,image/png,30,30,W-O Emulsifier,,,card_or_thumbnail,unassigned_library_asset,[],0,False,True,Missing alt text
asset:wp-1898,https://www.klkoleo.com/wp-content/uploads/2021/12/W-O-Co-emulsifier.png,image/png,30,30,W-O Co-emulsifier,,,card_or_thumbnail,unassigned_library_asset,[],0,False,True,Missing alt text
asset:wp-1897,https://www.klkoleo.com/wp-content/uploads/2021/12/Thickener.png,image/png,30,30,Thickener,,,card_or_thumbnail,unassigned_library_asset,[],0,False,True,Missing alt text
asset:wp-1896,https://www.klkoleo.com/wp-content/uploads/2021/12/Solubiliser.png,image/png,30,30,Solubiliser,,,card_or_thumbnail,unassigned_library_asset,[],0,False,True,Missing alt text
asset:wp-1895,https://www.klkoleo.com/wp-content/uploads/2021/12/Skin-Conditioner.png,image/png,30,30,Skin Conditioner,,,card_or_thumbnail,unassigned_library_asset,[],0,False,True,Missing alt text
asset:wp-1894,https://www.klkoleo.com/wp-content/uploads/2021/12/Rinse-Aid.png,image/png,30,30,Rinse Aid,,,card_or_thumbnail,unassigned_library_asset,[],0,False,True,Missing alt text
asset:wp-1893,https://www.klkoleo.com/wp-content/uploads/2021/12/Primary-Surfactant.png,image/png,30,30,Primary Surfactant,,,card_or_thumbnail,unassigned_library_asset,[],0,False,True,Missing alt text
asset:wp-1892,https://www.klkoleo.com/wp-content/uploads/2021/12/O-W-Emulsifier.png,image/png,30,30,O-W Emulsifier,,,card_or_thumbnail,unassigned_library_asset,[],0,False,True,Missing alt text
asset:wp-1891,https://www.klkoleo.com/wp-content/uploads/2021/12/O-W-Co-emulsifier.png,image/png,30,30,O-W Co-emulsifier,,,card_or_thumbnail,unassigned_library_asset,[],0,False,True,Missing alt text
asset:wp-1890,https://www.klkoleo.com/wp-content/uploads/2021/12/Low-foaming-Agent.png,image/png,30,30,Low-foaming Agent,,,card_or_thumbnail,unassigned_library_asset,[],0,False,True,Missing alt text
asset:wp-1889,https://www.klkoleo.com/wp-content/uploads/2021/12/Foam-Booster.png,image/png,30,30,Foam Booster,,,card_or_thumbnail,unassigned_library_asset,[],0,False,True,Missing alt text
asset:wp-1888,https://www.klkoleo.com/wp-content/uploads/2021/12/Dissolution-Control-Agent.png,image/png,30,30,Dissolution Control Agent,,,card_or_thumbnail,unassigned_library_asset,[],0,False,True,Missing alt text
asset:wp-1887,https://www.klkoleo.com/wp-content/uploads/2021/12/Dispersing-Agent.png,image/png,30,30,Dispersing Agent,,,card_or_thumbnail,unassigned_library_asset,[],0,False,True,Missing alt text
asset:wp-1886,https://www.klkoleo.com/wp-content/uploads/2021/12/Disinfectant.png,image/png,30,30,Disinfectant,,,card_or_thumbnail,unassigned_library_asset,[],0,False,True,Missing alt text
asset:wp-1885,https://www.klkoleo.com/wp-content/uploads/2021/12/Corrosion-Inhibitor.png,image/png,30,30,Corrosion Inhibitor,,,card_or_thumbnail,unassigned_library_asset,[],0,False,True,Missing alt text
asset:wp-1884,https://www.klkoleo.com/wp-content/uploads/2021/12/Co-surfactant.png,image/png,30,30,Co-surfactant,,,card_or_thumbnail,unassigned_library_asset,[],0,False,True,Missing alt text
asset:wp-1883,https://www.klkoleo.com/wp-content/uploads/2021/12/Cleaning-Agent.png,image/png,30,30,Cleaning Agent,,,card_or_thumbnail,unassigned_library_asset,[],0,False,True,Missing alt text
asset:wp-1882,https://www.klkoleo.com/wp-content/uploads/2021/12/Active-Detergent.png,image/png,30,30,Active Detergent,,,card_or_thumbnail,unassigned_library_asset,[],0,False,True,Missing alt text
asset:wp-1881,https://www.klkoleo.com/wp-content/uploads/2021/12/Toilet-Cleaner.png,image/png,30,30,Toilet Cleaner,,,card_or_thumbnail,unassigned_library_asset,[],0,False,True,Missing alt text
asset:wp-1880,https://www.klkoleo.com/wp-content/uploads/2021/12/Sanitary-Cleaner.png,image/png,30,30,Sanitary Cleaner,,,card_or_thumbnail,unassigned_library_asset,[],0,False,True,Missing alt text
asset:wp-1879,https://www.klkoleo.com/wp-content/uploads/2021/12/Oven-Cleaner.png,image/png,30,30,Oven Cleaner,,,card_or_thumbnail,unassigned_library_asset,[],0,False,True,Missing alt text
asset:wp-1878,https://www.klkoleo.com/wp-content/uploads/2021/12/Laundry-Detergent-Powder.png,image/png,30,30,"Laundry Detergent, Powder",,,card_or_thumbnail,unassigned_library_asset,[],0,False,True,Missing alt text
asset:wp-1877,https://www.klkoleo.com/wp-content/uploads/2021/12/Laundry-Detergent-Liquid.png,image/png,30,30,"Laundry Detergent, Liquid",,,card_or_thumbnail,unassigned_library_asset,[],0,False,True,Missing alt text
asset:wp-1876,https://www.klkoleo.com/wp-content/uploads/2021/12/Kitchen-Cleaner.png,image/png,30,30,Kitchen Cleaner,,,card_or_thumbnail,unassigned_library_asset,[],0,False,True,Missing alt text
asset:wp-1875,https://www.klkoleo.com/wp-content/uploads/2021/12/Hard-Surface-Cleaner.png,image/png,30,30,Hard Surface Cleaner,,,card_or_thumbnail,unassigned_library_asset,[],0,False,True,Missing alt text
asset:wp-1874,https://www.klkoleo.com/wp-content/uploads/2021/12/Dish-Wash.png,image/png,30,30,Dish Wash,,,card_or_thumbnail,unassigned_library_asset,[],0,False,True,Missing alt text
asset:wp-1873,https://www.klkoleo.com/wp-content/uploads/2021/12/Degreaser.png,image/png,30,30,Degreaser,,,card_or_thumbnail,unassigned_library_asset,[],0,False,True,Missing alt text
asset:wp-1872,https://www.klkoleo.com/wp-content/uploads/2021/12/Cleaning-Tablet.png,image/png,30,30,Cleaning Tablet,,,card_or_thumbnail,unassigned_library_asset,[],0,False,True,Missing alt text
asset:wp-1871,https://www.klkoleo.com/wp-content/uploads/2021/12/Car-Cleaner.png,image/png,30,30,Car Cleaner,,,card_or_thumbnail,unassigned_library_asset,[],0,False,True,Missing alt text
asset:wp-1870,https://www.klkoleo.com/wp-content/uploads/2021/12/Bathroom-Cleaner.png,image/png,30,30,Bathroom Cleaner,,,card_or_thumbnail,unassigned_library_asset,[],0,False,True,Missing alt text
asset:wp-1867,https://www.klkoleo.com/wp-content/uploads/2021/12/CHCI-05.png,image/png,154,94,CHCI-05,,,editorial_image,linked_to_in_scope_content,"[""page:https-www-klkoleo-com-cosmetics-home-care-ingredients""]",4,False,True,Missing alt text
asset:wp-1866,https://www.klkoleo.com/wp-content/uploads/2021/12/Vitafoods-Asia-04.png,image/png,154,94,Vitafoods Asia-04,,,editorial_image,linked_to_in_scope_content,"[""page:https-www-klkoleo-com-vitafoods-asia"",""page:https-www-klkoleo-com-vitafoods-asia-3""]",4,False,True,Missing alt text
asset:wp-1862,https://www.klkoleo.com/wp-content/uploads/2021/12/Hi-Korea-03.png,image/png,154,94,Hi Korea-03,,,editorial_image,unassigned_library_asset,[],4,False,True,Missing alt text
asset:wp-1860,https://www.klkoleo.com/wp-content/uploads/2021/12/China-Inter-Lubric-02.png,image/png,154,94,China Inter Lubric-02,,,editorial_image,unassigned_library_asset,[],4,False,True,Missing alt text
asset:wp-1854,https://www.klkoleo.com/wp-content/uploads/2021/11/20211124-PVC-Plasticiser.png,image/png,30,30,20211124-PVC Plasticiser,,,card_or_thumbnail,unassigned_library_asset,[],0,False,True,Missing alt text
asset:wp-1853,https://www.klkoleo.com/wp-content/uploads/2021/11/20211124-PVC-Additives.png,image/png,30,30,20211124-PVC Additives,,,card_or_thumbnail,unassigned_library_asset,[],0,False,True,Missing alt text
asset:wp-1852,https://www.klkoleo.com/wp-content/uploads/2021/11/20211124-Water-Repellency.png,image/png,30,30,20211124-Water Repellency,,,card_or_thumbnail,unassigned_library_asset,[],0,False,True,Missing alt text
asset:wp-1851,https://www.klkoleo.com/wp-content/uploads/2021/11/20211124-Plasticiser.png,image/png,30,30,20211124-Plasticiser,,,card_or_thumbnail,unassigned_library_asset,[],0,False,True,Missing alt text
asset:wp-1850,https://www.klkoleo.com/wp-content/uploads/2021/11/20211124-Pigment-Dispersant.png,image/png,30,30,20211124-Pigment Dispersant,,,card_or_thumbnail,unassigned_library_asset,[],0,False,True,Missing alt text
asset:wp-1849,https://www.klkoleo.com/wp-content/uploads/2021/11/20211124-Mould-Release-Agent-.png,image/png,30,30,20211124-Mould Release Agent,,,card_or_thumbnail,unassigned_library_asset,[],0,False,True,Missing alt text
asset:wp-1848,https://www.klkoleo.com/wp-content/uploads/2021/11/20211124-Internal-Lubrication.png,image/png,30,30,20211124-Internal Lubrication,,,card_or_thumbnail,unassigned_library_asset,[],0,False,True,Missing alt text
asset:wp-1847,https://www.klkoleo.com/wp-content/uploads/2021/11/20211124-Flow-Improver.png,image/png,30,30,20211124-Flow Improver,,,card_or_thumbnail,unassigned_library_asset,[],0,False,True,Missing alt text
asset:wp-1846,https://www.klkoleo.com/wp-content/uploads/2021/11/20211124-Feedstock.png,image/png,30,30,20211124-Feedstock,,,card_or_thumbnail,unassigned_library_asset,[],0,False,True,Missing alt text
asset:wp-1845,https://www.klkoleo.com/wp-content/uploads/2021/11/20211124-Anti-tack-Additives.png,image/png,30,30,20211124- Anti-tack Additives,,,card_or_thumbnail,unassigned_library_asset,[],0,False,True,Missing alt text
asset:wp-1840,https://www.klkoleo.com/wp-content/uploads/2021/11/KLKSP-PR3-FINAL-Oct2016-Jun2017.pdf,application/pdf,,,KLKSP-PR3-FINAL-Oct2016-Jun2017,,KLKSP-PR3-FINAL-Oct2016-Jun2017,download,unassigned_library_asset,[],0,False,True,Missing alt text
asset:wp-1837,https://www.klkoleo.com/wp-content/uploads/2021/11/KLK-2020-Sustainability-Report-1.pdf,application/pdf,,,KLK-2020-Sustainability-Report-1,,KLK-2020-Sustainability-Report-1,download,unassigned_library_asset,[],0,False,True,Missing alt text
asset:wp-1832,https://www.klkoleo.com/wp-content/uploads/2021/11/20211124-Transmission-Fluid.png,image/png,30,30,20211124-Transmission Fluid,,,card_or_thumbnail,unassigned_library_asset,[],0,False,True,Missing alt text
asset:wp-1831,https://www.klkoleo.com/wp-content/uploads/2021/11/20211124-Premium-Racing-Lubricant.png,image/png,30,30,20211124-Premium- Racing Lubricant,,,card_or_thumbnail,unassigned_library_asset,[],0,False,True,Missing alt text
asset:wp-1830,https://www.klkoleo.com/wp-content/uploads/2021/11/20211124-4-strokes-motorcycle-oil.png,image/png,30,30,20211124-4 strokes motorcycle oil,,,card_or_thumbnail,unassigned_library_asset,[],0,False,True,Missing alt text
asset:wp-1829,https://www.klkoleo.com/wp-content/uploads/2021/11/20211124-4-Strokes-Engine-Oil.png,image/png,30,30,20211124-4 Strokes Engine Oil,,,card_or_thumbnail,unassigned_library_asset,[],0,False,True,Missing alt text
asset:wp-1828,https://www.klkoleo.com/wp-content/uploads/2021/11/20211124-2-strokes-motorcyle-oil.png,image/png,30,30,20211124-2 strokes motorcyle oil,,,card_or_thumbnail,unassigned_library_asset,[],0,False,True,Missing alt text
asset:wp-1827,https://www.klkoleo.com/wp-content/uploads/2021/11/20211124-Additives-Ingredient.png,image/png,30,30,20211124-Additives Ingredient,,,card_or_thumbnail,unassigned_library_asset,[],0,False,True,Missing alt text
asset:wp-1826,https://www.klkoleo.com/wp-content/uploads/2021/11/20211124-Additive.png,image/png,30,30,20211124-Additive,,,card_or_thumbnail,unassigned_library_asset,[],0,False,True,Missing alt text
asset:wp-1824,https://www.klkoleo.com/wp-content/uploads/2021/11/Antioxidant-C.png,image/png,30,30,Antioxidant-C,,,card_or_thumbnail,unassigned_library_asset,[],0,False,True,Missing alt text
asset:wp-1823,https://www.klkoleo.com/wp-content/uploads/2021/11/Antibacterial-Agent-C.png,image/png,30,30,Antibacterial Agent-C,,,card_or_thumbnail,unassigned_library_asset,[],0,False,True,Missing alt text
asset:wp-1822,https://www.klkoleo.com/wp-content/uploads/2021/11/Anti-inflammatory-Agent-C.png,image/png,30,30,Anti-inflammatory Agent-C,,,card_or_thumbnail,unassigned_library_asset,[],0,False,True,Missing alt text
asset:wp-1821,https://www.klkoleo.com/wp-content/uploads/2021/11/Anti-dusting-Agent-C.png,image/png,30,30,Anti-dusting Agent-C,,,card_or_thumbnail,unassigned_library_asset,[],0,False,True,Missing alt text
asset:wp-1820,https://www.klkoleo.com/wp-content/uploads/2021/11/Antioxidant.png,image/png,30,30,Antioxidant,,,card_or_thumbnail,unassigned_library_asset,[],0,False,True,Missing alt text
asset:wp-1819,https://www.klkoleo.com/wp-content/uploads/2021/11/Antibacterial-Agent.png,image/png,30,30,Antibacterial Agent,,,card_or_thumbnail,unassigned_library_asset,[],0,False,True,Missing alt text
asset:wp-1818,https://www.klkoleo.com/wp-content/uploads/2021/11/Anti-inflammatory-Agent.png,image/png,30,30,Anti-inflammatory Agent,,,card_or_thumbnail,unassigned_library_asset,[],0,False,True,Missing alt text
asset:wp-1817,https://www.klkoleo.com/wp-content/uploads/2021/11/Anti-dusting-Agent.png,image/png,30,30,Anti-dusting Agent,,,card_or_thumbnail,unassigned_library_asset,[],0,False,True,Missing alt text
asset:wp-1816,https://www.klkoleo.com/wp-content/uploads/2021/11/Pearlescing.png,image/png,30,30,Pearlescing,,,card_or_thumbnail,unassigned_library_asset,[],0,False,True,Missing alt text
asset:wp-1815,https://www.klkoleo.com/wp-content/uploads/2021/11/Perfuming.png,image/png,30,30,Perfuming,,,card_or_thumbnail,unassigned_library_asset,[],0,False,True,Missing alt text
asset:wp-1814,https://www.klkoleo.com/wp-content/uploads/2021/11/Toiletries.png,image/png,30,30,Toiletries,,,card_or_thumbnail,unassigned_library_asset,[],0,False,True,Missing alt text
asset:wp-1813,https://www.klkoleo.com/wp-content/uploads/2021/11/Skin-Care.png,image/png,30,30,Skin Care,,,card_or_thumbnail,unassigned_library_asset,[],0,False,True,Missing alt text
asset:wp-1789,https://www.klkoleo.com/wp-content/uploads/2021/11/FnN-Image-01-01-1.png,image/png,500,361,FnN-Image-01-01,,,editorial_image,unassigned_library_asset,[],7,False,True,Missing alt text
asset:wp-1755,https://www.klkoleo.com/wp-content/uploads/2021/11/2021-11-19-Karier-Frame.png,image/png,1620,1793,2021-11-19-Karier-Frame,,,card_or_thumbnail,linked_to_in_scope_content,"[""page:https-www-klkoleo-com-karier""]",12,False,True,Missing alt text
asset:wp-1752,https://www.klkoleo.com/wp-content/uploads/2021/11/2021-11-19-frame-work-english-01.png,image/png,1620,1813,2021-11-19-frame work-english-01,,,card_or_thumbnail,linked_to_in_scope_content,"[""page:https-www-klkoleo-com-careers"",""page:https-www-klkoleo-com-careers-2""]",12,False,True,Missing alt text
asset:wp-1749,https://www.klkoleo.com/wp-content/uploads/2021/11/Cosmetics-01.png,image/png,500,361,Cosmetics-01,,,editorial_image,unassigned_library_asset,[],7,False,True,Missing alt text
asset:wp-1748,https://www.klkoleo.com/wp-content/uploads/2021/11/Lubricant-01.png,image/png,500,361,Lubricant-01,,,editorial_image,linked_to_in_scope_content,"[""page:https-www-klkoleo-com"",""page:https-www-klkoleo-com-r3d-de-assembly-terms-and-conditions-klke-dusseldorf"",""page:https-www-klkoleo-com-r3d-de-general-terms-and-conditions-of-purchase-klk-emmerich"",""page:https-www-klkoleo-com-r3d-de-general-terms-and-conditions-of-sale-klk-emmerich"",""page:https-www-klkoleo-com-r3d-de-safety-guide-klk-emmerich"",""page:https-www-klkoleo-com-r3d-eng-anti-corruption-policy-klk-group"",""page:https-www-klkoleo-com-r3d-eng-code-of-conduct-and-ethics-for-the-company-group-klk-group"",""page:https-www-klkoleo-com-r3d-eng-code-of-conduct-for-suppliers-klk-emmerich"",""page:https-www-klkoleo-com-r3d-eng-general-conditions-of-sale-klktemix"",""page:https-www-klkoleo-com-r3d-eng-general-terms-and-conditions-for-the-purchase-of-goods-and-or-services-klk-oleo-group"",""page:https-www-klkoleo-com-r3d-eng-general-terms-and-conditions-of-sale-klk-emmerich"",""page:https-www-klkoleo-com-r3d-eng-general-terms-and-conditions-of-sale-klk-tensachem"",""page:https-www-klkoleo-com-r3d-eng-general-terms-and-conditions-of-sale-or-supply-klk-kolb-specialties"",""page:https-www-klkoleo-com-r3d-eng-general-terms-and-conditions-of-sale-or-supply-palmoleo-klang"",""page:https-www-klkoleo-com-r3d-eng-quality-environmental-safety-and-food-safety-policy-klktemix"",""page:https-www-klkoleo-com-r3d-eng-supplier-code-of-conduct-klk-group"",""page:https-www-klkoleo-com-r3d-klk-oleo-beauty-and-personal-care-brochure"",""page:https-www-klkoleo-com-r3d-klk-oleo-palmester-biolubricant-base-oil-for-mwf-neat-oil-applications"",""page:https-www-klkoleo-com-r3d-klk-oleos-traceability"",""page:https-www-klkoleo-com-r3d-klk-sustainability-report-2021""]",7,False,True,Missing alt text
asset:wp-1745,https://www.klkoleo.com/wp-content/uploads/2021/11/MegaMenu-Aboutus-01-1.jpg,image/jpeg,223,250,MegaMenu-Aboutus-01,,,card_or_thumbnail,unassigned_library_asset,[],4,False,True,Missing alt text
asset:wp-1743,https://www.klkoleo.com/wp-content/uploads/2020/04/Hi-Europe-2021-01.png,image/png,154,94,Hi Europe 2021-01,,,editorial_image,unassigned_library_asset,[],4,False,True,Missing alt text
asset:wp-1740,https://www.klkoleo.com/wp-content/uploads/2021/11/General-Terms-and-Conditions-of-Technical-Purchase-of-Goods-Works-Services_KLKSDrWKolb-NL_Rev-Aug2021.pdf,application/pdf,,,General Terms and Conditions of Technical Purchase of Goods Works Services_KLKS&DrWKolb NL_Rev Aug2021,,General Terms and Conditions of Technical Purchase of Goods Works Services_KLKS&DrWKolb NL_Rev Aug2021,download,unassigned_library_asset,[],0,False,True,Missing alt text
asset:wp-1738,https://www.klkoleo.com/wp-content/uploads/2021/11/Logos_GMP.png,image/png,660,460,Logos_GMP,,,logo_or_icon,unassigned_library_asset,[],9,False,True,Missing alt text
asset:wp-1737,https://www.klkoleo.com/wp-content/uploads/2021/11/Logos_HACCP.png,image/png,660,460,Logos_HACCP,,,logo_or_icon,unassigned_library_asset,[],9,False,True,Missing alt text
asset:wp-1736,https://www.klkoleo.com/wp-content/uploads/2021/11/Logos_MSPO.png,image/png,660,460,Logos_MSPO,,,logo_or_icon,unassigned_library_asset,[],9,False,True,Missing alt text
asset:wp-1735,https://www.klkoleo.com/wp-content/uploads/2021/11/Logos_Halal.png,image/png,660,460,Logos_Halal,,,logo_or_icon,unassigned_library_asset,[],9,False,True,Missing alt text
asset:wp-1734,https://www.klkoleo.com/wp-content/uploads/2021/11/Logos_ISO-45001.png,image/png,660,460,Logos_ISO 45001,,,logo_or_icon,unassigned_library_asset,[],9,False,True,Missing alt text
asset:wp-1729,https://www.klkoleo.com/wp-content/uploads/2021/11/KLK-Tensachem.jpg,image/jpeg,812,457,KLK Tensachem,,,editorial_image,linked_to_in_scope_content,"[""page:https-www-klkoleo-com-news-media-commander-of-the-order-of-leopold-ii-award""]",10,False,True,Missing alt text
asset:wp-1728,https://www.klkoleo.com/wp-content/uploads/2021/11/Award.jpg,image/jpeg,290,283,Award,,,card_or_thumbnail,linked_to_in_scope_content,"[""page:https-www-klkoleo-com-archive-by-year-2021""]",4,False,True,Missing alt text
asset:wp-1727,https://www.klkoleo.com/wp-content/uploads/2021/11/Group1.jpg,image/jpeg,812,422,Group1,,,banner_candidate,linked_to_in_scope_content,"[""page:https-www-klkoleo-com-news-media-commander-of-the-order-of-leopold-ii-award""]",10,False,True,Missing alt text
asset:wp-1726,https://www.klkoleo.com/wp-content/uploads/2021/11/KLKs-CEO-Tan-Sri-Dato-Seri-Lee-Oi-Hian-awarded-the-Commander-of-the-Order-of-Leopold-II.jpg,image/jpeg,813,456,KLK’s CEO Tan Sri Dato’ Seri Lee Oi Hian awarded the Commander of the Order of Leopold II,,,editorial_image,linked_to_in_scope_content,"[""page:https-www-klkoleo-com-news-media-commander-of-the-order-of-leopold-ii-award""]",10,False,True,Missing alt text
asset:wp-1723,https://www.klkoleo.com/wp-content/uploads/2021/11/PALMOWAX_Icon.jpg,image/jpeg,142,200,PALMOWAX_Icon,,,logo_or_icon,unassigned_library_asset,[],4,False,True,Missing alt text
asset:wp-1724,https://www.klkoleo.com/wp-content/uploads/2021/11/TENSOPOL_Icon.jpg,image/jpeg,141,200,TENSOPOL_Icon,,,logo_or_icon,unassigned_library_asset,[],4,False,True,Missing alt text
asset:wp-1722,https://www.klkoleo.com/wp-content/uploads/2021/11/TENSAGEX_Icon.jpg,image/jpeg,141,200,TENSAGEX_Icon,,,logo_or_icon,unassigned_library_asset,[],4,False,True,Missing alt text
asset:wp-1701,https://www.klkoleo.com/wp-content/uploads/2021/11/PALMOWAX-Fatty-Acid-Bis-Amides.jpg,image/jpeg,991,661,"Fatty acid amides includes oleyl palmitatmide, EBS wax that is used as anti block agents in plastic coatings, inks and rubber.","Fatty acid amides includes oleyl palmitatmide, EBS wax that is used as anti block agents in plastic coatings, inks and rubber.",,editorial_image,linked_to_in_scope_content,"[""page:https-www-klkoleo-com-brand-palmowax-fatty-acid-bis-amides"",""page:https-www-klkoleo-com-products-amides""]",10,False,False,
asset:wp-1697,https://www.klkoleo.com/wp-content/uploads/2021/11/2021-11-09-Framework-EN-01.jpg,image/jpeg,1085,1135,2021-11-09-Framework-EN-01,,,card_or_thumbnail,unassigned_library_asset,[],11,False,True,Missing alt text
asset:wp-1684,https://www.klkoleo.com/wp-content/uploads/2021/11/2021-01-29-Link-Tracebility-English-Final-R1-04.jpg,image/jpeg,1127,633,2021-01-29-Link-Tracebility-English-Final-R1-04,,,editorial_image,unassigned_library_asset,[],11,False,True,Missing alt text
asset:wp-1683,https://www.klkoleo.com/wp-content/uploads/2021/11/MegaMenu-Aboutus-200-01.jpg,image/jpeg,223,200,MegaMenu-Aboutus-200-01,,,card_or_thumbnail,linked_to_in_scope_content,"[""page:https-www-klkoleo-com-history-milestones"",""page:https-www-klkoleo-com-timeline-post-2006-2"",""page:https-www-klkoleo-com-timeline-post-2006-3"",""page:https-www-klkoleo-com-timeline-post-2006-6""]",4,False,True,Missing alt text
asset:wp-1682,https://www.klkoleo.com/wp-content/uploads/2021/11/MegaMenu-Aboutus-01.jpg,image/jpeg,223,250,MegaMenu-Aboutus-01,,,card_or_thumbnail,unassigned_library_asset,[],4,False,True,Missing alt text
asset:wp-1679,https://www.klkoleo.com/wp-content/uploads/2021/11/FnN-01.jpg,image/jpeg,500,361,FnN-01,,,editorial_image,linked_to_in_scope_content,"[""page:https-www-klkoleo-com-timeline-post-2018-3"",""page:https-www-klkoleo-com-timeline-post-2018-4"",""page:https-www-klkoleo-com-timeline-post-2018-9""]",7,False,True,Missing alt text
asset:wp-1678,https://www.klkoleo.com/wp-content/uploads/2021/11/Polymer-TopBanner-01.jpg,image/jpeg,768,100,Polymer-TopBanner-01,,,banner_candidate,unassigned_library_asset,[],9,False,True,Missing alt text
asset:wp-1677,https://www.klkoleo.com/wp-content/uploads/2021/11/FnN-Banner-01.jpg,image/jpeg,1024,133,FnN-Banner-01,,,banner_candidate,unassigned_library_asset,[],10,False,True,Missing alt text
asset:wp-1675,https://www.klkoleo.com/wp-content/uploads/2021/11/Excellence-in-Oleochemicals.jpg,image/jpeg,269,209,Excellence-in-Oleochemicals,,,editorial_image,unassigned_library_asset,[],4,False,True,Missing alt text
asset:wp-1657,https://www.klkoleo.com/wp-content/uploads/2021/11/Green-Solutions-For-Plastic-Industries.jpg,image/jpeg,269,209,Green-Solutions-For-Plastic-Industries,,,editorial_image,unassigned_library_asset,[],4,False,True,Missing alt text
asset:wp-1658,https://www.klkoleo.com/wp-content/uploads/2021/11/Home-Care.jpg,image/jpeg,269,209,Home-Care,,,editorial_image,unassigned_library_asset,[],4,False,True,Missing alt text
asset:wp-1655,https://www.klkoleo.com/wp-content/uploads/2021/11/PALMESTER-Biolubricant-Base-Oils.jpg,image/jpeg,269,209,PALMESTER-Biolubricant-Base-Oils,,,editorial_image,unassigned_library_asset,[],4,False,True,Missing alt text
asset:wp-1654,https://www.klkoleo.com/wp-content/uploads/2021/11/Natural-Source-Natural-Ingredients-for-Healthier-Living.jpg,image/jpeg,269,209,"Natural-Source,-Natural-Ingredients-for-Healthier-Living",,,editorial_image,unassigned_library_asset,[],4,False,True,Missing alt text
asset:wp-1651,https://www.klkoleo.com/wp-content/uploads/2021/11/Companies-TPOZ-01.jpg,image/jpeg,1200,549,Companies-TPOZ-01,,,banner_candidate,linked_to_in_scope_content,"[""page:https-www-klkoleo-com-taiko-palm-oleo-zhangjiagang-co-ltd""]",11,False,True,Missing alt text
asset:wp-1650,https://www.klkoleo.com/wp-content/uploads/2021/11/bg02-01.jpg,image/jpeg,1920,902,bg02-01,,,banner_candidate,unassigned_library_asset,[],12,False,True,Missing alt text
asset:wp-1648,https://www.klkoleo.com/wp-content/uploads/2021/11/Companies-KLKOM-S-01.jpg,image/jpeg,1200,549,Companies-KLKOM-S-01,,,banner_candidate,unassigned_library_asset,[],11,False,True,Missing alt text
asset:wp-1645,https://www.klkoleo.com/wp-content/uploads/2021/11/Companies-POK.jpg,image/jpeg,1200,549,Companies-POK,,,banner_candidate,unassigned_library_asset,[],11,False,True,Missing alt text
asset:wp-1643,https://www.klkoleo.com/wp-content/uploads/2021/11/Award-01.png,image/png,990,557,Award-01,,,editorial_image,linked_to_in_scope_content,"[""page:https-www-klkoleo-com-news-media-klk-awarded-unilevers-clean-future-brilliance-award""]",10,False,True,Missing alt text
asset:wp-1642,https://www.klkoleo.com/wp-content/uploads/2021/11/Lubs-Brochure-01.png,image/png,1920,900,Lubs-Brochure-01,,,banner_candidate,unassigned_library_asset,[],12,False,True,Missing alt text
asset:wp-1640,https://www.klkoleo.com/wp-content/uploads/2021/11/Revive-Range-01.png,image/png,223,250,Revive Range-01,,,card_or_thumbnail,unassigned_library_asset,[],4,False,True,Missing alt text
asset:wp-1639,https://www.klkoleo.com/wp-content/uploads/2021/11/Homepage-Market-BG-01.png,image/png,1920,902,Homepage-Market-BG-01,,,banner_candidate,unassigned_library_asset,[],12,False,True,Missing alt text
asset:wp-1637,https://www.klkoleo.com/wp-content/uploads/2021/11/ESG-Palm-Fruit-01.png,image/png,626,322,ESG Palm Fruit-01,,,banner_candidate,unassigned_library_asset,[],9,False,True,Missing alt text
asset:wp-1636,https://www.klkoleo.com/wp-content/uploads/2021/11/FnN-Image-01.png,image/png,500,361,FnN-Image-01,,,editorial_image,unassigned_library_asset,[],7,False,True,Missing alt text
asset:wp-1635,https://www.klkoleo.com/wp-content/uploads/2021/11/KLK-OLEO-revamp-website-1.jpg,image/jpeg,1920,795,KLK OLEO-revamp website-1,,,banner_candidate,unassigned_library_asset,[],12,False,True,Missing alt text
asset:wp-1632,https://www.klkoleo.com/wp-content/uploads/2021/11/solutions-oleo-basics.jpg,image/jpeg,500,361,solutions-oleo-basics,,,editorial_image,linked_to_in_scope_content,"[""page:https-www-klkoleo-com"",""page:https-www-klkoleo-com-r3d-de-assembly-terms-and-conditions-klke-dusseldorf"",""page:https-www-klkoleo-com-r3d-de-general-terms-and-conditions-of-purchase-klk-emmerich"",""page:https-www-klkoleo-com-r3d-de-general-terms-and-conditions-of-sale-klk-emmerich"",""page:https-www-klkoleo-com-r3d-de-safety-guide-klk-emmerich"",""page:https-www-klkoleo-com-r3d-eng-anti-corruption-policy-klk-group"",""page:https-www-klkoleo-com-r3d-eng-code-of-conduct-and-ethics-for-the-company-group-klk-group"",""page:https-www-klkoleo-com-r3d-eng-code-of-conduct-for-suppliers-klk-emmerich"",""page:https-www-klkoleo-com-r3d-eng-general-conditions-of-sale-klktemix"",""page:https-www-klkoleo-com-r3d-eng-general-terms-and-conditions-for-the-purchase-of-goods-and-or-services-klk-oleo-group"",""page:https-www-klkoleo-com-r3d-eng-general-terms-and-conditions-of-sale-klk-emmerich"",""page:https-www-klkoleo-com-r3d-eng-general-terms-and-conditions-of-sale-klk-tensachem"",""page:https-www-klkoleo-com-r3d-eng-general-terms-and-conditions-of-sale-or-supply-klk-kolb-specialties"",""page:https-www-klkoleo-com-r3d-eng-general-terms-and-conditions-of-sale-or-supply-palmoleo-klang"",""page:https-www-klkoleo-com-r3d-eng-quality-environmental-safety-and-food-safety-policy-klktemix"",""page:https-www-klkoleo-com-r3d-eng-supplier-code-of-conduct-klk-group"",""page:https-www-klkoleo-com-r3d-klk-oleo-beauty-and-personal-care-brochure"",""page:https-www-klkoleo-com-r3d-klk-oleo-palmester-biolubricant-base-oil-for-mwf-neat-oil-applications"",""page:https-www-klkoleo-com-r3d-klk-oleos-traceability"",""page:https-www-klkoleo-com-r3d-klk-sustainability-report-2021""]",7,False,True,Missing alt text
asset:wp-1631,https://www.klkoleo.com/wp-content/uploads/2021/11/solutions-polymers.jpg,image/jpeg,500,361,solutions-polymers,,,editorial_image,linked_to_in_scope_content,"[""page:https-www-klkoleo-com"",""page:https-www-klkoleo-com-r3d-de-assembly-terms-and-conditions-klke-dusseldorf"",""page:https-www-klkoleo-com-r3d-de-general-terms-and-conditions-of-purchase-klk-emmerich"",""page:https-www-klkoleo-com-r3d-de-general-terms-and-conditions-of-sale-klk-emmerich"",""page:https-www-klkoleo-com-r3d-de-safety-guide-klk-emmerich"",""page:https-www-klkoleo-com-r3d-eng-anti-corruption-policy-klk-group"",""page:https-www-klkoleo-com-r3d-eng-code-of-conduct-and-ethics-for-the-company-group-klk-group"",""page:https-www-klkoleo-com-r3d-eng-code-of-conduct-for-suppliers-klk-emmerich"",""page:https-www-klkoleo-com-r3d-eng-general-conditions-of-sale-klktemix"",""page:https-www-klkoleo-com-r3d-eng-general-terms-and-conditions-for-the-purchase-of-goods-and-or-services-klk-oleo-group"",""page:https-www-klkoleo-com-r3d-eng-general-terms-and-conditions-of-sale-klk-emmerich"",""page:https-www-klkoleo-com-r3d-eng-general-terms-and-conditions-of-sale-klk-tensachem"",""page:https-www-klkoleo-com-r3d-eng-general-terms-and-conditions-of-sale-or-supply-klk-kolb-specialties"",""page:https-www-klkoleo-com-r3d-eng-general-terms-and-conditions-of-sale-or-supply-palmoleo-klang"",""page:https-www-klkoleo-com-r3d-eng-quality-environmental-safety-and-food-safety-policy-klktemix"",""page:https-www-klkoleo-com-r3d-eng-supplier-code-of-conduct-klk-group"",""page:https-www-klkoleo-com-r3d-klk-oleo-beauty-and-personal-care-brochure"",""page:https-www-klkoleo-com-r3d-klk-oleo-palmester-biolubricant-base-oil-for-mwf-neat-oil-applications"",""page:https-www-klkoleo-com-r3d-klk-oleos-traceability"",""page:https-www-klkoleo-com-r3d-klk-sustainability-report-2021""]",7,False,True,Missing alt text
asset:wp-1630,https://www.klkoleo.com/wp-content/uploads/2021/11/solutions-lubricants.jpg,image/jpeg,500,361,solutions-lubricants,,,editorial_image,unassigned_library_asset,[],7,False,True,Missing alt text
asset:wp-1629,https://www.klkoleo.com/wp-content/uploads/2021/11/solutions-home-care.jpg,image/jpeg,500,361,solutions-home-care,,,editorial_image,linked_to_in_scope_content,"[""page:https-www-klkoleo-com"",""page:https-www-klkoleo-com-r3d-de-assembly-terms-and-conditions-klke-dusseldorf"",""page:https-www-klkoleo-com-r3d-de-general-terms-and-conditions-of-purchase-klk-emmerich"",""page:https-www-klkoleo-com-r3d-de-general-terms-and-conditions-of-sale-klk-emmerich"",""page:https-www-klkoleo-com-r3d-de-safety-guide-klk-emmerich"",""page:https-www-klkoleo-com-r3d-eng-anti-corruption-policy-klk-group"",""page:https-www-klkoleo-com-r3d-eng-code-of-conduct-and-ethics-for-the-company-group-klk-group"",""page:https-www-klkoleo-com-r3d-eng-code-of-conduct-for-suppliers-klk-emmerich"",""page:https-www-klkoleo-com-r3d-eng-general-conditions-of-sale-klktemix"",""page:https-www-klkoleo-com-r3d-eng-general-terms-and-conditions-for-the-purchase-of-goods-and-or-services-klk-oleo-group"",""page:https-www-klkoleo-com-r3d-eng-general-terms-and-conditions-of-sale-klk-emmerich"",""page:https-www-klkoleo-com-r3d-eng-general-terms-and-conditions-of-sale-klk-tensachem"",""page:https-www-klkoleo-com-r3d-eng-general-terms-and-conditions-of-sale-or-supply-klk-kolb-specialties"",""page:https-www-klkoleo-com-r3d-eng-general-terms-and-conditions-of-sale-or-supply-palmoleo-klang"",""page:https-www-klkoleo-com-r3d-eng-quality-environmental-safety-and-food-safety-policy-klktemix"",""page:https-www-klkoleo-com-r3d-eng-supplier-code-of-conduct-klk-group"",""page:https-www-klkoleo-com-r3d-klk-oleo-beauty-and-personal-care-brochure"",""page:https-www-klkoleo-com-r3d-klk-oleo-palmester-biolubricant-base-oil-for-mwf-neat-oil-applications"",""page:https-www-klkoleo-com-r3d-klk-oleos-traceability"",""page:https-www-klkoleo-com-r3d-klk-sustainability-report-2021""]",7,False,True,Missing alt text
asset:wp-1628,https://www.klkoleo.com/wp-content/uploads/2021/11/solutions-food-n-nutrition.jpg,image/jpeg,500,361,solutions-food-n-nutrition,,,editorial_image,unassigned_library_asset,[],7,False,True,Missing alt text
asset:wp-1627,https://www.klkoleo.com/wp-content/uploads/2021/11/solutions-beauty-personal-care.jpg,image/jpeg,500,361,solutions-beauty-&-personal-care,,,editorial_image,unassigned_library_asset,[],7,False,True,Missing alt text
asset:wp-1625,https://www.klkoleo.com/wp-content/uploads/2021/11/logo-klkcare.jpg,image/jpeg,300,223,logo-klkcare,,,logo_or_icon,unassigned_library_asset,[],4,False,True,Missing alt text
asset:wp-1624,https://www.klkoleo.com/wp-content/uploads/2021/11/logo-rspo.jpg,image/jpeg,300,223,logo-rspo,,,logo_or_icon,unassigned_library_asset,[],4,False,True,Missing alt text
asset:wp-1623,https://www.klkoleo.com/wp-content/uploads/2021/11/KLK-OLEO-revamp-website-2.jpg,image/jpeg,1920,795,KLK OLEO-revamp website-2,,,banner_candidate,unassigned_library_asset,[],12,False,True,Missing alt text
asset:wp-1619,https://www.klkoleo.com/wp-content/uploads/2021/11/banner-polymer-04.jpg,image/jpeg,1920,250,banner-polymer-04,,,banner_candidate,unassigned_library_asset,[],12,False,True,Missing alt text
asset:wp-1618,https://www.klkoleo.com/wp-content/uploads/2021/11/uber-menu-market-01.png,image/png,223,250,uber-menu-market-01,,,card_or_thumbnail,unassigned_library_asset,[],4,False,True,Missing alt text
asset:wp-1606,https://www.klkoleo.com/wp-content/uploads/2021/11/RISE-Thumbnail-01.png,image/png,570,380,RISE Thumbnail-01,KLK OLEO RISE,,editorial_image,linked_to_in_scope_content,"[""page:https-www-klkoleo-com-timeline-post-e5-8f-af-e6-8c-81-e7-bb-ad-e7-9a-84"",""page:https-www-klkoleo-com-timeline-post-zuverlassig""]",7,False,False,
asset:wp-1604,https://www.klkoleo.com/wp-content/uploads/2021/11/SYMPATENS-Fatty-Alcohol-Fatty-Acid-Ethoxylates-Triglyceride-Ethoxylates.jpg,image/jpeg,991,662,"SYMPATENS Fatty Alcohol & Fatty Acid Ethoxylates, Triglyceride Ethoxylates",,,editorial_image,unassigned_library_asset,[],10,False,True,Missing alt text
asset:wp-1602,https://www.klkoleo.com/wp-content/uploads/2021/11/KOTILEN-Sorbitan-Ester-Ethoxylates-Polysorbates.jpg,image/jpeg,991,662,KOTILEN Sorbitan Ester Ethoxylates (Polysorbates),,,editorial_image,linked_to_in_scope_content,"[""page:https-www-klkoleo-com-brand-kotilen-sorbitan-ester-ethoxylates-polysorbates"",""page:https-www-klkoleo-com-products-nonionic-surfactants""]",10,False,True,Missing alt text
asset:wp-1598,https://www.klkoleo.com/wp-content/uploads/2021/11/IMBENTIN-Ethoxylates-Alkoxylates.jpg,image/jpeg,991,662,IMBENTIN Ethoxylates & Alkoxylates,,,editorial_image,linked_to_in_scope_content,"[""page:https-www-klkoleo-com-brand-imbentin-ethoxylates-alkoxylates"",""page:https-www-klkoleo-com-products-nonionic-surfactants""]",10,False,True,Missing alt text
asset:wp-1594,https://www.klkoleo.com/wp-content/uploads/2021/11/PALMESTER-Fatty-Acid-Esters.jpg,image/jpeg,991,659,Cetyl ethylhexanoate is used in beauty and personal care that the women is looking at,Cetyl ethylhexanoate is used in beauty and personal care that the women is looking at,,editorial_image,linked_to_in_scope_content,"[""page:https-www-klkoleo-com-brand-palmester-fatty-acid-esters"",""page:https-www-klkoleo-com-products-esters""]",10,False,False,
asset:wp-1554,https://www.klkoleo.com/wp-content/uploads/2020/04/PALMERA-Fatty-Acids01.jpg,image/jpeg,991,677,PALMERA-Fatty-Acids01,,,editorial_image,linked_to_in_scope_content,"[""page:https-www-klkoleo-com-brand-palmera-fatty-acids"",""page:https-www-klkoleo-com-products-fatty-acids""]",10,False,True,Missing alt text
asset:wp-1535,https://www.klkoleo.com/wp-content/uploads/2021/10/banner08.jpg,image/jpeg,1920,250,banner08,,,banner_candidate,unassigned_library_asset,[],12,False,True,Missing alt text
asset:wp-1522,https://www.klkoleo.com/wp-content/uploads/2021/10/High-Temperature-Grease.png,image/png,30,30,High Temperature Grease,,,card_or_thumbnail,unassigned_library_asset,[],0,False,True,Missing alt text
asset:wp-1521,https://www.klkoleo.com/wp-content/uploads/2021/10/Synthetic-Semi-Synthetic-Grease.png,image/png,30,30,Synthetic – Semi Synthetic Grease,,,card_or_thumbnail,unassigned_library_asset,[],0,False,True,Missing alt text
asset:wp-1520,https://www.klkoleo.com/wp-content/uploads/2021/10/Rust-Preventive-MWF.png,image/png,30,30,Rust Preventive MWF,,,card_or_thumbnail,unassigned_library_asset,[],0,False,True,Missing alt text
asset:wp-1519,https://www.klkoleo.com/wp-content/uploads/2021/10/Forming-Oil.png,image/png,30,30,Forming Oil,,,card_or_thumbnail,unassigned_library_asset,[],0,False,True,Missing alt text
asset:wp-1518,https://www.klkoleo.com/wp-content/uploads/2021/10/Rolling-Oil.png,image/png,30,30,Rolling Oil,,,card_or_thumbnail,unassigned_library_asset,[],0,False,True,Missing alt text
asset:wp-1517,https://www.klkoleo.com/wp-content/uploads/2021/10/Cutting-oil.png,image/png,30,30,Cutting oil,,,card_or_thumbnail,unassigned_library_asset,[],0,False,True,Missing alt text
asset:wp-1516,https://www.klkoleo.com/wp-content/uploads/2021/10/MWF-Soluble-Oil.png,image/png,30,30,MWF Soluble Oil,,,card_or_thumbnail,unassigned_library_asset,[],0,False,True,Missing alt text
asset:wp-1515,https://www.klkoleo.com/wp-content/uploads/2021/10/Metalworking-Fluids-Neat-Oil.png,image/png,30,30,Metalworking Fluids Neat Oil,,,card_or_thumbnail,unassigned_library_asset,[],0,False,True,Missing alt text
asset:wp-1514,https://www.klkoleo.com/wp-content/uploads/2021/10/Textile-Lubricant.png,image/png,30,30,Textile Lubricant,,,card_or_thumbnail,unassigned_library_asset,[],0,False,True,Missing alt text
asset:wp-1513,https://www.klkoleo.com/wp-content/uploads/2021/10/Refrigeration-Oil.png,image/png,30,30,Refrigeration Oil,,,card_or_thumbnail,unassigned_library_asset,[],0,False,True,Missing alt text
asset:wp-1512,https://www.klkoleo.com/wp-content/uploads/2021/10/Turbine-Oil.png,image/png,30,30,Turbine Oil,,,card_or_thumbnail,unassigned_library_asset,[],0,False,True,Missing alt text
asset:wp-1511,https://www.klkoleo.com/wp-content/uploads/2021/10/Heat-Transfer-Oil.png,image/png,30,30,Heat Transfer Oil,,,card_or_thumbnail,unassigned_library_asset,[],0,False,True,Missing alt text
asset:wp-1510,https://www.klkoleo.com/wp-content/uploads/2021/10/Compressor-oil.png,image/png,30,30,Compressor oil,,,card_or_thumbnail,unassigned_library_asset,[],0,False,True,Missing alt text
asset:wp-1509,https://www.klkoleo.com/wp-content/uploads/2021/10/Chain-Oil.png,image/png,30,30,Chain Oil,,,card_or_thumbnail,unassigned_library_asset,[],0,False,True,Missing alt text
asset:wp-1508,https://www.klkoleo.com/wp-content/uploads/2021/10/Hydraulic-oil.png,image/png,30,30,Hydraulic oil,,,card_or_thumbnail,unassigned_library_asset,[],0,False,True,Missing alt text
asset:wp-1507,https://www.klkoleo.com/wp-content/uploads/2021/10/Fire-resistant-hydraulic-Fluid.png,image/png,30,30,Fire resistant hydraulic Fluid,,,card_or_thumbnail,unassigned_library_asset,[],0,False,True,Missing alt text
asset:wp-1506,https://www.klkoleo.com/wp-content/uploads/2021/10/Transmission-Fluid.png,image/png,30,30,Transmission Fluid,,,card_or_thumbnail,unassigned_library_asset,[],0,False,True,Missing alt text
asset:wp-1505,https://www.klkoleo.com/wp-content/uploads/2021/10/Premium-Racing-Lubricant.png,image/png,30,30,Premium- Racing Lubricant,,,card_or_thumbnail,unassigned_library_asset,[],0,False,True,Missing alt text
asset:wp-1504,https://www.klkoleo.com/wp-content/uploads/2021/10/4-strokes-motorcycle-oil.png,image/png,30,30,4 strokes motorcycle oil,,,card_or_thumbnail,unassigned_library_asset,[],0,False,True,Missing alt text
asset:wp-1503,https://www.klkoleo.com/wp-content/uploads/2021/10/4-Strokes-Engine-Oil.png,image/png,30,30,4 Strokes Engine Oil,,,card_or_thumbnail,unassigned_library_asset,[],0,False,True,Missing alt text
asset:wp-1502,https://www.klkoleo.com/wp-content/uploads/2021/10/2-strokes-motorcyle-oil.png,image/png,30,30,2 strokes motorcyle oil,,,card_or_thumbnail,unassigned_library_asset,[],0,False,True,Missing alt text
asset:wp-1501,https://www.klkoleo.com/wp-content/uploads/2021/10/Additives-Ingredient.png,image/png,30,30,Additives-Ingredient,,,card_or_thumbnail,unassigned_library_asset,[],0,False,True,Missing alt text
asset:wp-1481,https://www.klkoleo.com/wp-content/uploads/2021/10/2021-09-22-1002x415px-Lub-1412-01.png,image/png,1003,415,2021-09-22-1002x415px-Lub-1412-01,,,banner_candidate,unassigned_library_asset,[],10,False,True,Missing alt text
asset:wp-1476,https://www.klkoleo.com/wp-content/uploads/2021/10/Plaza7600.jpg,image/jpeg,1306,734,Plaza7600,,,editorial_image,linked_to_in_scope_content,"[""page:https-www-klkoleo-com-klk-oleo-americas-inc"",""page:https-www-klkoleo-com-news-media-klk-oleo-expands-business-footprint-to-the-americas"",""page:https-www-klkoleo-com-timeline-post-2020"",""page:https-www-klkoleo-com-timeline-post-2020-2"",""page:https-www-klkoleo-com-timeline-post-2020-3""]",11,False,True,Missing alt text
asset:wp-1434,https://www.klkoleo.com/wp-content/uploads/2021/10/Plasticiser.png,image/png,30,30,Plasticiser,,,card_or_thumbnail,unassigned_library_asset,[],0,False,True,Missing alt text
asset:wp-1433,https://www.klkoleo.com/wp-content/uploads/2021/10/Feedstock.png,image/png,30,30,Feedstock,,,card_or_thumbnail,unassigned_library_asset,[],0,False,True,Missing alt text
asset:wp-1420,https://www.klkoleo.com/wp-content/uploads/2021/10/Personal-Care__Oral-Care.png,image/png,30,30,Personal-Care__Oral-Care,,,card_or_thumbnail,unassigned_library_asset,[],0,False,True,Missing alt text
asset:wp-1406,https://www.klkoleo.com/wp-content/uploads/2021/10/Vinyl-Resin-Plasticiser.png,image/png,30,30,Vinyl Resin Plasticiser,,,card_or_thumbnail,unassigned_library_asset,[],0,False,True,Missing alt text
asset:wp-1405,https://www.klkoleo.com/wp-content/uploads/2021/10/Thermosetting-resins.png,image/png,30,30,Thermosetting resins,,,card_or_thumbnail,unassigned_library_asset,[],0,False,True,Missing alt text
asset:wp-1404,https://www.klkoleo.com/wp-content/uploads/2021/10/Thermoplastic-Polyester-.png,image/png,30,30,Thermoplastic Polyester,,,card_or_thumbnail,unassigned_library_asset,[],0,False,True,Missing alt text
asset:wp-1403,https://www.klkoleo.com/wp-content/uploads/2021/10/Sheet-Moulding-Compounds-SMC.png,image/png,30,30,Sheet Moulding Compounds (SMC),,,card_or_thumbnail,unassigned_library_asset,[],0,False,True,Missing alt text
asset:wp-1402,https://www.klkoleo.com/wp-content/uploads/2021/10/SBC.png,image/png,30,30,SBC,,,card_or_thumbnail,unassigned_library_asset,[],0,False,True,Missing alt text
asset:wp-1401,https://www.klkoleo.com/wp-content/uploads/2021/10/Rubbers.png,image/png,30,30,Rubbers,,,card_or_thumbnail,unassigned_library_asset,[],0,False,True,Missing alt text
asset:wp-1400,https://www.klkoleo.com/wp-content/uploads/2021/10/PVC.png,image/png,30,30,PVC,,,card_or_thumbnail,unassigned_library_asset,[],0,False,True,Missing alt text
asset:wp-1399,https://www.klkoleo.com/wp-content/uploads/2021/10/PVC-Plasticiser.png,image/png,30,30,PVC Plasticiser,,,card_or_thumbnail,unassigned_library_asset,[],0,False,True,Missing alt text
asset:wp-1398,https://www.klkoleo.com/wp-content/uploads/2021/10/PVC-Additives.png,image/png,30,30,PVC Additives,,,card_or_thumbnail,unassigned_library_asset,[],0,False,True,Missing alt text
asset:wp-1397,https://www.klkoleo.com/wp-content/uploads/2021/10/PVAC.png,image/png,30,30,PVAC,,,card_or_thumbnail,unassigned_library_asset,[],0,False,True,Missing alt text
asset:wp-1396,https://www.klkoleo.com/wp-content/uploads/2021/10/PU.png,image/png,30,30,PU,,,card_or_thumbnail,unassigned_library_asset,[],0,False,True,Missing alt text
asset:wp-1394,https://www.klkoleo.com/wp-content/uploads/2021/10/PS.png,image/png,30,30,PS,,,card_or_thumbnail,unassigned_library_asset,[],0,False,True,Missing alt text
asset:wp-1393,https://www.klkoleo.com/wp-content/uploads/2021/10/PP.png,image/png,30,30,PP,,,card_or_thumbnail,unassigned_library_asset,[],0,False,True,Missing alt text
asset:wp-1392,https://www.klkoleo.com/wp-content/uploads/2021/10/POM.png,image/png,30,30,POM,,,card_or_thumbnail,unassigned_library_asset,[],0,False,True,Missing alt text
asset:wp-1391,https://www.klkoleo.com/wp-content/uploads/2021/10/Polyolefins.png,image/png,30,30,Polyolefins,,,card_or_thumbnail,unassigned_library_asset,[],0,False,True,Missing alt text
asset:wp-1390,https://www.klkoleo.com/wp-content/uploads/2021/10/PMMA.png,image/png,30,30,PMMA,,,card_or_thumbnail,unassigned_library_asset,[],0,False,True,Missing alt text
asset:wp-1389,https://www.klkoleo.com/wp-content/uploads/2021/10/Phenol-Resin.png,image/png,30,30,Phenol Resin,,,card_or_thumbnail,unassigned_library_asset,[],0,False,True,Missing alt text
asset:wp-1388,https://www.klkoleo.com/wp-content/uploads/2021/10/PET.png,image/png,30,30,PET,,,card_or_thumbnail,unassigned_library_asset,[],0,False,True,Missing alt text
asset:wp-1387,https://www.klkoleo.com/wp-content/uploads/2021/10/PE.png,image/png,30,30,PE,,,card_or_thumbnail,unassigned_library_asset,[],0,False,True,Missing alt text
asset:wp-1386,https://www.klkoleo.com/wp-content/uploads/2021/10/PC.png,image/png,30,30,PC,,,card_or_thumbnail,unassigned_library_asset,[],0,False,True,Missing alt text
asset:wp-1385,https://www.klkoleo.com/wp-content/uploads/2021/10/PBT.png,image/png,30,30,PBT,,,card_or_thumbnail,unassigned_library_asset,[],0,False,True,Missing alt text
asset:wp-1384,https://www.klkoleo.com/wp-content/uploads/2021/10/Paints-Coatings.png,image/png,30,30,Paints-Coatings,,,card_or_thumbnail,unassigned_library_asset,[],0,False,True,Missing alt text
asset:wp-1383,https://www.klkoleo.com/wp-content/uploads/2021/10/Nylon-Polyamides.png,image/png,30,30,Nylon-Polyamides,,,card_or_thumbnail,unassigned_library_asset,[],0,False,True,Missing alt text
asset:wp-1382,https://www.klkoleo.com/wp-content/uploads/2021/10/Metallic-Soaps.png,image/png,30,30,Metallic Soaps,,,card_or_thumbnail,unassigned_library_asset,[],0,False,True,Missing alt text
asset:wp-1381,https://www.klkoleo.com/wp-content/uploads/2021/10/Fatty-Acid-Amides.png,image/png,30,30,Fatty Acid Amides,,,card_or_thumbnail,unassigned_library_asset,[],0,False,True,Missing alt text
asset:wp-1380,https://www.klkoleo.com/wp-content/uploads/2021/10/EVA.png,image/png,30,30,EVA,,,card_or_thumbnail,unassigned_library_asset,[],0,False,True,Missing alt text
asset:wp-1379,https://www.klkoleo.com/wp-content/uploads/2021/10/CR.png,image/png,30,30,CR,,,card_or_thumbnail,unassigned_library_asset,[],0,False,True,Missing alt text
asset:wp-1378,https://www.klkoleo.com/wp-content/uploads/2021/10/Cellulosic-Resin.png,image/png,30,30,Cellulosic Resin,,,card_or_thumbnail,unassigned_library_asset,[],0,False,True,Missing alt text
asset:wp-1377,https://www.klkoleo.com/wp-content/uploads/2021/10/Bulk-Moulding-Compounds-BMC.png,image/png,30,30,Bulk Moulding Compounds (BMC),,,card_or_thumbnail,unassigned_library_asset,[],0,False,True,Missing alt text
asset:wp-1376,https://www.klkoleo.com/wp-content/uploads/2021/10/Adhesive.png,image/png,30,30,Adhesive,,,card_or_thumbnail,unassigned_library_asset,[],0,False,True,Missing alt text
asset:wp-1373,https://www.klkoleo.com/wp-content/uploads/2021/10/2021-09-22-1002x415px-PETS-01.png,image/png,1003,415,2021-09-22-1002x415px-PETS-01,,,banner_candidate,unassigned_library_asset,[],10,False,True,Missing alt text
asset:wp-1372,https://www.klkoleo.com/wp-content/uploads/2021/10/2021-09-22-1002x415px-ME-01.png,image/png,1003,415,2021-09-22-1002x415px-ME-01,,,banner_candidate,unassigned_library_asset,[],10,False,True,Missing alt text
asset:wp-1371,https://www.klkoleo.com/wp-content/uploads/2021/10/2021-09-22-1002x415px-Lub-Polyol-Ester-01.png,image/png,1003,415,2021-09-22-1002x415px-Lub-Polyol Ester-01,,,banner_candidate,unassigned_library_asset,[],10,False,True,Missing alt text
asset:wp-1370,https://www.klkoleo.com/wp-content/uploads/2021/10/2021-09-22-1002x415px-Lub-Mono-Ester-01.png,image/png,1003,415,2021-09-22-1002x415px-Lub-Mono Ester-01,,,banner_candidate,unassigned_library_asset,[],10,False,True,Missing alt text
asset:wp-1369,https://www.klkoleo.com/wp-content/uploads/2021/10/2021-09-22-1002x415px-MES-01.png,image/png,1003,415,2021-09-22-1002x415px-MES-01,,,banner_candidate,unassigned_library_asset,[],10,False,True,Missing alt text
asset:wp-1367,https://www.klkoleo.com/wp-content/uploads/2021/09/sl-03.jpg,image/jpeg,1920,795,sl-03,,,banner_candidate,unassigned_library_asset,[],12,False,True,Missing alt text
asset:wp-1366,https://www.klkoleo.com/wp-content/uploads/2021/09/sl-02.jpg,image/jpeg,1920,795,sl-02,,,banner_candidate,unassigned_library_asset,[],12,False,True,Missing alt text
asset:wp-1363,https://www.klkoleo.com/wp-content/uploads/2021/09/banner-polymer-01.jpg,image/jpeg,1920,250,banner-polymer-01,,,banner_candidate,unassigned_library_asset,[],12,False,True,Missing alt text
asset:wp-1362,https://www.klkoleo.com/wp-content/uploads/2021/09/market-bg-polymers-01.jpg,image/jpeg,1920,900,market-bg-polymers-01,,,banner_candidate,unassigned_library_asset,[],12,False,True,Missing alt text
asset:wp-1350,https://www.klkoleo.com/wp-content/uploads/2021/09/market-icon-hc-Viscosity-Controller.png,image/png,30,30,market-icon-hc-Viscosity-Controller,,,logo_or_icon,unassigned_library_asset,[],0,False,True,Missing alt text
asset:wp-1349,https://www.klkoleo.com/wp-content/uploads/2021/09/market-icon-hc-Solvent.png,image/png,30,30,market-icon-hc-Solvent,,,logo_or_icon,unassigned_library_asset,[],0,False,True,Missing alt text
asset:wp-1348,https://www.klkoleo.com/wp-content/uploads/2021/09/market-icon-hc-Skin-Conditioner.png,image/png,30,30,market-icon-hc-Skin-Conditioner,,,logo_or_icon,unassigned_library_asset,[],0,False,True,Missing alt text
asset:wp-1346,https://www.klkoleo.com/wp-content/uploads/2021/09/market-icon-hc-Chemical-Intermediates.png,image/png,30,30,market-icon-hc-Chemical-Intermediates,,,logo_or_icon,unassigned_library_asset,[],0,False,True,Missing alt text
asset:wp-1335,https://www.klkoleo.com/wp-content/uploads/2021/09/home-rspo.jpg,image/jpeg,350,260,home-rspo,,,editorial_image,unassigned_library_asset,[],7,False,True,Missing alt text
asset:wp-1318,https://www.klkoleo.com/wp-content/uploads/2021/09/market-bg-food.jpg,image/jpeg,1920,900,market-bg-food,,,banner_candidate,unassigned_library_asset,[],12,False,True,Missing alt text
asset:wp-1317,https://www.klkoleo.com/wp-content/uploads/2021/09/market-bg-homecare.jpg,image/jpeg,1920,900,market-bg-homecare,,,banner_candidate,unassigned_library_asset,[],12,False,True,Missing alt text
asset:wp-1316,https://www.klkoleo.com/wp-content/uploads/2021/09/market-bg-lubricants.jpg,image/jpeg,1920,900,market-bg-lubricants,,,banner_candidate,unassigned_library_asset,[],12,False,True,Missing alt text
asset:wp-1315,https://www.klkoleo.com/wp-content/uploads/2021/09/market-bg-polymers.jpg,image/jpeg,1920,900,market-bg-polymers,,,banner_candidate,unassigned_library_asset,[],12,False,True,Missing alt text
asset:wp-1314,https://www.klkoleo.com/wp-content/uploads/2021/09/market-bg-beauty.jpg,image/jpeg,1920,900,market-bg-beauty,,,banner_candidate,unassigned_library_asset,[],12,False,True,Missing alt text
asset:wp-1250,https://www.klkoleo.com/wp-content/uploads/2021/09/market-banner-home-care-01.jpg,image/jpeg,1003,415,market-banner-home-care-01,,,banner_candidate,unassigned_library_asset,[],10,False,True,Missing alt text
asset:wp-1249,https://www.klkoleo.com/wp-content/uploads/2021/09/market-banner-food-nutrition-02.jpg,image/jpeg,1002,415,market-banner-food-&-nutrition-02,,,banner_candidate,unassigned_library_asset,[],10,False,True,Missing alt text
asset:wp-1248,https://www.klkoleo.com/wp-content/uploads/2021/09/market-banner-food-nutrition-01.jpg,image/jpeg,1002,415,market-banner-food-&-nutrition-01,,,banner_candidate,unassigned_library_asset,[],10,False,True,Missing alt text
asset:wp-1247,https://www.klkoleo.com/wp-content/uploads/2021/09/market-banner-beauty-personal-care-02.jpg,image/jpeg,1003,415,market-banner-beauty-&-personal-care-02,,,banner_candidate,unassigned_library_asset,[],10,False,True,Missing alt text
asset:wp-1246,https://www.klkoleo.com/wp-content/uploads/2021/09/market-banner-beauty-personal-care-01.jpg,image/jpeg,1003,415,market-banner-beauty-&-personal-care-01,,,banner_candidate,unassigned_library_asset,[],10,False,True,Missing alt text
asset:wp-1245,https://www.klkoleo.com/wp-content/uploads/2021/09/banner-food-n-nutrition-01.jpg,image/jpeg,1920,250,banner-food-n-nutrition-01,,,banner_candidate,unassigned_library_asset,[],12,False,True,Missing alt text
asset:wp-1222,https://www.klkoleo.com/wp-content/uploads/2021/09/market-icon-fn-gene-modulation.png,image/png,30,30,market-icon-fn-gene-modulation,,,logo_or_icon,unassigned_library_asset,[],0,False,True,Missing alt text
asset:wp-1221,https://www.klkoleo.com/wp-content/uploads/2021/09/market-icon-fn-weight-management.png,image/png,30,30,market-icon-fn-weight-management,,,logo_or_icon,unassigned_library_asset,[],0,False,True,Missing alt text
asset:wp-1220,https://www.klkoleo.com/wp-content/uploads/2021/09/market-icon-fn-thickening-agent.png,image/png,30,30,market-icon-fn-thickening-agent,,,logo_or_icon,unassigned_library_asset,[],0,False,True,Missing alt text
asset:wp-1219,https://www.klkoleo.com/wp-content/uploads/2021/09/market-icon-fn-sweetening-agent.png,image/png,30,30,market-icon-fn-sweetening-agent,,,logo_or_icon,unassigned_library_asset,[],0,False,True,Missing alt text
asset:wp-1218,https://www.klkoleo.com/wp-content/uploads/2021/09/market-icon-fn-solvent-carrier.png,image/png,30,30,market-icon-fn-solvent-carrier,,,logo_or_icon,unassigned_library_asset,[],0,False,True,Missing alt text
asset:wp-1217,https://www.klkoleo.com/wp-content/uploads/2021/09/market-icon-fn-skin-health.png,image/png,30,30,market-icon-fn-skin-health,,,logo_or_icon,unassigned_library_asset,[],0,False,True,Missing alt text
asset:wp-1216,https://www.klkoleo.com/wp-content/uploads/2021/09/market-icon-fn-radiation-protection.png,image/png,30,30,market-icon-fn-radiation-protection,,,logo_or_icon,unassigned_library_asset,[],0,False,True,Missing alt text
asset:wp-1215,https://www.klkoleo.com/wp-content/uploads/2021/09/market-icon-fn-plasticiser-softening-agent.png,image/png,30,30,market-icon-fn-plasticiser-softening-agent,,,logo_or_icon,unassigned_library_asset,[],0,False,True,Missing alt text
asset:wp-1214,https://www.klkoleo.com/wp-content/uploads/2021/09/market-icon-fn-lubricant.png,image/png,30,30,market-icon-fn-lubricant,,,logo_or_icon,unassigned_library_asset,[],0,False,True,Missing alt text
asset:wp-1213,https://www.klkoleo.com/wp-content/uploads/2021/09/market-icon-fn-liver-health.png,image/png,30,30,market-icon-fn-liver-health,,,logo_or_icon,unassigned_library_asset,[],0,False,True,Missing alt text
asset:wp-1212,https://www.klkoleo.com/wp-content/uploads/2021/09/market-icon-fn-humectant.png,image/png,30,30,market-icon-fn-humectant,,,logo_or_icon,unassigned_library_asset,[],0,False,True,Missing alt text
asset:wp-1211,https://www.klkoleo.com/wp-content/uploads/2021/09/market-icon-fn-heart-health.png,image/png,30,30,market-icon-fn-heart-health,,,logo_or_icon,unassigned_library_asset,[],0,False,True,Missing alt text
asset:wp-1210,https://www.klkoleo.com/wp-content/uploads/2021/09/market-icon-fn-healthy-aging.png,image/png,30,30,market-icon-fn-healthy-aging,,,logo_or_icon,unassigned_library_asset,[],0,False,True,Missing alt text
asset:wp-1209,https://www.klkoleo.com/wp-content/uploads/2021/09/market-icon-fn-gut-health.png,image/png,30,30,market-icon-fn-gut-health,,,logo_or_icon,unassigned_library_asset,[],0,False,True,Missing alt text
asset:wp-1208,https://www.klkoleo.com/wp-content/uploads/2021/09/market-icon-fn-flavouring-agent.png,image/png,30,30,market-icon-fn-flavouring-agent,,,logo_or_icon,unassigned_library_asset,[],0,False,True,Missing alt text
asset:wp-1207,https://www.klkoleo.com/wp-content/uploads/2021/09/market-icon-fn-fat-substitute.png,image/png,30,30,market-icon-fn-fat-substitute,,,logo_or_icon,unassigned_library_asset,[],0,False,True,Missing alt text
asset:wp-1206,https://www.klkoleo.com/wp-content/uploads/2021/09/market-icon-fn-eye-health.png,image/png,30,30,market-icon-fn-eye-health,,,logo_or_icon,unassigned_library_asset,[],0,False,True,Missing alt text
asset:wp-1205,https://www.klkoleo.com/wp-content/uploads/2021/09/market-icon-fn-energy-source.png,image/png,30,30,market-icon-fn-energy-source,,,logo_or_icon,unassigned_library_asset,[],0,False,True,Missing alt text
asset:wp-1204,https://www.klkoleo.com/wp-content/uploads/2021/09/market-icon-fn-emulsifier.png,image/png,30,30,market-icon-fn-emulsifier,,,logo_or_icon,unassigned_library_asset,[],0,False,True,Missing alt text
asset:wp-1203,https://www.klkoleo.com/wp-content/uploads/2021/09/market-icon-fn-color-additive.png,image/png,30,30,market-icon-fn-color-additive,,,logo_or_icon,unassigned_library_asset,[],0,False,True,Missing alt text
asset:wp-1202,https://www.klkoleo.com/wp-content/uploads/2021/09/market-icon-fn-cognitive-health.png,image/png,30,30,market-icon-fn-cognitive-health,,,logo_or_icon,unassigned_library_asset,[],0,False,True,Missing alt text
asset:wp-1201,https://www.klkoleo.com/wp-content/uploads/2021/09/market-icon-fn-clouding-agent.png,image/png,30,30,market-icon-fn-clouding-agent,,,logo_or_icon,unassigned_library_asset,[],0,False,True,Missing alt text
asset:wp-1200,https://www.klkoleo.com/wp-content/uploads/2021/09/market-icon-fn-bone-joint-health.png,image/png,30,30,market-icon-fn-bone-joint-health,,,logo_or_icon,unassigned_library_asset,[],0,False,True,Missing alt text
asset:wp-1199,https://www.klkoleo.com/wp-content/uploads/2021/09/market-icon-fn-anti-sticking-agent.png,image/png,30,30,market-icon-fn-anti-sticking-agent,,,logo_or_icon,unassigned_library_asset,[],0,False,True,Missing alt text
asset:wp-1198,https://www.klkoleo.com/wp-content/uploads/2021/09/market-icon-fn-antioxidant.png,image/png,30,30,market-icon-fn-antioxidant,,,logo_or_icon,unassigned_library_asset,[],0,False,True,Missing alt text
asset:wp-1197,https://www.klkoleo.com/wp-content/uploads/2021/09/market-icon-fn-anti-inflammatory-agent.png,image/png,30,30,market-icon-fn-anti-inflammatory-agent,,,logo_or_icon,unassigned_library_asset,[],0,False,True,Missing alt text
asset:wp-1196,https://www.klkoleo.com/wp-content/uploads/2021/09/market-icon-fn-anti-dusting-agent.png,image/png,30,30,market-icon-fn-anti-dusting-agent,,,logo_or_icon,unassigned_library_asset,[],0,False,True,Missing alt text
asset:wp-1195,https://www.klkoleo.com/wp-content/uploads/2021/09/market-icon-fn-anti-bacterial-agent.png,image/png,30,30,market-icon-fn-anti-bacterial-agent,,,logo_or_icon,unassigned_library_asset,[],0,False,True,Missing alt text
asset:wp-1194,https://www.klkoleo.com/wp-content/uploads/2021/09/market-icon-fn-pharmaceuticals.png,image/png,30,30,market-icon-fn-pharmaceuticals,,,logo_or_icon,unassigned_library_asset,[],0,False,True,Missing alt text
asset:wp-1193,https://www.klkoleo.com/wp-content/uploads/2021/09/market-icon-fn-non-dairy-product.png,image/png,30,30,market-icon-fn-non-dairy-product,,,logo_or_icon,unassigned_library_asset,[],0,False,True,Missing alt text
asset:wp-1192,https://www.klkoleo.com/wp-content/uploads/2021/09/market-icon-fn-bakery.png,image/png,30,30,market-icon-fn-bakery,,,logo_or_icon,unassigned_library_asset,[],0,False,True,Missing alt text
asset:wp-1191,https://www.klkoleo.com/wp-content/uploads/2021/09/market-icon-fn-pet-food.png,image/png,30,30,market-icon-fn-pet-food,,,logo_or_icon,unassigned_library_asset,[],0,False,True,Missing alt text
asset:wp-1190,https://www.klkoleo.com/wp-content/uploads/2021/09/market-icon-fn-sport-nutrition.png,image/png,30,30,market-icon-fn-sport-nutrition,,,logo_or_icon,unassigned_library_asset,[],0,False,True,Missing alt text
asset:wp-1189,https://www.klkoleo.com/wp-content/uploads/2021/09/market-icon-fn-oral-beauty-supplement.png,image/png,30,30,market-icon-fn-oral-beauty-supplement,,,logo_or_icon,unassigned_library_asset,[],0,False,True,Missing alt text
asset:wp-1188,https://www.klkoleo.com/wp-content/uploads/2021/09/market-icon-fn-nutricosmetics.png,image/png,30,30,market-icon-fn-nutricosmetics,,,logo_or_icon,unassigned_library_asset,[],0,False,True,Missing alt text
asset:wp-1187,https://www.klkoleo.com/wp-content/uploads/2021/09/market-icon-fn-nutraceuticals.png,image/png,30,30,market-icon-fn-nutraceuticals,,,logo_or_icon,unassigned_library_asset,[],0,False,True,Missing alt text
asset:wp-1186,https://www.klkoleo.com/wp-content/uploads/2021/09/market-icon-fn-infant-formula.png,image/png,30,30,market-icon-fn-infant-formula,,,logo_or_icon,unassigned_library_asset,[],0,False,True,Missing alt text
asset:wp-1185,https://www.klkoleo.com/wp-content/uploads/2021/09/market-icon-fn-functional-food.png,image/png,30,30,market-icon-fn-functional-food,,,logo_or_icon,unassigned_library_asset,[],0,False,True,Missing alt text
asset:wp-1184,https://www.klkoleo.com/wp-content/uploads/2021/09/market-icon-fn-functional-beverage.png,image/png,30,30,market-icon-fn-functional-beverage,,,logo_or_icon,unassigned_library_asset,[],0,False,True,Missing alt text
asset:wp-1183,https://www.klkoleo.com/wp-content/uploads/2021/09/market-icon-fn-food-proceesing.png,image/png,30,30,market-icon-fn-food-proceesing,,,logo_or_icon,unassigned_library_asset,[],0,False,True,Missing alt text
asset:wp-1182,https://www.klkoleo.com/wp-content/uploads/2021/09/market-icon-fn-food-emulsifier.png,image/png,30,30,market-icon-fn-food-emulsifier,,,logo_or_icon,unassigned_library_asset,[],0,False,True,Missing alt text
asset:wp-1181,https://www.klkoleo.com/wp-content/uploads/2021/09/market-icon-fn-flavour.png,image/png,30,30,market-icon-fn-flavour,,,logo_or_icon,unassigned_library_asset,[],0,False,True,Missing alt text
asset:wp-1180,https://www.klkoleo.com/wp-content/uploads/2021/09/market-icon-fn-dietary-supplement.png,image/png,30,30,market-icon-fn-dietary-supplement,,,logo_or_icon,unassigned_library_asset,[],0,False,True,Missing alt text
asset:wp-1179,https://www.klkoleo.com/wp-content/uploads/2021/09/market-icon-fn-confectionery.png,image/png,30,30,market-icon-fn-confectionery,,,logo_or_icon,unassigned_library_asset,[],0,False,True,Missing alt text
asset:wp-1178,https://www.klkoleo.com/wp-content/uploads/2021/09/market-icon-fn-animal-nutrition.png,image/png,30,30,market-icon-fn-animal-nutrition,,,logo_or_icon,unassigned_library_asset,[],0,False,True,Missing alt text
asset:wp-1173,https://www.klkoleo.com/wp-content/uploads/2021/09/bg08-01.jpg,image/jpeg,626,322,bg08-01,,,banner_candidate,unassigned_library_asset,[],9,False,True,Missing alt text
asset:wp-1161,https://www.klkoleo.com/wp-content/uploads/2021/09/banner-oleo-basics-01.jpg,image/jpeg,1920,250,banner-oleo-basics-01,,,banner_candidate,unassigned_library_asset,[],12,False,True,Missing alt text
asset:wp-1160,https://www.klkoleo.com/wp-content/uploads/2021/09/ubermenu-product-02.jpg,image/jpeg,223,300,ubermenu-product-02,,,editorial_image,unassigned_library_asset,[],4,False,True,Missing alt text
asset:wp-1151,https://www.klkoleo.com/wp-content/uploads/2021/05/Polymer_Wood-Plastic-Composite-WPC2.png,image/png,30,30,Polymer_Wood Plastic Composite (WPC)2,,,card_or_thumbnail,unassigned_library_asset,[],0,False,True,Missing alt text
asset:wp-1150,https://www.klkoleo.com/wp-content/uploads/2021/05/Polymer_Sheet-Moulding-Compounds-SMC2.png,image/png,30,30,Polymer_Sheet Moulding Compounds (SMC)2,,,card_or_thumbnail,unassigned_library_asset,[],0,False,True,Missing alt text
asset:wp-1149,https://www.klkoleo.com/wp-content/uploads/2021/05/Polymer_PC2.png,image/png,30,30,Polymer_PC2,,,card_or_thumbnail,unassigned_library_asset,[],0,False,True,Missing alt text
asset:wp-1148,https://www.klkoleo.com/wp-content/uploads/2021/05/Polymer_PS2.png,image/png,30,30,Polymer_PS2,,,card_or_thumbnail,unassigned_library_asset,[],0,False,True,Missing alt text
asset:wp-1147,https://www.klkoleo.com/wp-content/uploads/2021/05/Polymer_PMMA2.png,image/png,30,30,Polymer_PMMA2,,,card_or_thumbnail,unassigned_library_asset,[],0,False,True,Missing alt text
asset:wp-1146,https://www.klkoleo.com/wp-content/uploads/2021/05/Polymer_Water-Repellency1.png,image/png,30,30,Polymer_Water Repellency1,,,card_or_thumbnail,unassigned_library_asset,[],0,False,True,Missing alt text
asset:wp-1145,https://www.klkoleo.com/wp-content/uploads/2021/05/Polymer_Viscidity-Resistant1.png,image/png,30,30,Polymer_Viscidity Resistant1,,,card_or_thumbnail,unassigned_library_asset,[],0,False,True,Missing alt text
asset:wp-1144,https://www.klkoleo.com/wp-content/uploads/2021/05/Polymer_Surface-Finish-Improver1.png,image/png,30,30,Polymer_Surface Finish Improver1,,,card_or_thumbnail,unassigned_library_asset,[],0,False,True,Missing alt text
asset:wp-1143,https://www.klkoleo.com/wp-content/uploads/2021/05/Polymer_Slip-Additive1.png,image/png,30,30,Polymer_Slip Additive1,,,card_or_thumbnail,unassigned_library_asset,[],0,False,True,Missing alt text
asset:wp-1142,https://www.klkoleo.com/wp-content/uploads/2021/05/Polymer_Processing-Aid1.png,image/png,30,30,Polymer_Processing Aid1,,,card_or_thumbnail,unassigned_library_asset,[],0,False,True,Missing alt text
asset:wp-1141,https://www.klkoleo.com/wp-content/uploads/2021/05/Polymer_Pigment-Dispersant1.png,image/png,30,30,Polymer_Pigment Dispersant1,,,card_or_thumbnail,unassigned_library_asset,[],0,False,True,Missing alt text
asset:wp-1140,https://www.klkoleo.com/wp-content/uploads/2021/05/Polymer_Mould-Release-Agent-1.png,image/png,30,30,Polymer_Mould Release Agent 1,,,card_or_thumbnail,unassigned_library_asset,[],0,False,True,Missing alt text
asset:wp-1139,https://www.klkoleo.com/wp-content/uploads/2021/05/Polymer_Internal-Lubrication1.png,image/png,30,30,Polymer_Internal Lubrication1,,,card_or_thumbnail,unassigned_library_asset,[],0,False,True,Missing alt text
asset:wp-1138,https://www.klkoleo.com/wp-content/uploads/2021/05/Polymer_Flow-Improver1.png,image/png,30,30,Polymer_Flow Improver1,,,card_or_thumbnail,unassigned_library_asset,[],0,False,True,Missing alt text
asset:wp-1137,https://www.klkoleo.com/wp-content/uploads/2021/05/Polymer_External-Lubrication1.png,image/png,30,30,Polymer_External Lubrication1,,,card_or_thumbnail,unassigned_library_asset,[],0,False,True,Missing alt text
asset:wp-1136,https://www.klkoleo.com/wp-content/uploads/2021/05/Polymer_Defoamer1.png,image/png,30,30,Polymer_Defoamer1,,,card_or_thumbnail,unassigned_library_asset,[],0,False,True,Missing alt text
asset:wp-1135,https://www.klkoleo.com/wp-content/uploads/2021/05/Polymer_Antistatic-Agent1.png,image/png,30,30,Polymer_Antistatic Agent1,,,card_or_thumbnail,unassigned_library_asset,[],0,False,True,Missing alt text
asset:wp-1134,https://www.klkoleo.com/wp-content/uploads/2021/05/Polymer_Anti-tack-Additives1.png,image/png,30,30,Polymer_Anti-tack Additives1,,,card_or_thumbnail,unassigned_library_asset,[],0,False,True,Missing alt text
asset:wp-1133,https://www.klkoleo.com/wp-content/uploads/2021/05/Polymer_Anti-sticky-Agent1.png,image/png,30,30,Polymer_Anti-sticky Agent1,,,card_or_thumbnail,unassigned_library_asset,[],0,False,True,Missing alt text
asset:wp-1131,https://www.klkoleo.com/wp-content/uploads/2021/05/Polymer_Anti-blocking-Agent1.png,image/png,30,30,Polymer_Anti-blocking Agent1,,,card_or_thumbnail,unassigned_library_asset,[],0,False,True,Missing alt text
asset:wp-1130,https://www.klkoleo.com/wp-content/uploads/2021/05/Polymer_Agglomeration-Resistant1.png,image/png,30,30,Polymer_Agglomeration Resistant1,,,card_or_thumbnail,unassigned_library_asset,[],0,False,True,Missing alt text
asset:wp-1129,https://www.klkoleo.com/wp-content/uploads/2021/05/Polymer_Abrasion-Resistance1.png,image/png,30,30,Polymer_Abrasion Resistance1,,,card_or_thumbnail,unassigned_library_asset,[],0,False,True,Missing alt text
asset:wp-1127,https://www.klkoleo.com/wp-content/uploads/2021/05/Polymer_Thermosetting-resins1.png,image/png,30,30,Polymer_Thermosetting resins1,,,card_or_thumbnail,unassigned_library_asset,[],0,False,True,Missing alt text
asset:wp-1126,https://www.klkoleo.com/wp-content/uploads/2021/05/Polymer_Thermoplastic-Polyester-1.png,image/png,30,30,Polymer_Thermoplastic Polyester 1,,,card_or_thumbnail,unassigned_library_asset,[],0,False,True,Missing alt text
asset:wp-1125,https://www.klkoleo.com/wp-content/uploads/2021/05/Polymer_Rubbers1.png,image/png,30,30,Polymer_Rubbers1,,,card_or_thumbnail,unassigned_library_asset,[],0,False,True,Missing alt text
asset:wp-1124,https://www.klkoleo.com/wp-content/uploads/2021/05/Polymer_PVC1.png,image/png,30,30,Polymer_PVC1,,,card_or_thumbnail,unassigned_library_asset,[],0,False,True,Missing alt text
asset:wp-1123,https://www.klkoleo.com/wp-content/uploads/2021/05/Polymer_PU1.png,image/png,30,30,Polymer_PU1,,,card_or_thumbnail,unassigned_library_asset,[],0,False,True,Missing alt text
asset:wp-1122,https://www.klkoleo.com/wp-content/uploads/2021/05/Polymer_PP1.png,image/png,30,30,Polymer_PP1,,,card_or_thumbnail,unassigned_library_asset,[],0,False,True,Missing alt text
asset:wp-1121,https://www.klkoleo.com/wp-content/uploads/2021/05/Polymer_POM1.png,image/png,30,30,Polymer_POM1,,,card_or_thumbnail,unassigned_library_asset,[],0,False,True,Missing alt text
asset:wp-1120,https://www.klkoleo.com/wp-content/uploads/2021/05/Polymer_Polyolefins1.png,image/png,30,30,Polymer_Polyolefins1,,,card_or_thumbnail,unassigned_library_asset,[],0,False,True,Missing alt text
asset:wp-1119,https://www.klkoleo.com/wp-content/uploads/2021/05/Polymer_Phenol-Resin1.png,image/png,30,30,Polymer_Phenol Resin1,,,card_or_thumbnail,unassigned_library_asset,[],0,False,True,Missing alt text
asset:wp-1118,https://www.klkoleo.com/wp-content/uploads/2021/05/Polymer_PET1.png,image/png,30,30,Polymer_PET1,,,card_or_thumbnail,unassigned_library_asset,[],0,False,True,Missing alt text
asset:wp-1117,https://www.klkoleo.com/wp-content/uploads/2021/05/Polymer_PE1.png,image/png,30,30,Polymer_PE1,,,card_or_thumbnail,unassigned_library_asset,[],0,False,True,Missing alt text
asset:wp-1116,https://www.klkoleo.com/wp-content/uploads/2021/05/Polymer_PBT1.png,image/png,30,30,Polymer_PBT1,,,card_or_thumbnail,unassigned_library_asset,[],0,False,True,Missing alt text
asset:wp-1115,https://www.klkoleo.com/wp-content/uploads/2021/05/Polymer_Paints-Coatings1.png,image/png,30,30,Polymer_Paints-Coatings1,,,card_or_thumbnail,unassigned_library_asset,[],0,False,True,Missing alt text
asset:wp-1114,https://www.klkoleo.com/wp-content/uploads/2021/05/Polymer_Masterbatch1.png,image/png,30,30,Polymer_Masterbatch1,,,card_or_thumbnail,unassigned_library_asset,[],0,False,True,Missing alt text
asset:wp-1113,https://www.klkoleo.com/wp-content/uploads/2021/05/Polymer_EVA1.png,image/png,30,30,Polymer_EVA1,,,card_or_thumbnail,unassigned_library_asset,[],0,False,True,Missing alt text
asset:wp-1112,https://www.klkoleo.com/wp-content/uploads/2021/05/Polymer_Bulk-Moulding-Compounds-BMC1.png,image/png,30,30,Polymer_Bulk Moulding Compounds (BMC)1,,,card_or_thumbnail,unassigned_library_asset,[],0,False,True,Missing alt text
asset:wp-1111,https://www.klkoleo.com/wp-content/uploads/2021/05/Polymer_Acetal1.png,image/png,30,30,Polymer_Acetal1,,,card_or_thumbnail,unassigned_library_asset,[],0,False,True,Missing alt text
asset:wp-1110,https://www.klkoleo.com/wp-content/uploads/2021/05/Lubricant_Additive1.png,image/png,30,30,Lubricant_Additive1,,,card_or_thumbnail,unassigned_library_asset,[],0,False,True,Missing alt text
asset:wp-1109,https://www.klkoleo.com/wp-content/uploads/2021/05/Lubricant_Base-Oil1.png,image/png,30,30,Lubricant_Base Oil1,,,card_or_thumbnail,unassigned_library_asset,[],0,False,True,Missing alt text
asset:wp-1108,https://www.klkoleo.com/wp-content/uploads/2021/05/Lubricant_Greases1.png,image/png,30,30,Lubricant_Greases1,,,card_or_thumbnail,unassigned_library_asset,[],0,False,True,Missing alt text
asset:wp-1107,https://www.klkoleo.com/wp-content/uploads/2021/05/Lubricant_Metalworking-Fluids1.png,image/png,30,30,Lubricant_Metalworking Fluids1,,,card_or_thumbnail,unassigned_library_asset,[],0,False,True,Missing alt text
asset:wp-1106,https://www.klkoleo.com/wp-content/uploads/2021/05/Lubricant_General-Industrial-Oils1.png,image/png,30,30,Lubricant_General Industrial Oils1,,,card_or_thumbnail,unassigned_library_asset,[],0,False,True,Missing alt text
asset:wp-1103,https://www.klkoleo.com/wp-content/uploads/2021/05/Lubricant_Automotive-Lubricants.png,image/png,30,30,Lubricant_Automotive Lubricants,,,card_or_thumbnail,unassigned_library_asset,[],0,False,True,Missing alt text
asset:wp-1089,https://www.klkoleo.com/wp-content/uploads/2021/05/Polymer_Nylon-Polyamides.png,image/png,30,30,Polymer_Nylon-Polyamides,,,card_or_thumbnail,unassigned_library_asset,[],0,False,True,Missing alt text
asset:wp-1086,https://www.klkoleo.com/wp-content/uploads/2021/05/Untitled-1.png,image/png,30,30,Untitled-1,,,card_or_thumbnail,unassigned_library_asset,[],0,False,True,Missing alt text
asset:wp-1082,https://www.klkoleo.com/wp-content/uploads/2021/05/Polymer_SBC.png,image/png,30,30,Polymer_SBC,,,card_or_thumbnail,unassigned_library_asset,[],0,False,True,Missing alt text
asset:wp-1079,https://www.klkoleo.com/wp-content/uploads/2021/05/Polymer_PVAC.png,image/png,30,30,Polymer_PVAC,,,card_or_thumbnail,unassigned_library_asset,[],0,False,True,Missing alt text
asset:wp-1069,https://www.klkoleo.com/wp-content/uploads/2021/05/Polymer_ABS.png,image/png,30,30,Polymer_ABS,,,card_or_thumbnail,unassigned_library_asset,[],0,False,True,Missing alt text
asset:wp-1065,https://www.klkoleo.com/wp-content/uploads/2021/05/Polymer_-Anti-caking-Agent.png,image/png,30,30,Polymer_ Anti-caking Agent,,,card_or_thumbnail,unassigned_library_asset,[],0,False,True,Missing alt text
asset:wp-1023,https://www.klkoleo.com/wp-content/uploads/2021/05/Lubricant_Biodegradable-EAL.png,image/png,30,30,Lubricant_Biodegradable & EAL,,,card_or_thumbnail,unassigned_library_asset,[],0,False,True,Missing alt text
asset:wp-1014,https://www.klkoleo.com/wp-content/uploads/2021/05/banner-polymer.jpg,image/jpeg,1920,250,banner-polymer,,,banner_candidate,unassigned_library_asset,[],12,False,True,Missing alt text
asset:wp-1013,https://www.klkoleo.com/wp-content/uploads/2021/05/banner-lubricant.jpg,image/jpeg,1920,250,banner-lubricant,,,banner_candidate,unassigned_library_asset,[],12,False,True,Missing alt text
asset:wp-1012,https://www.klkoleo.com/wp-content/uploads/2021/05/banner-oleo-basics.jpg,image/jpeg,1920,250,banner-oleo-basics,,,banner_candidate,unassigned_library_asset,[],12,False,True,Missing alt text
asset:wp-1011,https://www.klkoleo.com/wp-content/uploads/2021/05/banner-homecare.jpg,image/jpeg,1920,250,banner-homecare,,,banner_candidate,unassigned_library_asset,[],12,False,True,Missing alt text
asset:wp-941,https://www.klkoleo.com/wp-content/uploads/2021/05/17-wo-coemulsifier.png,image/png,30,30,17-wo-coemulsifier,,,card_or_thumbnail,unassigned_library_asset,[],0,False,True,Missing alt text
asset:wp-940,https://www.klkoleo.com/wp-content/uploads/2021/05/16-wo-emulsifier.png,image/png,30,30,16-wo-emulsifier,,,card_or_thumbnail,unassigned_library_asset,[],0,False,True,Missing alt text
asset:wp-939,https://www.klkoleo.com/wp-content/uploads/2021/05/15-thickener.png,image/png,30,30,15-thickener,,,card_or_thumbnail,unassigned_library_asset,[],0,False,True,Missing alt text
asset:wp-938,https://www.klkoleo.com/wp-content/uploads/2021/05/14-solubiliser.png,image/png,30,30,14-solubiliser,,,card_or_thumbnail,unassigned_library_asset,[],0,False,True,Missing alt text
asset:wp-937,https://www.klkoleo.com/wp-content/uploads/2021/05/13-rinse-aid.png,image/png,30,30,13-rinse-aid,,,card_or_thumbnail,unassigned_library_asset,[],0,False,True,Missing alt text
asset:wp-936,https://www.klkoleo.com/wp-content/uploads/2021/05/12-primary-surfactant.png,image/png,30,30,12-primary-surfactant,,,card_or_thumbnail,unassigned_library_asset,[],0,False,True,Missing alt text
asset:wp-935,https://www.klkoleo.com/wp-content/uploads/2021/05/11-ow-coemulsifier.png,image/png,30,30,11-ow-coemulsifier,,,card_or_thumbnail,unassigned_library_asset,[],0,False,True,Missing alt text
asset:wp-934,https://www.klkoleo.com/wp-content/uploads/2021/05/10-ow-emulsifier.png,image/png,30,30,10-ow-emulsifier,,,card_or_thumbnail,unassigned_library_asset,[],0,False,True,Missing alt text
asset:wp-933,https://www.klkoleo.com/wp-content/uploads/2021/05/9-low-foaming-agent.png,image/png,30,30,9-low-foaming-agent,,,card_or_thumbnail,unassigned_library_asset,[],0,False,True,Missing alt text
asset:wp-932,https://www.klkoleo.com/wp-content/uploads/2021/05/8-dissolution.png,image/png,30,30,8-dissolution,,,card_or_thumbnail,unassigned_library_asset,[],0,False,True,Missing alt text
asset:wp-931,https://www.klkoleo.com/wp-content/uploads/2021/05/7-dispersing.png,image/png,30,30,7-dispersing,,,card_or_thumbnail,unassigned_library_asset,[],0,False,True,Missing alt text
asset:wp-930,https://www.klkoleo.com/wp-content/uploads/2021/05/6-disinfectant.png,image/png,30,30,6-disinfectant,,,card_or_thumbnail,unassigned_library_asset,[],0,False,True,Missing alt text
asset:wp-929,https://www.klkoleo.com/wp-content/uploads/2021/05/5-foam.png,image/png,30,30,5-foam,,,card_or_thumbnail,unassigned_library_asset,[],0,False,True,Missing alt text
asset:wp-928,https://www.klkoleo.com/wp-content/uploads/2021/05/4-co-surfactant.png,image/png,30,30,4-co-surfactant,,,card_or_thumbnail,unassigned_library_asset,[],0,False,True,Missing alt text
asset:wp-927,https://www.klkoleo.com/wp-content/uploads/2021/05/3-corrosion.png,image/png,30,30,3-corrosion,,,card_or_thumbnail,unassigned_library_asset,[],0,False,True,Missing alt text
asset:wp-926,https://www.klkoleo.com/wp-content/uploads/2021/05/2-cleaning-agent.png,image/png,30,30,2-cleaning-agent,,,card_or_thumbnail,unassigned_library_asset,[],0,False,True,Missing alt text
asset:wp-925,https://www.klkoleo.com/wp-content/uploads/2021/05/1-active-detergent.png,image/png,30,30,1-active-detergent,,,card_or_thumbnail,unassigned_library_asset,[],0,False,True,Missing alt text
asset:wp-924,https://www.klkoleo.com/wp-content/uploads/2021/05/12-car.png,image/png,30,30,12-car,,,card_or_thumbnail,unassigned_library_asset,[],0,False,True,Missing alt text
asset:wp-923,https://www.klkoleo.com/wp-content/uploads/2021/05/11-toilet.png,image/png,30,30,11-toilet,,,card_or_thumbnail,unassigned_library_asset,[],0,False,True,Missing alt text
asset:wp-922,https://www.klkoleo.com/wp-content/uploads/2021/05/10-oven.png,image/png,30,30,10-oven,,,card_or_thumbnail,unassigned_library_asset,[],0,False,True,Missing alt text
asset:wp-921,https://www.klkoleo.com/wp-content/uploads/2021/05/9-kitchen.png,image/png,30,30,9-kitchen,,,card_or_thumbnail,unassigned_library_asset,[],0,False,True,Missing alt text
asset:wp-920,https://www.klkoleo.com/wp-content/uploads/2021/05/8-bathroom.png,image/png,30,30,8-bathroom,,,card_or_thumbnail,unassigned_library_asset,[],0,False,True,Missing alt text
asset:wp-919,https://www.klkoleo.com/wp-content/uploads/2021/05/7-sanitary.png,image/png,30,30,7-sanitary,,,card_or_thumbnail,unassigned_library_asset,[],0,False,True,Missing alt text
asset:wp-918,https://www.klkoleo.com/wp-content/uploads/2021/05/6-degreaser.png,image/png,30,30,6-degreaser,,,card_or_thumbnail,unassigned_library_asset,[],0,False,True,Missing alt text
asset:wp-917,https://www.klkoleo.com/wp-content/uploads/2021/05/5-tablet.png,image/png,30,30,5-tablet,,,card_or_thumbnail,unassigned_library_asset,[],0,False,True,Missing alt text
asset:wp-916,https://www.klkoleo.com/wp-content/uploads/2021/05/4-hardsurface.png,image/png,30,30,4-hardsurface,,,card_or_thumbnail,unassigned_library_asset,[],0,False,True,Missing alt text
asset:wp-915,https://www.klkoleo.com/wp-content/uploads/2021/05/3-laundry-liquid.png,image/png,30,30,3-laundry-liquid,,,card_or_thumbnail,unassigned_library_asset,[],0,False,True,Missing alt text
asset:wp-914,https://www.klkoleo.com/wp-content/uploads/2021/05/2-laundry-powder.png,image/png,30,30,2-laundry-powder,,,card_or_thumbnail,unassigned_library_asset,[],0,False,True,Missing alt text
asset:wp-913,https://www.klkoleo.com/wp-content/uploads/2021/05/1-dish-wash.png,image/png,30,30,1-dish-wash,,,card_or_thumbnail,unassigned_library_asset,[],0,False,True,Missing alt text
asset:wp-897,https://www.klkoleo.com/wp-content/uploads/2021/05/country-south-east-asia.jpg,image/jpeg,1000,681,country-south-east-asia,,,editorial_image,unassigned_library_asset,[],10,False,True,Missing alt text
asset:wp-896,https://www.klkoleo.com/wp-content/uploads/2021/05/country-europe.jpg,image/jpeg,1000,681,country-europe,,,editorial_image,unassigned_library_asset,[],10,False,True,Missing alt text
asset:wp-895,https://www.klkoleo.com/wp-content/uploads/2021/05/country-east-asia.jpg,image/jpeg,1000,681,country-east-asia,,,editorial_image,unassigned_library_asset,[],10,False,True,Missing alt text
asset:wp-894,https://www.klkoleo.com/wp-content/uploads/2021/05/country-americas-new-york.jpg,image/jpeg,1000,681,country-americas-new-york,,,editorial_image,unassigned_library_asset,[],10,False,True,Missing alt text
asset:wp-893,https://www.klkoleo.com/wp-content/uploads/2021/05/country-americas.jpg,image/jpeg,1000,681,country-americas,,,editorial_image,unassigned_library_asset,[],10,False,True,Missing alt text
asset:wp-889,https://www.klkoleo.com/wp-content/uploads/2021/05/thrill-icon-loyalty-small.png,image/png,62,62,thrill-icon-loyalty-small,,,logo_or_icon,unassigned_library_asset,[],0,False,True,Missing alt text
asset:wp-888,https://www.klkoleo.com/wp-content/uploads/2021/05/thrill-icon-innovation-small.png,image/png,62,62,thrill-icon-innovation-small,,,logo_or_icon,unassigned_library_asset,[],0,False,True,Missing alt text
asset:wp-887,https://www.klkoleo.com/wp-content/uploads/2021/05/thrill-icon-integrity-small.png,image/png,62,62,thrill-icon-integrity-small,,,logo_or_icon,unassigned_library_asset,[],0,False,True,Missing alt text
asset:wp-886,https://www.klkoleo.com/wp-content/uploads/2021/05/thrill-icon-results-small.png,image/png,62,62,thrill-icon-results-small,,,logo_or_icon,unassigned_library_asset,[],0,False,True,Missing alt text
asset:wp-885,https://www.klkoleo.com/wp-content/uploads/2021/05/thrill-icon-humility-small.png,image/png,62,62,thrill-icon-humility-small,,,logo_or_icon,unassigned_library_asset,[],0,False,True,Missing alt text
asset:wp-884,https://www.klkoleo.com/wp-content/uploads/2021/05/thrill-icon-teamwork-small.png,image/png,62,62,thrill-icon-teamwork-small,,,logo_or_icon,unassigned_library_asset,[],0,False,True,Missing alt text
asset:wp-881,https://www.klkoleo.com/wp-content/uploads/2021/03/slider05-03.jpg,image/jpeg,1920,795,slider05-03,,,banner_candidate,unassigned_library_asset,[],12,False,True,Missing alt text
asset:wp-880,https://www.klkoleo.com/wp-content/uploads/2020/06/KLKCare-2014-Book-Cover.jpg,image/jpeg,1000,1000,KLKCare-2014-Book-Cover,,,card_or_thumbnail,linked_to_in_scope_content,"[""page:https-www-klkoleo-com-corporate-responsibility"",""page:https-www-klkoleo-com-report-2014""]",10,False,True,Missing alt text
asset:wp-879,https://www.klkoleo.com/wp-content/uploads/2020/06/KLKCare-2015-Book-Cover.jpg,image/jpeg,1000,1000,KLKCare-2015-Book-Cover,,,card_or_thumbnail,linked_to_in_scope_content,"[""page:https-www-klkoleo-com-corporate-responsibility"",""page:https-www-klkoleo-com-report-2015""]",10,False,True,Missing alt text
asset:wp-878,https://www.klkoleo.com/wp-content/uploads/2020/06/KLKCare-2016-Book-Cover.jpg,image/jpeg,1000,1000,KLKCare-2016-Book-Cover,,,card_or_thumbnail,linked_to_in_scope_content,"[""page:https-www-klkoleo-com-corporate-responsibility"",""page:https-www-klkoleo-com-report-2016""]",10,False,True,Missing alt text
asset:wp-877,https://www.klkoleo.com/wp-content/uploads/2020/06/KLKCare-2017-Book-Cover.jpg,image/jpeg,1000,1000,KLKCare-2017-Book-Cover,,,card_or_thumbnail,linked_to_in_scope_content,"[""page:https-www-klkoleo-com-corporate-responsibility"",""page:https-www-klkoleo-com-report-2017""]",10,False,True,Missing alt text
asset:wp-876,https://www.klkoleo.com/wp-content/uploads/2020/06/KLKCare-2018-Book-Cover-1.jpg,image/jpeg,1000,1000,KLKCare-2018-Book-Cover-1,,,card_or_thumbnail,linked_to_in_scope_content,"[""page:https-www-klkoleo-com-corporate-responsibility"",""page:https-www-klkoleo-com-report-2018""]",10,False,True,Missing alt text
asset:wp-875,https://www.klkoleo.com/wp-content/uploads/2020/06/KLKCare-2019-Book-Cover-1.jpg,image/jpeg,1000,1000,KLKCare-2019-Book-Cover-1,,,card_or_thumbnail,linked_to_in_scope_content,"[""page:https-www-klkoleo-com-corporate-responsibility"",""page:https-www-klkoleo-com-report-2019""]",10,False,True,Missing alt text
asset:wp-869,https://www.klkoleo.com/wp-content/uploads/2021/02/banner05.jpg,image/jpeg,1920,250,banner05,,,banner_candidate,unassigned_library_asset,[],12,False,True,Missing alt text
asset:wp-868,https://www.klkoleo.com/wp-content/uploads/2021/02/banner06.jpg,image/jpeg,1920,250,banner06,,,banner_candidate,unassigned_library_asset,[],12,False,True,Missing alt text
asset:wp-841,https://www.klkoleo.com/wp-content/uploads/2020/04/milestone-1992-square.jpg,image/jpeg,371,371,milestone-1992-square,,,card_or_thumbnail,unassigned_library_asset,[],7,False,True,Missing alt text
asset:wp-837,https://www.klkoleo.com/wp-content/uploads/2021/02/ubermenu-product1.jpg,image/jpeg,223,300,ubermenu-product1,,,editorial_image,unassigned_library_asset,[],4,False,True,Missing alt text
asset:wp-836,https://www.klkoleo.com/wp-content/uploads/2021/02/ubermenu-about1-1.jpg,image/jpeg,223,300,ubermenu-about1 (1),,,editorial_image,unassigned_library_asset,[],4,False,True,Missing alt text
asset:wp-833,https://www.klkoleo.com/wp-content/uploads/2021/02/klkcare-logo.jpg,image/jpeg,350,260,klkcare-logo,,,logo_or_icon,unassigned_library_asset,[],7,False,True,Missing alt text
asset:wp-831,https://www.klkoleo.com/wp-content/uploads/2021/02/bg07-03.jpg,image/jpeg,1450,1030,bg07-03,,,editorial_image,unassigned_library_asset,[],11,False,True,Missing alt text
asset:wp-830,https://www.klkoleo.com/wp-content/uploads/2021/02/global-map-01.jpg,image/jpeg,1076,551,global-map-01,,,banner_candidate,unassigned_library_asset,[],11,False,True,Missing alt text
asset:wp-829,https://www.klkoleo.com/wp-content/uploads/2021/02/market-cat-polymers.png,image/png,76,60,market-cat-polymers,,,editorial_image,unassigned_library_asset,[],0,False,True,Missing alt text
asset:wp-828,https://www.klkoleo.com/wp-content/uploads/2021/02/rise-icon-3000-workforce.png,image/png,288,288,rise-icon-3000-workforce,,,logo_or_icon,unassigned_library_asset,[],4,False,True,Missing alt text
asset:wp-827,https://www.klkoleo.com/wp-content/uploads/2021/02/slide05-02.jpg,image/jpeg,1920,795,slide05 02,,,banner_candidate,unassigned_library_asset,[],12,False,True,Missing alt text
asset:wp-826,https://www.klkoleo.com/wp-content/uploads/2021/02/klk-banner2.jpg,image/jpeg,1920,795,klk-banner2,,,banner_candidate,unassigned_library_asset,[],12,False,True,Missing alt text
asset:wp-825,https://www.klkoleo.com/wp-content/uploads/2021/02/slide04-01.jpg,image/jpeg,1920,795,slide04-01,,,banner_candidate,unassigned_library_asset,[],12,False,True,Missing alt text
asset:wp-823,https://www.klkoleo.com/wp-content/uploads/2021/02/slide02-01.jpg,image/jpeg,1920,795,slide02-01,,,banner_candidate,unassigned_library_asset,[],12,False,True,Missing alt text
asset:wp-822,https://www.klkoleo.com/wp-content/uploads/2021/02/slide01-03.jpg,image/jpeg,1920,795,slide01-03,,,banner_candidate,unassigned_library_asset,[],12,False,True,Missing alt text
asset:wp-813,https://www.klkoleo.com/wp-content/uploads/2020/10/global-map-02.jpg,image/jpeg,1378,792,global-map-02,,,editorial_image,unassigned_library_asset,[],11,False,True,Missing alt text
asset:wp-812,https://www.klkoleo.com/wp-content/uploads/2020/10/bg07-03.jpg,image/jpeg,1450,1030,bg07-03,,,editorial_image,unassigned_library_asset,[],11,False,True,Missing alt text
asset:wp-805,https://www.klkoleo.com/wp-content/uploads/2020/10/bg07-02.jpg,image/jpeg,1126,1030,bg07-02,,,card_or_thumbnail,unassigned_library_asset,[],11,False,True,Missing alt text
asset:wp-804,https://www.klkoleo.com/wp-content/uploads/2020/10/bg07-01.jpg,image/jpeg,1126,1030,bg07-01,,,card_or_thumbnail,unassigned_library_asset,[],11,False,True,Missing alt text
asset:wp-803,https://www.klkoleo.com/wp-content/uploads/2020/10/bg07.jpg,image/jpeg,1126,1030,bg07,,,card_or_thumbnail,unassigned_library_asset,[],11,False,True,Missing alt text
asset:wp-802,https://www.klkoleo.com/wp-content/uploads/2020/10/bg06-layer.jpg,image/jpeg,496,221,bg06-layer,,,banner_candidate,unassigned_library_asset,[],7,False,True,Missing alt text
asset:wp-801,https://www.klkoleo.com/wp-content/uploads/2020/10/bg06.jpg,image/jpeg,1920,800,bg06,,,banner_candidate,unassigned_library_asset,[],12,False,True,Missing alt text
asset:wp-800,https://www.klkoleo.com/wp-content/uploads/2020/10/bg05-01.jpg,image/jpeg,1920,800,bg05-01,,,banner_candidate,unassigned_library_asset,[],12,False,True,Missing alt text
asset:wp-799,https://www.klkoleo.com/wp-content/uploads/2020/10/global-map-01.jpg,image/jpeg,1076,551,global-map-01,,,banner_candidate,unassigned_library_asset,[],11,False,True,Missing alt text
asset:wp-797,https://www.klkoleo.com/wp-content/uploads/2020/10/market-cat-polymers.png,image/png,76,60,market-cat-polymers,,,editorial_image,unassigned_library_asset,[],0,False,True,Missing alt text
asset:wp-795,https://www.klkoleo.com/wp-content/uploads/2020/10/rise-icon-3000-workforce.png,image/png,288,288,rise-icon-3000-workforce,,,logo_or_icon,unassigned_library_asset,[],4,False,True,Missing alt text
asset:wp-783,https://www.klkoleo.com/wp-content/uploads/2020/06/klkcare-logo.jpg,image/jpeg,350,260,klkcare-logo,,,logo_or_icon,unassigned_library_asset,[],7,False,True,Missing alt text
asset:wp-782,https://www.klkoleo.com/wp-content/uploads/2020/06/KLKCARE-CR-Report-2019-Compressed.pdf,application/pdf,,,KLKCARE-CR-Report-2019-Compressed,,KLKCARE-CR-Report-2019-Compressed,download,unassigned_library_asset,[],0,False,True,Missing alt text
asset:wp-744,https://www.klkoleo.com/wp-content/uploads/2020/06/banner05.jpg,image/jpeg,1920,250,banner05,,,banner_candidate,unassigned_library_asset,[],12,False,True,Missing alt text
asset:wp-743,https://www.klkoleo.com/wp-content/uploads/2020/06/banner06.jpg,image/jpeg,1920,250,banner06,,,banner_candidate,unassigned_library_asset,[],12,False,True,Missing alt text
asset:wp-713,https://www.klkoleo.com/wp-content/uploads/2020/04/milestone-1992-square.jpg,image/jpeg,371,371,milestone-1992-square,,,card_or_thumbnail,unassigned_library_asset,[],7,False,True,Missing alt text
asset:wp-689,https://www.klkoleo.com/wp-content/uploads/2020/05/ubermenu-product1.jpg,image/jpeg,223,300,ubermenu-product1,,,editorial_image,unassigned_library_asset,[],4,False,True,Missing alt text
asset:wp-688,https://www.klkoleo.com/wp-content/uploads/2020/05/ubermenu-about1.jpg,image/jpeg,223,300,ubermenu-about1,,,editorial_image,unassigned_library_asset,[],4,False,True,Missing alt text
asset:wp-686,https://www.klkoleo.com/wp-content/uploads/2020/05/global-map2.jpg,image/jpeg,1475,587,global-map2,,,banner_candidate,unassigned_library_asset,[],11,False,True,Missing alt text
asset:wp-685,https://www.klkoleo.com/wp-content/uploads/2020/05/klk-banner5.jpg,image/jpeg,1920,795,klk-banner5,,,banner_candidate,unassigned_library_asset,[],12,False,True,Missing alt text
asset:wp-684,https://www.klkoleo.com/wp-content/uploads/2020/05/klk-banner2.jpg,image/jpeg,1920,795,klk-banner2,,,banner_candidate,unassigned_library_asset,[],12,False,True,Missing alt text
asset:wp-683,https://www.klkoleo.com/wp-content/uploads/2020/05/klk-banner1.jpg,image/jpeg,1920,795,klk-banner1,,,banner_candidate,unassigned_library_asset,[],12,False,True,Missing alt text
asset:wp-669,https://www.klkoleo.com/wp-content/uploads/2020/04/bg01-01.jpg,image/jpeg,1106,679,bg01-01,,,editorial_image,unassigned_library_asset,[],11,False,True,Missing alt text
asset:wp-486,https://www.klkoleo.com/wp-content/uploads/2020/04/bg04.jpg,image/jpeg,1920,900,bg04,,,banner_candidate,unassigned_library_asset,[],12,False,True,Missing alt text
asset:wp-484,https://www.klkoleo.com/wp-content/uploads/2020/04/market-brochure-cover.png,image/png,296,209,market-brochure-cover,,,editorial_image,unassigned_library_asset,[],4,False,True,Missing alt text
asset:wp-483,https://www.klkoleo.com/wp-content/uploads/2020/04/Palm-mixed-carotenes.jpg,image/jpeg,991,677,Palm-mixed-carotenes,,,editorial_image,linked_to_in_scope_content,"[""page:https-www-klkoleo-com-brand-davoslife-biocarotene-palm-mixed-carotenes"",""page:https-www-klkoleo-com-products-phytonutrients""]",10,False,True,Missing alt text
asset:wp-480,https://www.klkoleo.com/wp-content/uploads/2020/04/DavosLife-E3-Range.jpg,image/jpeg,991,677,DavosLife-E3-Range,,,editorial_image,linked_to_in_scope_content,"[""page:https-www-klkoleo-com-brand-davoslife-e3-tocotrienols"",""page:https-www-klkoleo-com-products-phytonutrients""]",10,False,True,Missing alt text
asset:wp-479,https://www.klkoleo.com/wp-content/uploads/2020/04/floating-icon-linkedin.png,image/png,26,32,floating-icon-linkedin,,,logo_or_icon,unassigned_library_asset,[],0,False,True,Missing alt text
asset:wp-478,https://www.klkoleo.com/wp-content/uploads/2020/04/floating-icon-contact-us.png,image/png,26,32,floating-icon-contact-us,,,logo_or_icon,unassigned_library_asset,[],0,False,True,Missing alt text
asset:wp-477,https://www.klkoleo.com/wp-content/uploads/2020/04/floating-icon-product-enquiry.png,image/png,26,32,floating-icon-product-enquiry,,,logo_or_icon,unassigned_library_asset,[],0,False,True,Missing alt text
asset:wp-475,https://www.klkoleo.com/wp-content/uploads/2020/04/hedipin.jpg,image/jpeg,991,677,hedipin,,,editorial_image,linked_to_in_scope_content,"[""page:https-www-klkoleo-com-brand-hedipin-alkoxylates-triglyceride-ethoxylates-esters"",""page:https-www-klkoleo-com-products-nonionic-surfactants""]",10,False,True,Missing alt text
asset:wp-473,https://www.klkoleo.com/wp-content/uploads/2020/04/Hedilub.jpg,image/jpeg,991,677,Hedilub,,,editorial_image,linked_to_in_scope_content,"[""page:https-www-klkoleo-com-brand-hedilub-alkoxylates-esters"",""page:https-www-klkoleo-com-products-nonionic-surfactants""]",10,False,True,Missing alt text
asset:wp-471,https://www.klkoleo.com/wp-content/uploads/2020/04/greenbentin.jpg,image/jpeg,991,677,greenbentin,,,editorial_image,linked_to_in_scope_content,"[""page:https-www-klkoleo-com-brand-greenbentin-ethoxylates-alkoxylates"",""page:https-www-klkoleo-com-products-nonionic-surfactants""]",10,False,True,Missing alt text
asset:wp-469,https://www.klkoleo.com/wp-content/uploads/2020/04/EDENORC2AE.jpg,image/jpeg,991,677,EDENOR,,,editorial_image,unassigned_library_asset,[],10,False,True,Missing alt text
asset:wp-465,https://www.klkoleo.com/wp-content/uploads/2020/04/Refined20Glycerine.jpg,image/jpeg,991,677,RefinedGlycerine,,,editorial_image,linked_to_in_scope_content,"[""page:https-www-klkoleo-com-brand-palmera-glycerine"",""page:https-www-klkoleo-com-products-glycerine""]",10,False,True,Missing alt text
asset:wp-461,https://www.klkoleo.com/wp-content/uploads/2020/04/Fatty20Alcohols.jpg,image/jpeg,991,677,"fatty alcohols is a raw materials used for surface cleaners, disinfectants and more","fatty alcohols is a raw materials used for surface cleaners, disinfectants and more",,editorial_image,linked_to_in_scope_content,"[""page:https-www-klkoleo-com-brand-palmerol-fatty-alcohols"",""page:https-www-klkoleo-com-products-fatty-alcohols""]",10,False,False,
asset:wp-454,https://www.klkoleo.com/wp-content/uploads/2020/04/Fatty20Acid.jpg,image/jpeg,991,677,FattyAcid,,,editorial_image,unassigned_library_asset,[],10,False,True,Missing alt text
asset:wp-450,https://www.klkoleo.com/wp-content/uploads/2020/04/PALMERGY20Biodiesels20biofuel.jpg,image/jpeg,991,677,PALMERGYBiodieselsbiofuel,,,editorial_image,unassigned_library_asset,[],10,False,True,Missing alt text
asset:wp-444,https://www.klkoleo.com/wp-content/uploads/2020/04/PALMERE20Methyl20Esters_0.jpg,image/jpeg,991,677,PALMEREMethylEsters_0,,,editorial_image,linked_to_in_scope_content,"[""page:https-www-klkoleo-com-brand-palmere-methyl-esters"",""page:https-www-klkoleo-com-products-esters""]",10,False,True,Missing alt text
asset:wp-441,https://www.klkoleo.com/wp-content/uploads/2020/04/kosteran202.jpg,image/jpeg,991,677,kosteran2,,,editorial_image,unassigned_library_asset,[],10,False,True,Missing alt text
asset:wp-432,https://www.klkoleo.com/wp-content/uploads/2020/04/tensopol_personal20care-edit.jpg,image/jpeg,991,677,tensopol_personalcare-edit,"TENSOPOL Alcohol Sulphates has a cleansing, and foaming properties commonly used in personal care such as face wash",,editorial_image,linked_to_in_scope_content,"[""page:https-www-klkoleo-com-brand-tensopol-alcohol-sulphates"",""page:https-www-klkoleo-com-products-anionic-surfactants""]",10,False,False,
asset:wp-429,https://www.klkoleo.com/wp-content/uploads/2020/04/tensomild2002_personal20care.jpg,image/jpeg,991,677,TENSOMILD Sulphosuccinates is an ingredient that has high foaming properties that is used as mild surfactants in shower gel,TENSOMILD Sulphosuccinates is an ingredient that has high foaming properties that is used as mild surfactants in shower gel,,editorial_image,linked_to_in_scope_content,"[""page:https-www-klkoleo-com-brand-tensomild-sulphosuccinates"",""page:https-www-klkoleo-com-products-anionic-surfactants""]",10,False,False,
asset:wp-424,https://www.klkoleo.com/wp-content/uploads/2020/04/tensary2004.jpg,image/jpeg,991,677,Surfactant suppliers,Surfactant suppliers,,editorial_image,linked_to_in_scope_content,"[""page:https-www-klkoleo-com-brand-tensaryl-linear-alkylbenzene-sulphonates-sulphonic-acids"",""page:https-www-klkoleo-com-products-anionic-surfactants""]",10,False,False,
asset:wp-422,https://www.klkoleo.com/wp-content/uploads/2020/04/tensagex_home20care.jpg,image/jpeg,991,677,fatty alcohol ether sulfate is a primary surfactant in detergent used for everyday laundry at home,fatty alcohol ether sulfate is a primary surfactant in detergent used for everyday laundry at home,,editorial_image,linked_to_in_scope_content,"[""page:https-www-klkoleo-com-brand-tensagex-alcohol-ether-sulphates"",""page:https-www-klkoleo-com-products-anionic-surfactants""]",10,False,False,
asset:wp-420,https://www.klkoleo.com/wp-content/uploads/2020/04/PALMOSALT20Soap20Noodles20base.jpg,image/jpeg,991,677,this is an image of a mother and a baby showering using PALMOSALT soap noodle.,this is an image of a mother and a baby showering using PALMOSALT soap noodle.,,editorial_image,linked_to_in_scope_content,"[""page:https-www-klkoleo-com-brand-palmosalt-soap-noodles"",""page:https-www-klkoleo-com-products-anionic-surfactants""]",10,False,False,
asset:wp-419,https://www.klkoleo.com/wp-content/uploads/2020/04/banner04-01.jpg,image/jpeg,1920,250,banner04-01,,,banner_candidate,unassigned_library_asset,[],12,False,True,Missing alt text
asset:wp-417,https://www.klkoleo.com/wp-content/uploads/2020/04/Sulphonated20Methyl20Esters.jpg,image/jpeg,991,677,"this is an image of a girl helping out with the laundry, and the active cleaning ingredients is Methyl Ester Sulphonate","this is an image of a girl helping out with the laundry, and the active cleaning ingredients is Methyl Ester Sulphonate",,editorial_image,linked_to_in_scope_content,"[""page:https-www-klkoleo-com-brand-palmfonate-methyl-ester-sulphonates"",""page:https-www-klkoleo-com-products-anionic-surfactants""]",10,False,False,
asset:wp-413,https://www.klkoleo.com/wp-content/uploads/2020/04/PALMOWAX20Fatty20Acid20Bis20Amides.jpg,image/jpeg,991,677,PALMOWAXFattyAcidBisAmides,,,editorial_image,unassigned_library_asset,[],10,False,True,Missing alt text
asset:wp-401,https://www.klkoleo.com/wp-content/uploads/2020/04/market-icon-toiletries.png,image/png,30,30,market-icon-toiletries,,,logo_or_icon,unassigned_library_asset,[],0,False,True,Missing alt text
asset:wp-400,https://www.klkoleo.com/wp-content/uploads/2020/04/market-icon-skin-care.png,image/png,30,30,market-icon-skin-care,,,logo_or_icon,unassigned_library_asset,[],0,False,True,Missing alt text
asset:wp-399,https://www.klkoleo.com/wp-content/uploads/2020/04/market-icon-hair-care.png,image/png,30,30,market-icon-hair-care,,,logo_or_icon,unassigned_library_asset,[],0,False,True,Missing alt text
asset:wp-398,https://www.klkoleo.com/wp-content/uploads/2020/04/market-icon-fragrances.png,image/png,30,30,market-icon-fragrances,,,logo_or_icon,unassigned_library_asset,[],0,False,True,Missing alt text
asset:wp-397,https://www.klkoleo.com/wp-content/uploads/2020/04/market-icon-decorative-cosmetics.png,image/png,30,30,market-icon-decorative-cosmetics,,,logo_or_icon,unassigned_library_asset,[],0,False,True,Missing alt text
asset:wp-396,https://www.klkoleo.com/wp-content/uploads/2020/04/market-icon-viscosity-modifying-controlling.png,image/png,30,30,market-icon-viscosity-modifying-controlling,,,logo_or_icon,unassigned_library_asset,[],0,False,True,Missing alt text
asset:wp-395,https://www.klkoleo.com/wp-content/uploads/2020/04/market-icon-surfactancy-cleansing.png,image/png,30,30,market-icon-surfactancy-cleansing,,,logo_or_icon,unassigned_library_asset,[],0,False,True,Missing alt text
asset:wp-394,https://www.klkoleo.com/wp-content/uploads/2020/04/market-icon-solvency.png,image/png,30,30,market-icon-solvency,,,logo_or_icon,unassigned_library_asset,[],0,False,True,Missing alt text
asset:wp-393,https://www.klkoleo.com/wp-content/uploads/2020/04/market-icon-solubilizing.png,image/png,30,30,market-icon-solubilizing,,,logo_or_icon,unassigned_library_asset,[],0,False,True,Missing alt text
asset:wp-392,https://www.klkoleo.com/wp-content/uploads/2020/04/market-icon-pigment-dispersing.png,image/png,30,30,market-icon-pigment-dispersing,,,logo_or_icon,unassigned_library_asset,[],0,False,True,Missing alt text
asset:wp-391,https://www.klkoleo.com/wp-content/uploads/2020/04/market-icon-skin-conditioning.png,image/png,30,30,market-icon-skin-conditioning,,,logo_or_icon,unassigned_library_asset,[],0,False,True,Missing alt text
asset:wp-390,https://www.klkoleo.com/wp-content/uploads/2020/04/market-icon-perfuming.png,image/png,30,30,market-icon-perfuming,,,logo_or_icon,unassigned_library_asset,[],0,False,True,Missing alt text
asset:wp-389,https://www.klkoleo.com/wp-content/uploads/2020/04/market-icon-pearlescing.png,image/png,30,30,market-icon-pearlescing,,,logo_or_icon,unassigned_library_asset,[],0,False,True,Missing alt text
asset:wp-388,https://www.klkoleo.com/wp-content/uploads/2020/04/market-icon-opacifying.png,image/png,30,30,market-icon-opacifying,,,logo_or_icon,unassigned_library_asset,[],0,False,True,Missing alt text
asset:wp-387,https://www.klkoleo.com/wp-content/uploads/2020/04/market-icon-humecting.png,image/png,30,30,market-icon-humecting,,,logo_or_icon,unassigned_library_asset,[],0,False,True,Missing alt text
asset:wp-386,https://www.klkoleo.com/wp-content/uploads/2020/04/market-icon-foam-stabilizing.png,image/png,30,30,market-icon-foam-stabilizing,,,logo_or_icon,unassigned_library_asset,[],0,False,True,Missing alt text
asset:wp-385,https://www.klkoleo.com/wp-content/uploads/2020/04/market-icon-foam-boasting.png,image/png,30,30,market-icon-foam-boasting,,,logo_or_icon,unassigned_library_asset,[],0,False,True,Missing alt text
asset:wp-384,https://www.klkoleo.com/wp-content/uploads/2020/04/market-icon-emulsifying.png,image/png,30,30,market-icon-emulsifying,,,logo_or_icon,unassigned_library_asset,[],0,False,True,Missing alt text
asset:wp-383,https://www.klkoleo.com/wp-content/uploads/2020/04/market-icon-emolliency.png,image/png,30,30,market-icon-emolliency,,,logo_or_icon,unassigned_library_asset,[],0,False,True,Missing alt text
asset:wp-382,https://www.klkoleo.com/wp-content/uploads/2020/04/market-icon-anti-inflammation.png,image/png,30,30,market-icon-anti-inflammation,,,logo_or_icon,unassigned_library_asset,[],0,False,True,Missing alt text
asset:wp-381,https://www.klkoleo.com/wp-content/uploads/2020/04/market-icon-anti-ageing-skin-lightening.png,image/png,30,30,market-icon-anti-ageing-skin-lightening,,,logo_or_icon,unassigned_library_asset,[],0,False,True,Missing alt text
asset:wp-369,https://www.klkoleo.com/wp-content/uploads/2020/04/banner03.jpg,image/jpeg,1920,250,banner03,,,banner_candidate,unassigned_library_asset,[],12,False,True,Missing alt text
asset:wp-367,https://www.klkoleo.com/wp-content/uploads/2020/04/PALMOCOL-Alkanolamides.jpg,image/jpeg,991,677,PALMOCOL-Alkanolamides,,,editorial_image,unassigned_library_asset,[],10,False,True,Missing alt text
asset:wp-357,https://www.klkoleo.com/wp-content/uploads/2020/04/bg-bar.jpg,image/jpeg,1000,30,bg-bar,,,banner_candidate,unassigned_library_asset,[],10,False,True,Missing alt text
asset:wp-354,https://www.klkoleo.com/wp-content/uploads/2020/04/nav-img.jpg,image/jpeg,223,146,nav-img,,,editorial_image,unassigned_library_asset,[],4,False,True,Missing alt text
asset:wp-333,https://www.klkoleo.com/wp-content/uploads/2020/04/accreditation-ecocert.jpg,image/jpeg,660,460,accreditation-ecocert,,,logo_or_icon,linked_to_in_scope_content,"[""page:https-www-klkoleo-com-accreditations""]",9,False,True,Missing alt text
asset:wp-332,https://www.klkoleo.com/wp-content/uploads/2020/04/accreditation-rspo.jpg,image/jpeg,660,460,accreditation-rspo,,,editorial_image,linked_to_in_scope_content,"[""page:https-www-klkoleo-com-accreditations""]",9,False,True,Missing alt text
asset:wp-331,https://www.klkoleo.com/wp-content/uploads/2020/04/accreditation-gmp-b2.jpg,image/jpeg,660,460,accreditation-gmp-b2,,,editorial_image,linked_to_in_scope_content,"[""page:https-www-klkoleo-com-accreditations""]",9,False,True,Missing alt text
asset:wp-330,https://www.klkoleo.com/wp-content/uploads/2020/04/accreditation-gmp.jpg,image/jpeg,660,460,accreditation-gmp,,,editorial_image,unassigned_library_asset,[],9,False,True,Missing alt text
asset:wp-329,https://www.klkoleo.com/wp-content/uploads/2020/04/accreditation-haccp.jpg,image/jpeg,660,460,accreditation-haccp,,,editorial_image,unassigned_library_asset,[],9,False,True,Missing alt text
asset:wp-328,https://www.klkoleo.com/wp-content/uploads/2020/04/accreditation-responsible-care.jpg,image/jpeg,660,460,accreditation-responsible-care,,,editorial_image,linked_to_in_scope_content,"[""page:https-www-klkoleo-com-accreditations""]",9,False,True,Missing alt text
asset:wp-327,https://www.klkoleo.com/wp-content/uploads/2020/04/accreditation-kosher.jpg,image/jpeg,660,460,accreditation-kosher,,,editorial_image,linked_to_in_scope_content,"[""page:https-www-klkoleo-com-accreditations""]",9,False,True,Missing alt text
asset:wp-326,https://www.klkoleo.com/wp-content/uploads/2020/04/accreditation-halal.jpg,image/jpeg,660,460,accreditation-halal,,,editorial_image,unassigned_library_asset,[],9,False,True,Missing alt text
asset:wp-325,https://www.klkoleo.com/wp-content/uploads/2020/04/accreditation-brc-food.jpg,image/jpeg,660,460,accreditation-brc-food,,,editorial_image,linked_to_in_scope_content,"[""page:https-www-klkoleo-com-accreditations""]",9,False,True,Missing alt text
asset:wp-324,https://www.klkoleo.com/wp-content/uploads/2020/04/accreditation-iso45001.jpg,image/jpeg,660,460,accreditation-iso45001,,,editorial_image,unassigned_library_asset,[],9,False,True,Missing alt text
asset:wp-323,https://www.klkoleo.com/wp-content/uploads/2020/04/accreditation-iso14001.jpg,image/jpeg,660,460,accreditation-iso14001,,,editorial_image,unassigned_library_asset,[],9,False,True,Missing alt text
asset:wp-322,https://www.klkoleo.com/wp-content/uploads/2020/04/accreditation-iso9001.jpg,image/jpeg,660,460,accreditation-iso9001,,,editorial_image,unassigned_library_asset,[],9,False,True,Missing alt text
asset:wp-316,https://www.klkoleo.com/wp-content/uploads/2020/04/banner02.jpg,image/jpeg,1920,250,banner02,,,banner_candidate,unassigned_library_asset,[],12,False,True,Missing alt text
asset:wp-310,https://www.klkoleo.com/wp-content/uploads/2020/04/PT-01.-KLK-Dumai.jpg,image/jpeg,1900,870,PT-01. KLK Dumai,,,banner_candidate,linked_to_in_scope_content,"[""page:https-www-klkoleo-com-pt-klk-dumai""]",12,False,True,Missing alt text
asset:wp-306,https://www.klkoleo.com/wp-content/uploads/2020/04/Taiko-Palm-Oleo-Zhangjiagang-Co.-Ltd-01_0.jpg,image/jpeg,1200,529,"Taiko Palm-Oleo (Zhangjiagang) Co., Ltd-01_0",,,banner_candidate,unassigned_library_asset,[],11,False,True,Missing alt text
asset:wp-302,https://www.klkoleo.com/wp-content/uploads/2020/04/KLK-Bioenergy-Sdn.-Bhd-01.jpg,image/jpeg,1200,549,KLK Bioenergy Sdn. Bhd-01,,,banner_candidate,linked_to_in_scope_content,"[""page:https-www-klkoleo-com-klk-bioenergy-sdn-bhd""]",11,False,True,Missing alt text
asset:wp-298,https://www.klkoleo.com/wp-content/uploads/2020/04/KL-Kepong-Oleomas-Sdn.-Bhd-01.jpg,image/jpeg,1200,549,KL-Kepong Oleomas Sdn. Bhd-01,,,banner_candidate,unassigned_library_asset,[],11,False,True,Missing alt text
asset:wp-293,https://www.klkoleo.com/wp-content/uploads/2020/04/Palm-Oleo-Klang-Sdn.-Bhd-01.jpg,image/jpeg,1200,549,Palm-Oleo (Klang) Sdn. Bhd-01,,,banner_candidate,unassigned_library_asset,[],11,False,True,Missing alt text
asset:wp-289,https://www.klkoleo.com/wp-content/uploads/2020/04/2019-02-25-Palm-Oleo-Sdn.-Bhd-01.jpg,image/jpeg,1200,551,2019-02-25-Palm Oleo Sdn. Bhd-01,,,banner_candidate,unassigned_library_asset,[],11,False,True,Missing alt text
asset:wp-285,https://www.klkoleo.com/wp-content/uploads/2020/04/Factory-PMM.jpg,image/jpeg,800,352,Factory-PMM,,,banner_candidate,unassigned_library_asset,[],10,False,True,Missing alt text
asset:wp-277,https://www.klkoleo.com/wp-content/uploads/2020/04/Factory-KSP.jpg,image/jpeg,800,352,Factory-KSP,,,banner_candidate,unassigned_library_asset,[],10,False,True,Missing alt text
asset:wp-271,https://www.klkoleo.com/wp-content/uploads/2020/04/20190417-KLK_CR-Report-Compressed.pdf,application/pdf,,,20190417-KLK_CR Report-Compressed,,20190417-KLK_CR Report-Compressed,download,unassigned_library_asset,[],0,False,True,Missing alt text
asset:wp-270,https://www.klkoleo.com/wp-content/uploads/2020/04/2017-CR-Report-low-res.pdf,application/pdf,,,2017 CR Report-low res,,2017 CR Report-low res,download,unassigned_library_asset,[],0,False,True,Missing alt text
asset:wp-269,https://www.klkoleo.com/wp-content/uploads/2020/04/KLKCARE_CR-Report-2016.pdf,application/pdf,,,KLKCARE_CR Report 2016,,KLKCARE_CR Report 2016,download,unassigned_library_asset,[],0,False,True,Missing alt text
asset:wp-268,https://www.klkoleo.com/wp-content/uploads/2020/04/OleoCARE-Annual-Report-2015.compress.pdf,application/pdf,,,OleoCARE-Annual Report 2015.compress,,OleoCARE-Annual Report 2015.compress,download,unassigned_library_asset,[],0,False,True,Missing alt text
asset:wp-267,https://www.klkoleo.com/wp-content/uploads/2020/04/OleoCARE-Annual-Report-2013-2014.pdf,application/pdf,,,OleoCARE-Annual Report 2013-2014,,OleoCARE-Annual Report 2013-2014,download,unassigned_library_asset,[],0,False,True,Missing alt text
asset:wp-265,https://www.klkoleo.com/wp-content/uploads/2020/04/cs-video.jpg,image/jpeg,776,445,cs-video,,,editorial_image,unassigned_library_asset,[],10,False,True,Missing alt text
asset:wp-262,https://www.klkoleo.com/wp-content/uploads/2020/04/icon-cs-employee.png,image/png,100,100,icon-cs-employee,,,logo_or_icon,unassigned_library_asset,[],0,False,True,Missing alt text
asset:wp-261,https://www.klkoleo.com/wp-content/uploads/2020/04/icon-cs-environment.png,image/png,100,100,icon-cs-environment,,,logo_or_icon,unassigned_library_asset,[],0,False,True,Missing alt text
asset:wp-260,https://www.klkoleo.com/wp-content/uploads/2020/04/icon-cs-community.png,image/png,100,100,icon-cs-community,,,logo_or_icon,unassigned_library_asset,[],0,False,True,Missing alt text
asset:wp-256,https://www.klkoleo.com/wp-content/uploads/2020/04/icon-cs-education.png,image/png,100,100,icon-cs-education,,,logo_or_icon,unassigned_library_asset,[],0,False,True,Missing alt text
asset:wp-248,https://www.klkoleo.com/wp-content/uploads/2020/04/2019-01-17-Link-Supply-Chain-Management-English-01.jpg,image/jpeg,1200,672,2019-01-17-Link-Supply Chain Management-English-01,,,editorial_image,unassigned_library_asset,[],11,False,True,Missing alt text
asset:wp-232,https://www.klkoleo.com/wp-content/uploads/2020/04/KLKSP-PR3-FINAL-Oct2016-Jun2017.pdf,application/pdf,,,KLKSP-PR3-FINAL-Oct2016-Jun2017,,KLKSP-PR3-FINAL-Oct2016-Jun2017,download,unassigned_library_asset,[],0,False,True,Missing alt text
asset:wp-230,https://www.klkoleo.com/wp-content/uploads/2020/04/KLK-Sustainability-Report-2018a.pdf,application/pdf,,,KLK-Sustainability-Report-2018a,,KLK-Sustainability-Report-2018a,download,unassigned_library_asset,[],0,False,True,Missing alt text
asset:wp-231,https://www.klkoleo.com/wp-content/uploads/2020/04/2018-08-30-KLK-Sustainability-Policy-FINAL.pdf,application/pdf,,,2018-08-30-KLK-Sustainability-Policy-FINAL,,2018-08-30-KLK-Sustainability-Policy-FINAL,download,unassigned_library_asset,[],0,False,True,Missing alt text
asset:wp-227,https://www.klkoleo.com/wp-content/uploads/2020/04/2018-11-28-Sustainability-Principled-by-Integrity-Chart-DRAFT-English-FA-R2-01.jpg,image/jpeg,1200,707,2018-11-28-Sustainability Principled by Integrity-Chart-DRAFT-English-FA-R2-01,,,editorial_image,unassigned_library_asset,[],11,False,True,Missing alt text
asset:wp-221,https://www.klkoleo.com/wp-content/uploads/2020/04/icon-solid-waste.png,image/png,194,152,icon-solid-waste,,,logo_or_icon,unassigned_library_asset,[],4,False,True,Missing alt text
asset:wp-220,https://www.klkoleo.com/wp-content/uploads/2020/04/icon-water.png,image/png,194,152,icon-water,,,logo_or_icon,unassigned_library_asset,[],4,False,True,Missing alt text
asset:wp-219,https://www.klkoleo.com/wp-content/uploads/2020/04/icon-ghg-emissions.png,image/png,194,152,icon-ghg-emissions,,,logo_or_icon,unassigned_library_asset,[],4,False,True,Missing alt text
asset:wp-218,https://www.klkoleo.com/wp-content/uploads/2020/04/icon-energy.png,image/png,194,152,icon-energy,,,logo_or_icon,unassigned_library_asset,[],4,False,True,Missing alt text
asset:wp-216,https://www.klkoleo.com/wp-content/uploads/2020/04/sustainability-video.jpg,image/jpeg,776,445,sustainability-video,,,editorial_image,unassigned_library_asset,[],10,False,True,Missing alt text
asset:wp-206,https://www.klkoleo.com/wp-content/uploads/2020/04/2018-08-30-frame-work-english-01.jpg,image/jpeg,1085,1200,2018-08-30-frame work-english-01,,,card_or_thumbnail,unassigned_library_asset,[],11,False,True,Missing alt text
asset:wp-202,https://www.klkoleo.com/wp-content/uploads/2020/04/Palm-Supplier-Code-of-Conduct.pdf,application/pdf,,,Palm – Supplier Code of Conduct,,Palm – Supplier Code of Conduct,download,unassigned_library_asset,[],0,False,True,Missing alt text
asset:wp-197,https://www.klkoleo.com/wp-content/uploads/2020/04/General-Terms-and-Conditions-of-Purchase_KLK-Emmerich-GmbH_ENG_Rev-1Jan2016_0.pdf,application/pdf,,,General Terms and Conditions of Purchase_KLK Emmerich GmbH_ENG_Rev 1Jan2016_0,,General Terms and Conditions of Purchase_KLK Emmerich GmbH_ENG_Rev 1Jan2016_0,download,unassigned_library_asset,[],0,False,True,Missing alt text
asset:wp-198,https://www.klkoleo.com/wp-content/uploads/2020/04/General-Terms-and-Conditions-of-Purchase_KLK-Emmerich-GmbH_GERMAN_Rev-1Jan2016_0.pdf,application/pdf,,,General Terms and Conditions of Purchase_KLK Emmerich GmbH_GERMAN_Rev 1Jan2016_0,,General Terms and Conditions of Purchase_KLK Emmerich GmbH_GERMAN_Rev 1Jan2016_0,download,unassigned_library_asset,[],0,False,True,Missing alt text
asset:wp-196,https://www.klkoleo.com/wp-content/uploads/2020/04/General-Terms-and-Conditions-of-Purchase_KLK-Kolb-Specialties-BV_ENG_Rev-31Aug2018_0.pdf,application/pdf,,,General Terms and Conditions of Purchase_KLK Kolb Specialties BV_ENG_Rev 31Aug2018_0,,General Terms and Conditions of Purchase_KLK Kolb Specialties BV_ENG_Rev 31Aug2018_0,download,unassigned_library_asset,[],0,False,True,Missing alt text
asset:wp-195,https://www.klkoleo.com/wp-content/uploads/2020/04/General-Terms-and-Conditions-For-the-Purchase-of-Goods-and-or-Services_KLK-OLEO_Rev-Sept2018_0.pdf,application/pdf,,,General Terms and Conditions For the Purchase of Goods and or Services_KLK OLEO_Rev Sept2018_0,,General Terms and Conditions For the Purchase of Goods and or Services_KLK OLEO_Rev Sept2018_0,download,unassigned_library_asset,[],0,False,True,Missing alt text
asset:wp-194,https://www.klkoleo.com/wp-content/uploads/2020/04/General-Terms-and-Conditions-of-Sale_KLK-Kolb-Specialties-BV_ENG_Rev-June2018_0.pdf,application/pdf,,,General Terms and Conditions of Sale_KLK Kolb Specialties BV_ENG_Rev June2018_0,,General Terms and Conditions of Sale_KLK Kolb Specialties BV_ENG_Rev June2018_0,download,unassigned_library_asset,[],0,False,True,Missing alt text
asset:wp-192,https://www.klkoleo.com/wp-content/uploads/2020/04/General-Terms-and-Conditions-of-Sale_KLK-Emmerich_ENG_RevJan2015.pdf,application/pdf,,,General Terms and Conditions of Sale_KLK Emmerich_ENG_RevJan2015,,General Terms and Conditions of Sale_KLK Emmerich_ENG_RevJan2015,download,unassigned_library_asset,[],0,False,True,Missing alt text
asset:wp-193,https://www.klkoleo.com/wp-content/uploads/2020/04/General-Terms-and-Conditions-of-Sale_KLK-Emmerich_GERMAN_RevJan2015.pdf,application/pdf,,,General Terms and Conditions of Sale_KLK Emmerich_GERMAN_RevJan2015,,General Terms and Conditions of Sale_KLK Emmerich_GERMAN_RevJan2015,download,unassigned_library_asset,[],0,False,True,Missing alt text
asset:wp-191,https://www.klkoleo.com/wp-content/uploads/2020/04/General-Terms-and-Conditions-of-Sale_KLK-Tensachem-SA_ENG_Rev-June2018_0.pdf,application/pdf,,,General Terms and Conditions of Sale_KLK Tensachem SA_ENG_Rev June2018_0,,General Terms and Conditions of Sale_KLK Tensachem SA_ENG_Rev June2018_0,download,unassigned_library_asset,[],0,False,True,Missing alt text
asset:wp-190,https://www.klkoleo.com/wp-content/uploads/2020/04/General-Terms-and-Conditions-of-Sale-and-Supply_KLK-OLEO-Shanghai_Rev1-Feb2019.pdf,application/pdf,,,General Terms and Conditions of Sale and Supply_KLK OLEO Shanghai_Rev1 Feb2019,,General Terms and Conditions of Sale and Supply_KLK OLEO Shanghai_Rev1 Feb2019,download,unassigned_library_asset,[],0,False,True,Missing alt text
asset:wp-189,https://www.klkoleo.com/wp-content/uploads/2020/04/General-Terms-and-Conditions-of-Sale-and-Supply_Taiko-Palm-Oleo-Zhangjiagang_Rev1-Feb2019.pdf,application/pdf,,,General Terms and Conditions of Sale and Supply_Taiko Palm-Oleo Zhangjiagang_Rev1 Feb2019,,General Terms and Conditions of Sale and Supply_Taiko Palm-Oleo Zhangjiagang_Rev1 Feb2019,download,unassigned_library_asset,[],0,False,True,Missing alt text
asset:wp-188,https://www.klkoleo.com/wp-content/uploads/2020/04/General-Terms-and-Conditions-of-Sale-and-Supply_Davos-Singapore_Rev1-Feb2019.pdf,application/pdf,,,General Terms and Conditions of Sale and Supply_Davos Singapore_Rev1 Feb2019,,General Terms and Conditions of Sale and Supply_Davos Singapore_Rev1 Feb2019,download,unassigned_library_asset,[],0,False,True,Missing alt text
asset:wp-186,https://www.klkoleo.com/wp-content/uploads/2020/04/General-Terms-and-Conditions-of-Sale-and-Supply_Palm-Oleo_Rev1-Feb2019.pdf,application/pdf,,,General Terms and Conditions of Sale and Supply_Palm-Oleo_Rev1 Feb2019,,General Terms and Conditions of Sale and Supply_Palm-Oleo_Rev1 Feb2019,download,unassigned_library_asset,[],0,False,True,Missing alt text
asset:wp-185,https://www.klkoleo.com/wp-content/uploads/2020/04/General-Terms-and-Conditions-of-Sale-and-Supply_Palm-Oleo-Klang_Rev1-Feb2019.pdf,application/pdf,,,General Terms and Conditions of Sale and Supply_Palm-Oleo Klang_Rev1 Feb2019,,General Terms and Conditions of Sale and Supply_Palm-Oleo Klang_Rev1 Feb2019,download,unassigned_library_asset,[],0,False,True,Missing alt text
asset:wp-184,https://www.klkoleo.com/wp-content/uploads/2020/04/General-Terms-and-Conditions-of-Sale-and-Supply_Palmamide_Rev1-Feb2019.pdf,application/pdf,,,General Terms and Conditions of Sale and Supply_Palmamide_Rev1 Feb2019,,General Terms and Conditions of Sale and Supply_Palmamide_Rev1 Feb2019,download,unassigned_library_asset,[],0,False,True,Missing alt text
asset:wp-183,https://www.klkoleo.com/wp-content/uploads/2020/04/General-Terms-and-Conditions-of-Sale-and-Supply_KSP-Manufacturing_Rev1-Feb2019.pdf,application/pdf,,,General Terms and Conditions of Sale and Supply_KSP Manufacturing_Rev1 Feb2019,,General Terms and Conditions of Sale and Supply_KSP Manufacturing_Rev1 Feb2019,download,unassigned_library_asset,[],0,False,True,Missing alt text
asset:wp-182,https://www.klkoleo.com/wp-content/uploads/2020/04/General-Terms-and-Conditions-of-Sale-and-Supply_KL-Kepong-Oleomas_Rev1-Feb2019.pdf,application/pdf,,,General Terms and Conditions of Sale and Supply_KL-Kepong Oleomas_Rev1 Feb2019,,General Terms and Conditions of Sale and Supply_KL-Kepong Oleomas_Rev1 Feb2019,download,unassigned_library_asset,[],0,False,True,Missing alt text
asset:wp-180,https://www.klkoleo.com/wp-content/uploads/2020/04/General-Terms-and-Conditions-of-Sale-and-Supply_KLK-Bioenergy_Rev1-Feb2019.pdf,application/pdf,,,General Terms and Conditions of Sale and Supply_KLK Bioenergy_Rev1 Feb2019,,General Terms and Conditions of Sale and Supply_KLK Bioenergy_Rev1 Feb2019,download,unassigned_library_asset,[],0,False,True,Missing alt text
asset:wp-177,https://www.klkoleo.com/wp-content/uploads/2020/04/General-Terms-and-Conditions-of-Sale-and-Supply_Davos-Malaysia_Rev1-Feb2019.pdf,application/pdf,,,General Terms and Conditions of Sale and Supply_Davos Malaysia_Rev1 Feb2019,,General Terms and Conditions of Sale and Supply_Davos Malaysia_Rev1 Feb2019,download,unassigned_library_asset,[],0,False,True,Missing alt text
asset:wp-164,https://www.klkoleo.com/wp-content/uploads/2020/04/in-cosmectic_3.jpg,image/jpeg,154,94,in-cosmectic_3,,,editorial_image,unassigned_library_asset,[],4,False,True,Missing alt text
asset:wp-161,https://www.klkoleo.com/wp-content/uploads/2020/04/vitafoods-2016_3.jpg,image/jpeg,154,94,vitafoods 2016_3,,,editorial_image,linked_to_in_scope_content,"[""page:https-www-klkoleo-com-vitafoods-europe""]",4,False,True,Missing alt text
asset:wp-158,https://www.klkoleo.com/wp-content/uploads/2020/04/Chinaplas.jpg,image/jpeg,154,94,Chinaplas,,,editorial_image,linked_to_in_scope_content,"[""page:https-www-klkoleo-com-chinaplas""]",4,False,True,Missing alt text
asset:wp-155,https://www.klkoleo.com/wp-content/uploads/2020/04/NYSCC-Suppliers-Day.jpg,image/jpeg,154,94,NYSCC Suppliers Day,,,editorial_image,linked_to_in_scope_content,"[""page:https-www-klkoleo-com-nyscc-suppliers-day""]",4,False,True,Missing alt text
asset:wp-152,https://www.klkoleo.com/wp-content/uploads/2020/04/POC2020.jpg,image/jpeg,154,94,POC2020,,,editorial_image,unassigned_library_asset,[],4,False,True,Missing alt text
asset:wp-149,https://www.klkoleo.com/wp-content/uploads/2020/04/in-cosmectic-Korea.jpg,image/jpeg,154,94,in-cosmectic-Korea,,,editorial_image,unassigned_library_asset,[],4,False,True,Missing alt text
asset:wp-146,https://www.klkoleo.com/wp-content/uploads/2020/04/HPCI_0.jpg,image/jpeg,154,94,HPCI_0,,,editorial_image,unassigned_library_asset,[],4,False,True,Missing alt text
asset:wp-107,https://www.klkoleo.com/wp-content/uploads/2020/04/milestone-1992.jpg,image/jpeg,381,272,milestone-1992,,,editorial_image,unassigned_library_asset,[],7,False,True,Missing alt text
asset:wp-100,https://www.klkoleo.com/wp-content/uploads/2020/04/icon-loyalty.png,image/png,71,62,icon-loyalty,,,logo_or_icon,unassigned_library_asset,[],0,False,True,Missing alt text
asset:wp-99,https://www.klkoleo.com/wp-content/uploads/2020/04/icon-innovation.png,image/png,46,62,icon-innovation,,,logo_or_icon,unassigned_library_asset,[],0,False,True,Missing alt text
asset:wp-98,https://www.klkoleo.com/wp-content/uploads/2020/04/icon-integrity.png,image/png,76,62,icon-integrity,,,logo_or_icon,unassigned_library_asset,[],0,False,True,Missing alt text
asset:wp-97,https://www.klkoleo.com/wp-content/uploads/2020/04/icon-result-oriented-performance.png,image/png,52,62,icon-result-oriented-performance,,,logo_or_icon,unassigned_library_asset,[],0,False,True,Missing alt text
asset:wp-96,https://www.klkoleo.com/wp-content/uploads/2020/04/icon-humility.png,image/png,68,62,icon-humility,,,logo_or_icon,unassigned_library_asset,[],0,False,True,Missing alt text
asset:wp-95,https://www.klkoleo.com/wp-content/uploads/2020/04/icon-team-spirit.png,image/png,98,62,icon-team-spirit,,,logo_or_icon,unassigned_library_asset,[],0,False,True,Missing alt text
asset:wp-94,https://www.klkoleo.com/wp-content/uploads/2020/04/bg03.jpg,image/jpeg,991,660,bg03,,,editorial_image,unassigned_library_asset,[],10,False,True,Missing alt text
asset:wp-92,https://www.klkoleo.com/wp-content/uploads/2020/04/about-video-img.jpg,image/jpeg,776,445,about-video-img,,,editorial_image,unassigned_library_asset,[],10,False,True,Missing alt text
asset:wp-90,https://www.klkoleo.com/wp-content/uploads/2020/04/banner01.jpg,image/jpeg,1920,250,banner01,,,banner_candidate,unassigned_library_asset,[],12,False,True,Missing alt text
asset:wp-86,https://www.klkoleo.com/wp-content/uploads/2020/04/icon-map-marker-01.png,image/png,67,168,icon-map-marker-01,,,logo_or_icon,unassigned_library_asset,[],4,False,True,Missing alt text
asset:wp-85,https://www.klkoleo.com/wp-content/uploads/2020/04/icon-map-marker.png,image/png,67,168,icon-map-marker,,,logo_or_icon,unassigned_library_asset,[],4,False,True,Missing alt text
asset:wp-84,https://www.klkoleo.com/wp-content/uploads/2020/04/global-map.jpg,image/jpeg,1475,587,global-map,,,banner_candidate,unassigned_library_asset,[],11,False,True,Missing alt text
asset:wp-83,https://www.klkoleo.com/wp-content/uploads/2020/04/bg02.jpg,image/jpeg,1920,902,bg02,,,banner_candidate,unassigned_library_asset,[],12,False,True,Missing alt text
asset:wp-82,https://www.klkoleo.com/wp-content/uploads/2020/04/market-cat-oleochemicals.png,image/png,76,60,market-cat-oleochemicals,,,editorial_image,unassigned_library_asset,[],0,False,True,Missing alt text
asset:wp-81,https://www.klkoleo.com/wp-content/uploads/2020/04/market-cat-lubricant.png,image/png,76,60,market-cat-lubricant,,,editorial_image,unassigned_library_asset,[],0,False,True,Missing alt text
asset:wp-80,https://www.klkoleo.com/wp-content/uploads/2020/04/market-cat-home-care-industrial-n-institute-cleaning.png,image/png,76,60,market-cat-home-care-industrial-n-institute-cleaning,,,editorial_image,unassigned_library_asset,[],0,False,True,Missing alt text
asset:wp-79,https://www.klkoleo.com/wp-content/uploads/2020/04/market-cat-health-care-food-n-beverage.png,image/png,76,60,market-cat-health-care-food-n-beverage,,,editorial_image,unassigned_library_asset,[],0,False,True,Missing alt text
asset:wp-78,https://www.klkoleo.com/wp-content/uploads/2020/04/market-cat-beauty-n-personal-care.png,image/png,76,60,market-cat-beauty-n-personal-care,,,editorial_image,unassigned_library_asset,[],0,False,True,Missing alt text
asset:wp-60,https://www.klkoleo.com/wp-content/uploads/2020/04/btn-shape.png,image/png,64,50,btn-shape,,,editorial_image,unassigned_library_asset,[],0,False,True,Missing alt text
asset:wp-59,https://www.klkoleo.com/wp-content/uploads/2020/04/bg01.jpg,image/jpeg,1106,679,bg01,,,editorial_image,unassigned_library_asset,[],11,False,True,Missing alt text
asset:wp-35,https://www.klkoleo.com/wp-content/uploads/2020/04/icon-search.png,image/png,70,70,icon-search,,,logo_or_icon,unassigned_library_asset,[],0,False,True,Missing alt text
asset:wp-33,https://www.klkoleo.com/wp-content/uploads/2020/04/slide04.jpg,image/jpeg,1920,795,slide04,,,banner_candidate,unassigned_library_asset,[],12,False,True,Missing alt text
asset:wp-31,https://www.klkoleo.com/wp-content/uploads/2020/04/slide02.jpg,image/jpeg,1920,795,slide02,,,banner_candidate,unassigned_library_asset,[],12,False,True,Missing alt text
asset:wp-30,https://www.klkoleo.com/wp-content/uploads/2020/04/slide05.jpg,image/jpeg,1920,795,slide05,,,banner_candidate,unassigned_library_asset,[],12,False,True,Missing alt text
asset:wp-29,https://www.klkoleo.com/wp-content/uploads/2020/04/slide01.jpg,image/jpeg,1920,795,slide01,,,banner_candidate,unassigned_library_asset,[],12,False,True,Missing alt text
asset:wp-10,https://www.klkoleo.com/wp-content/uploads/2020/04/logo-klk.png,image/png,182,58,logo-klk,,,logo_or_icon,unassigned_library_asset,[],4,False,True,Missing alt text
asset:wp-9,https://www.klkoleo.com/wp-content/uploads/2020/04/cropped-favicon-klk.png,image/png,512,512,cropped-favicon-klk.png,,https://www.klkoleo.com/wp-content/uploads/2020/04/cropped-favicon-klk.png,logo_or_icon,unassigned_library_asset,[],11,False,True,Missing alt text
asset:wp-8,https://www.klkoleo.com/wp-content/uploads/2020/04/favicon-klk.png,image/png,512,512,favicon-klk,,,logo_or_icon,unassigned_library_asset,[],7,False,True,Missing alt text
asset:wp-7,https://www.klkoleo.com/wp-content/uploads/woocommerce-placeholder.png,image/png,1200,1200,woocommerce-placeholder,,,card_or_thumbnail,unassigned_library_asset,[],8,False,True,Missing alt text
asset:crawl-cfc36940998e,/wp-content/uploads/2022/10/WEB-2022-10-in-cos-Asia-2022-Image.png,image,,,,,"Join KLK OLEO at in-cosmetics Asia 2022 to discover their complete beauty and personal care ingredients.
KLK OLEO is a global oleochemical producer, which has integrated complexes, with 13 manufacturing facilities located strategically in Malaysia, Indonesia, China, and Europe. KLK OLEO offers basic, functional and bioactive ingredients which include Fatty Acids, Glycerine, Fatty Alcohols, Alkanolamides, Fatty Esters, Surfactants and Tocotrienols (Super Vitamin E).
KLK OLEO will showcase various sustainable beauty and personal care ingredients at this event. These ingredients cover multiple functional efficacies, such as:



Anti-Ageing
Emollient
Pearlescent
Green Surfactant


Foam Booster
Humectant
Opaficier
Viscosity Modifier


Thickener
Solubiliser
Emulsifier
and others…



Check out more here",unclassified_crawl_asset,linked_to_in_scope_content,"[""page:https-www-klkoleo-com-news-media-discover-klk-oleos-complete-beauty-and-personal-care-ingredients-at-in-cosmetics-asia""]",0,False,True,Not matched to a WordPress media-library record
asset:crawl-f9aded0fde35,/wp-content/uploads/2022/11/THUMB-2022-12-HI-Europe-LinkedIn-S.png,image,,,,,"KLK OLEO will be showcasing DavosLife E3 Tocotrienols for beauty from within application as well as PALMESTER MCT (Oil & Powder) at Health Ingredients (HI) Europe 2022.
DavosLife E3 Tocotrienols is a bioactive for dietary supplements, foods and beverages, cosmetic and personal care products. KLK OLEO received glowing reviews from customers who have tried and tested DavosLife E3 Bio-Enhanced 20 and DavosLife E3 DVP 30-WD in beauty from within nutraceutical products. Customers saw marked improvements in skin tone and youthfulness in 2 months.
PALMESTER MCT (Oil & Powder) is a versatile single or blend of saturated medium chain length caprylic/capric fatty acids derived from renewable natural raw materials. Research studies have shown that MCT has a lot of health benefits – in particular, it has a lot of cognitive health benefits. It can serve as an alternative fuel source for the brain, which is particularly important in Alzheimer’s disease and dementia.
Visitors can visit KLK OLEO booth (J50 at Hall 7.2) to understand how KLK OLEO can help to elevate your products.
Explore more about KLK OLEO here.",unclassified_crawl_asset,linked_to_in_scope_content,"[""page:https-www-klkoleo-com-news-media-klk-oleo-showcase-davoslife-e3-tocotrienols-and-palmester-mct-at-health-ingredients-europe-hi-2022""]",0,False,True,Not matched to a WordPress media-library record
asset:crawl-f161ab7aefc2,/wp-content/uploads/2023/01/IMG20221221122154.jpg,image,,,,,"Palm-Oleo Sdn Bhd (Palm-Oleo) Fatty Acid & Glycerine (FAG) Plant and Soap Noodle & Amide (SNAM) Plant were both awarded the MSOSH Gold Class I Award. On 21st December 2022, the Malaysian Society of Occupational Safety & Health (MSOSH) held the spectacular event at the Sunway Resort Hotel. Both plant delegations were led by their respective General Managers, Dr. Liew Weng Hui and Ms. Lim Fong Nee.
While FAG Plant has achieved this feat for the second year in a row, it is significant this year that SNAM Plant has participated and stands tall together to represent KLK OLEO in an event attended by other leading oil and gas, utility, and chemical producer companies in Malaysia.
Ms Lim Fong Nee and Dr. Liew Weng Hui received the MSOSH trophy and plaque
The primary goal of Palm-Oleo’s participation in this yearly event is to assess and improve the current level of occupational safety and health standards, practises, and culture at Palm-Oleo. As a result, we can rest assured that Palm-Oleo is currently on the right path toward SHE excellence.
This recognition is in line with KLK Group’s aim to continuously practice and support the Group’s safety & health programme to ensure a better and safer workplace for all.
Palm-Oleo team posing with both Gold Class I plaques & trophies",unclassified_crawl_asset,linked_to_in_scope_content,"[""page:https-www-klkoleo-com-news-media-palm-oleo-awarded-msosh-gold-class-i-award""]",0,False,True,Not matched to a WordPress media-library record
asset:crawl-9abcc57698d7,/wp-content/uploads/2023/03/KLK-POC-2023.png,image,,,,,"Discover how KLK enrich human lives and beyond at Palm and Lauric Oils Price Outlook Conference & Exhibition 2023 (POC2023)!
Visit us to find out more!
More info about POC2023
About Kuala Lumpur Kepong Berhad
Kuala Lumpur Kepong Berhad (KLK) is a leading international Plantations group established in 1906. KLK ventured into resource-based downstream with KLK Refineries and KLK OLEO in the manufacturing of specialty oils & fats, oleochemicals and its derivatives. A little bit of KLK is in everything we consume. Find out more at www.klk.com.my",unclassified_crawl_asset,linked_to_in_scope_content,"[""page:https-www-klkoleo-com-news-media-visit-us-at-poc2023""]",0,False,True,Not matched to a WordPress media-library record
asset:crawl-c8184f2f3583,/wp-content/uploads/2023/04/CITE-Japan-2023-Key-Highlights.png,image,,,,,"From makeup, fragrances, skin and hair care to beauty and nutricosmetics, KLK OLEO will be showcasing various beauty and personal care ingredients, covering functional efficacies ranging from emollient, anti-ageing, pearlescing agent, foam booster, viscosity modifier, humectant, green surfactant, opacifier, emulsifier and many more.
Key Highlights:


[Featured Product] Emollient Sensory Journey
Visitors can experience an emollient sensory journey featuring PALMESTER Fatty Acid Esters. Derived from renewable plant source, PALMESTER range comprises Isopropyl Ester, Ethylhexyl Ester, Glyceryl Ester, Isostearate, Wax Esters, Caprylic/Capric Triglyceride, Propylene Glycol or Butylene Glycol Ester each importing different characteristics, textures, performance and synergies within the formulation.
[Unveil New Formulation] DavosLife Ageless Serum with FACT Bioactive Complex
KLK OLEO will also be introducing DavosLife Ageless Serum with FACT Bioactive Complex. It features a synergistic antioxidant combination of Ferulic Acid, Vitamin C and Tocotrienols (FACT Bioactive Complex) to enhance protection against skin damage caused by free radicals. It improves signs of photodamage, the disappearance of lines and wrinkles, and sagging skin, while promoting a bright and clear complexion. Vitamin C and Tocotrienols are bioactives that help promote collagen production in the skin for healthier, youthful looking skin.

Get in touch with Nature, Get in touch with KLK OLEO at CITE Japan
More info on KLK OLEO at CITE Japan
More about sustainable beauty and personal care ingredients offered by KLK OLEO",unclassified_crawl_asset,linked_to_in_scope_content,"[""page:https-www-klkoleo-com-news-media-klk-oleo-to-showcase-in-cite-japan""]",0,False,True,Not matched to a WordPress media-library record
asset:crawl-252eae73b86f,/wp-content/uploads/2023/04/CITE-Japan-2023-PNG.png,image,,,,,"From makeup, fragrances, skin and hair care to beauty and nutricosmetics, KLK OLEO will be showcasing various beauty and personal care ingredients, covering functional efficacies ranging from emollient, anti-ageing, pearlescing agent, foam booster, viscosity modifier, humectant, green surfactant, opacifier, emulsifier and many more.
Key Highlights:


[Featured Product] Emollient Sensory Journey
Visitors can experience an emollient sensory journey featuring PALMESTER Fatty Acid Esters. Derived from renewable plant source, PALMESTER range comprises Isopropyl Ester, Ethylhexyl Ester, Glyceryl Ester, Isostearate, Wax Esters, Caprylic/Capric Triglyceride, Propylene Glycol or Butylene Glycol Ester each importing different characteristics, textures, performance and synergies within the formulation.
[Unveil New Formulation] DavosLife Ageless Serum with FACT Bioactive Complex
KLK OLEO will also be introducing DavosLife Ageless Serum with FACT Bioactive Complex. It features a synergistic antioxidant combination of Ferulic Acid, Vitamin C and Tocotrienols (FACT Bioactive Complex) to enhance protection against skin damage caused by free radicals. It improves signs of photodamage, the disappearance of lines and wrinkles, and sagging skin, while promoting a bright and clear complexion. Vitamin C and Tocotrienols are bioactives that help promote collagen production in the skin for healthier, youthful looking skin.

Get in touch with Nature, Get in touch with KLK OLEO at CITE Japan
More info on KLK OLEO at CITE Japan
More about sustainable beauty and personal care ingredients offered by KLK OLEO",unclassified_crawl_asset,linked_to_in_scope_content,"[""page:https-www-klkoleo-com-news-media-klk-oleo-to-showcase-in-cite-japan""]",0,False,True,Not matched to a WordPress media-library record
asset:crawl-9a079c67938a,/wp-content/uploads/2023/04/PNG-NYSCC-Supliers-Day-2023-Thumbnail-02.png,image,,,,,"Elevate your products with KLK OLEO at NYSCC Suppliers’ Day 2023
KLK OLEO is a global oleochemical producer with 13 manufacturing facilities located strategically in Malaysia, Indonesia, China, and Europe. KLK OLEO offers an array of sustainable beauty and personal care ingredients that can help you achieve your product development goals and sustainability objectives while ensuring performance, quality and security of supply.
These ingredients cover multiple functional efficacies, such as:



Anti-Ageing
Emollient
Pearlescent
Green Surfactant


Foam Booster
Humectant
Opaficier
Viscosity Modifier


Thickener
Solubiliser
Emulsifier
and others…



Find out more about sustainable beauty and personal care ingredients offered by KLK OLEO here",unclassified_crawl_asset,linked_to_in_scope_content,"[""page:https-www-klkoleo-com-news-media-nyscc-suppliers-day-2023""]",0,False,True,Not matched to a WordPress media-library record
asset:crawl-d1a8859d0151,/wp-content/uploads/2023/05/2023-05-Vitafoods-Europe-Key-Features.jpg,image,,,,,"As a global player in oleochemicals and phytonutrients, KLK OLEO/ Davos Life Science offers an array of high quality, natural and sustainable products. We supply bioactives for use in nutraceuticals, cosmeceuticals and functional food and beverages. We also supply specialty ingredients for food and nutrition applications.
Key Products Feature:


DavosLife E3 DVP 30-WD (Natural Tocotrienols Water-Dispersible Powder)

Ideal for: Functional Food & Beverage; Hard Capsules
Free-flowing, fine water-dispersible powder format of Tocotrienols
Superior Dispersibility
Meets stringent international regulatory standards on contaminants
Health Benefits: Heart; Liver; Brain; Bone & Joint; Skin; Anti-Ageing; UV Protection


PALMESTER MCT (Oil & Powder)

Used in various applications: Functional Food & Beverages; Flavours; Nutrition; Pharmaceuticals; Animal Feed
Derived from renewable natural raw materials
Functions: Energy Booster; Weight Management; Gut Health; Cognitive Health



 
Visit us to understand how we can help to elevate your products.
More info on KLK OLEO at Vitafoods Europe
Find out more about natural source, natural ingredients for food and nutrition industry offered by KLK OLEO",unclassified_crawl_asset,linked_to_in_scope_content,"[""page:https-www-klkoleo-com-news-media-discover-klk-oleos-purpose-led-solutions-for-healthy-ageing-at-vitafoods-europe""]",0,False,True,Not matched to a WordPress media-library record
asset:crawl-0587dbf828ff,/wp-content/uploads/2023/05/KLK-OLEO-CHCI-2023.png,image,,,,,"As a global oleochemicals producer, KLK OLEO offers an array of high quality, innovative and sustainable specialty, functional and basic ingredients for home, beauty and personal care industries. Our production portfolio ranges from basic oleochemical products, such as Fatty Acids, Glycerine, Fatty Alcohols and Fatty Esters, all the way down the spectrum to specialities, such as Alkoanolamides, Methyl Ester Sulphonates (MES), Sulphates and Ethoxylates. They cover functional efficacies ranging from active detergents, cleaning agents, surfactants, emulsifiers, wetting agents, emollients, emulsifiers, foam boosters, viscosity thickeners, humectants, surfactants, pearlescents, antioxidants, skin brighteners, anti-aging agents and many more.
Key Products Showcase:
Naturally Derived Surfactants

PALMFONATE Methyl Ester Sulphonates (MES)
SYMPARE Methyl Ester Sulphonates (MES)
TENSOPOL Sodium Lauryl Sulphate (SLS)
TENSAGEX Sodium Laureth Sulphate (SLES)
PALMOCOL Alkanolamides

 
Meet us to discover ingredients that deliver proven performance, are environmentally friendly, and support innovative formulations.
More info on KLK OLEO at Cosmetics & Home Care Ingredients (CHCI)
Find out more about KLK OLEO’s sustainable beauty and personal care ingredients and home care, industries & institutional (I&I) cleaning ingredients",unclassified_crawl_asset,linked_to_in_scope_content,"[""page:https-www-klkoleo-com-news-media-explore-klk-oleos-sustainable-oleochemical-solutions-at-cosmetics-home-care-ingredients-chci""]",0,False,True,Not matched to a WordPress media-library record
asset:crawl-f4d09e2134d4,/wp-content/uploads/2023/05/Vitafoods-Europe-2023.jpg,image,,,,,"As a global player in oleochemicals and phytonutrients, KLK OLEO/ Davos Life Science offers an array of high quality, natural and sustainable products. We supply bioactives for use in nutraceuticals, cosmeceuticals and functional food and beverages. We also supply specialty ingredients for food and nutrition applications.
Key Products Feature:


DavosLife E3 DVP 30-WD (Natural Tocotrienols Water-Dispersible Powder)

Ideal for: Functional Food & Beverage; Hard Capsules
Free-flowing, fine water-dispersible powder format of Tocotrienols
Superior Dispersibility
Meets stringent international regulatory standards on contaminants
Health Benefits: Heart; Liver; Brain; Bone & Joint; Skin; Anti-Ageing; UV Protection


PALMESTER MCT (Oil & Powder)

Used in various applications: Functional Food & Beverages; Flavours; Nutrition; Pharmaceuticals; Animal Feed
Derived from renewable natural raw materials
Functions: Energy Booster; Weight Management; Gut Health; Cognitive Health



 
Visit us to understand how we can help to elevate your products.
More info on KLK OLEO at Vitafoods Europe
Find out more about natural source, natural ingredients for food and nutrition industry offered by KLK OLEO",unclassified_crawl_asset,linked_to_in_scope_content,"[""page:https-www-klkoleo-com-news-media-discover-klk-oleos-purpose-led-solutions-for-healthy-ageing-at-vitafoods-europe""]",0,False,True,Not matched to a WordPress media-library record
asset:crawl-983633a35d40,/wp-content/uploads/2023/06/China-Inter-Lubric-Thumbnail.png,image,,,,,"KLK OLEO acquired Temix Oleo in April 2023. Together with Temix, we provide biodegradable and sustainable API Group V base oils, surfactants, chemical specialties, raw materials and customer-specific products with high bio-based carbon content for fuel and lubricant applications.

PALMESTER Biolubricant Base Oils and TEMEST Ester Base Oils have good lubricity, viscosity index, solvency & clean burning properties. The esters have excellent oxidative, thermal and hydrolytic stability, hence suitable for various lubricant applications.
PALMERE Methyl Esters, PALMEROL Fatty Alcohols, PALMERE Fatty Acids, and ACITEM Tallow-based Fatty Acids are suitable for metalworking fluid applications.
PALMERE Methyl Esters are suitable for fuel applications.

Bio-based specialty chemicals, making the match.",unclassified_crawl_asset,linked_to_in_scope_content,"[""page:https-www-klkoleo-com-news-media-klk-oleo-inter-lubric-china-2023""]",0,False,True,Not matched to a WordPress media-library record
asset:crawl-ef46ff75e183,/wp-content/uploads/2023/07/DSC09339.jpg,image,,,,,"One of KLK OLEO’s manufacturing sites – KL-Kepong Oleomas held a ground breaking ceremony on 5th April 2023 for their West Port 2 expansion project, marking an important milestone. This key moment reaffirms KLK OLEO’s as one of the world’s leading oleochemical producers.

Attending the ceremony were several esteemed guests, including KLK Chairman – YM Raja Tun Muhammad Alias, Group CEO – Tan Sri Lee Oi Hian, Group COO – Mr. Lee Jia Zhang, KLK Board of Directors – Dato’ Lee Hau Hian and Ms. Cheryl Khor, BKB Board of Directors – Tan Sri Rastam, Dr. Tunku Alina, Mr. Lee Yuan Zhang and Mr. Lim Ban Aik, Deputy CEOs – Mr. Kow Tiat Yong and Mr. Siew Fook Ming, and Group CFO – Mr. William Ong Eng San alongside members of the MKLK corporate engineering team as well as the West Port 2 site project team.
This expansion is focused on increasing capacity for fatty alcohols and fatty acids fractions, increasing KLK OLEO’s capability to better serve our global customers.
About KLK OLEO
Built on a legacy of integrity, humility, innovation and loyalty, KLK OLEO is committed to providing the best sustainable solutions to address global demands and consumer trends. As a worldwide oleochemical producer with over 100 years of experience, KLK OLEO’s products can be found in most consumer staples, from Beauty & Personal Care, Food & Health Care, Home Care, Industries & Institutional Cleaning, Lubricants to Polymers.
KLK OLEO is the manufacturing division of KUALA LUMPUR KEPONG BERHAD (KLK). A leading international Plantations group listed on the Main Board of Bursa Malaysia Securities Berhad.",unclassified_crawl_asset,linked_to_in_scope_content,"[""page:https-www-klkoleo-com-news-media-klk-oleo-breaks-ground-for-new-expansion-site-in-west-port-2""]",0,False,True,Not matched to a WordPress media-library record
asset:crawl-954ca04d5d02,/wp-content/uploads/2023/09/Agricultural-Chemicals.png,image,,,,Agricultural Chemicals,"Agricultural Chemicals
‣ As solvent or cosolvent",unclassified_crawl_asset,linked_to_in_scope_content,"[""page:https-www-klkoleo-com-brand-palmere-methyl-esters""]",0,False,True,Not matched to a WordPress media-library record
asset:crawl-190cb1fcae40,/wp-content/uploads/2023/09/Chemical-Intermediates.png,image,,,,Chemical Intermediates,‣ Used as feedstock for alkanolamide (CDEA/CMEA) production,unclassified_crawl_asset,linked_to_in_scope_content,"[""page:https-www-klkoleo-com-brand-palmere-methyl-esters""]",0,False,True,Not matched to a WordPress media-library record
asset:crawl-96d4dc9fe797,/wp-content/uploads/2023/09/Inks-and-Coatings.png,image,,,,Inks & Coatings,"Inks and Coatings
‣ As solvents",unclassified_crawl_asset,linked_to_in_scope_content,"[""page:https-www-klkoleo-com-brand-palmere-methyl-esters""]",0,False,True,Not matched to a WordPress media-library record
asset:crawl-ad38c677a212,/wp-content/uploads/2023/09/Lubricants.png,image,,,,Lubricants,"Lubricants
‣ Used as base oil or additive in lubricant",unclassified_crawl_asset,linked_to_in_scope_content,"[""page:https-www-klkoleo-com-brand-palmere-methyl-esters""]",0,False,True,Not matched to a WordPress media-library record
asset:crawl-67eda2c3dfa6,/wp-content/uploads/2023/09/Phase-Change.png,image,,,,Phase Change,"Phase Change
‣ As phase change material",unclassified_crawl_asset,linked_to_in_scope_content,"[""page:https-www-klkoleo-com-brand-palmere-methyl-esters""]",0,False,True,Not matched to a WordPress media-library record
asset:crawl-f76e338baa28,/wp-content/uploads/2023/09/Textiles.png,image,,,,Textiles,"Textiles
‣ Raw material for spin finishes and oiling agent for textile",unclassified_crawl_asset,linked_to_in_scope_content,"[""page:https-www-klkoleo-com-brand-palmere-methyl-esters""]",0,False,True,Not matched to a WordPress media-library record
asset:crawl-a2f8d75fd59a,/wp-content/uploads/2025/11/bestmanagedcompanies2025.png,image,,,,,Malaysia’s Best Managed Companies 2025,unclassified_crawl_asset,linked_to_in_scope_content,"[""page:https-www-klkoleo-com"",""page:https-www-klkoleo-com-r3d-de-assembly-terms-and-conditions-klke-dusseldorf"",""page:https-www-klkoleo-com-r3d-de-general-terms-and-conditions-of-purchase-klk-emmerich"",""page:https-www-klkoleo-com-r3d-de-general-terms-and-conditions-of-sale-klk-emmerich"",""page:https-www-klkoleo-com-r3d-de-safety-guide-klk-emmerich"",""page:https-www-klkoleo-com-r3d-eng-anti-corruption-policy-klk-group"",""page:https-www-klkoleo-com-r3d-eng-code-of-conduct-and-ethics-for-the-company-group-klk-group"",""page:https-www-klkoleo-com-r3d-eng-code-of-conduct-for-suppliers-klk-emmerich"",""page:https-www-klkoleo-com-r3d-eng-general-conditions-of-sale-klktemix"",""page:https-www-klkoleo-com-r3d-eng-general-terms-and-conditions-for-the-purchase-of-goods-and-or-services-klk-oleo-group"",""page:https-www-klkoleo-com-r3d-eng-general-terms-and-conditions-of-sale-klk-emmerich"",""page:https-www-klkoleo-com-r3d-eng-general-terms-and-conditions-of-sale-klk-tensachem"",""page:https-www-klkoleo-com-r3d-eng-general-terms-and-conditions-of-sale-or-supply-klk-kolb-specialties"",""page:https-www-klkoleo-com-r3d-eng-general-terms-and-conditions-of-sale-or-supply-palmoleo-klang"",""page:https-www-klkoleo-com-r3d-eng-quality-environmental-safety-and-food-safety-policy-klktemix"",""page:https-www-klkoleo-com-r3d-eng-supplier-code-of-conduct-klk-group"",""page:https-www-klkoleo-com-r3d-klk-oleo-beauty-and-personal-care-brochure"",""page:https-www-klkoleo-com-r3d-klk-oleo-palmester-biolubricant-base-oil-for-mwf-neat-oil-applications"",""page:https-www-klkoleo-com-r3d-klk-oleos-traceability"",""page:https-www-klkoleo-com-r3d-klk-sustainability-report-2021""]",0,False,True,Not matched to a WordPress media-library record
asset:crawl-2cb99c56aff2,https://www.klkoleo.com/davoslife/wp-content/uploads/2026/09/Davos-ColorNet-Partnership-incosLatam.jpg,image,,,,Davos Life Science & ColorNet Partnership: Transforming Brazil’s Skincare Future with the Power of Tocotrienols,"Davos Life Science Sdn. Bhd. as part of KLK OLEO Group, a global leader in natural palm-derived Tocotrienols, and ColorNet, a leading distributor serving Brazil’s beauty and personal care industry, are pleased to announce a strategic partnership to expand the availability of DavosLife E3 Tocotrienols in the Brazilian skincare market.
The partnership marks an important milestone for both organisations as ColorNet becomes Davos Life Science’s authorised distributor for the personal care segment in Brazil. Through this collaboration, both companies aim to introduce scientifically backed Tocotrienols solutions to cosmetic manufacturers and brand owners seeking innovative ingredients for skin health and beauty applications.
 
Reveal Natural Radiance. Restore Youthful Luminosity.
DavosLife E3 Tocotrienols — the “Extraordinary Super Vitamin E” — act on skin through three complementary mechanisms: potent antioxidant activity, powerful anti-inflammatory action, and gene modulation. This triple mode of action is documented across an extensive body of peer-reviewed research covering anti-ageing, skin brightening, blue light and pollution defence, and skin barrier support.
 
Clinically demonstrated in human studies

Reduces UV-induced skin redness by up to 26%
Reduces UV-induced tanning by up to 32%

 
Science Proven Multi-Pathway Benefits from published studies



Combats Oxidative stress — reduces DNA, lipid and protein oxidation markers: 8-OHdG by up to 66%, malondialdehyde by 44%, and protein carbonyl by 58%.
Benefits: Helps protect skin from premature ageing, and promotes healthier, more resilient skin.
Inflammatory response Calms Inflammation & Skin Irritation — downregulates key mediators: IL-6 by up to 64%, IL-8 by 72%, and COX-2 by 47%.
Benefits: Helps soothe redness and sensitivity, supports faster skin recovery, improves overall skin comfort.
Reduces Hyperpigmentation, Brightens Skin Tone Pigmentation — suppresses tyrosinase expression, reducing melanin production by up to 55%.
Benefits: Helps minimise dark spots and uneven pigmentation, promotes brighter and more radiant skin, and supports a more uniform skin tone.
Defends Against Pollution-Induced Skin Damage Pollution defence and barrier integrity — suppresses PM2.5-induced MAPK signalling, downregulating phosphorylation of p38 by 61%, JNK1/2 by 70% and ERK by 24%. Also protects cells from mitochondria-mediated apoptosis. Under the same conditions, alpha-tocopherol showed no strong inhibitory effect.
Benefits: Strengthens the skin barrier against urban pollution, helps prevent environmental ageing, enhances skin resilience, reduces visible signs of stress caused by external aggressors, and supports long-term skin vitality.



Learn more about the full skincare benefits of DavosLife E3 Tocotrienols.
 
Key Consumer Takeaway
Tocotrienols deliver clinically proven protection against the four major drivers of skin ageing: oxidative stress, inflammation, hyperpigmentation, and environmental pollution, resulting in healthier, brighter, younger-looking, and more resilient skin.
 
Sustainably Sourced. Fully Traceable.
DavosLife E3 Tocotrienols are sourced from sustainably managed palm plantations within the Kuala Lumpur Kepong Berhad (“KLK”) Group, the parent company of Davos Life Science, ensuring full supply chain traceability, consistent batch-to-batch quality, and reliable long-term supply security.
Davos Life Science, a subsidiary of Kuala Lumpur Kepong Berhad (KLK), a leading diversified resource-based manufacturing and international plantation group, is a global producer of high-quality natural phytonutrients. The company specialises in DavosLife E3 Tocotrienols, the extraordinary full-spectrum vitamin E complex comprising of natural Tocotrienols and tocopherol, as well as DavosLife Biocarotene, the Natural Mixed Carotenes. Supported by KLK’s vertically integrated plantation operations and its resource manufacturing division, KLK OLEO, Davos Life Science ensures a sustainable and reliable supply of premium natural phytonutrients to the global market.
As a leader in specialty ingredients and chemicals, ColorNet is uniquely positioned to accelerate the adoption of premium bioactive ingredients in Brazil. By connecting innovative global technologies with local market opportunities, and drawing on its deep expertise in specialty ingredients, chemicals, skincare, and personal care, ColorNet serves as a strategic partner in bringing scientifically validated, high-efficacy bioactive solutions to market. Together, we can shape the future of performance-driven, innovation-led beauty and personal care products.",unclassified_crawl_asset,linked_to_in_scope_content,"[""page:https-www-klkoleo-com-news-media-davos-life-science-colornet-transforming-brazils-skincare-future-with-the-power-of-tocotrienols""]",0,False,True,Not matched to a WordPress media-library record
asset:crawl-f725f3cc647e,https://www.klkoleo.com/wp-content/uploads/2020/04/1991-Founder-100x100.png,image,,,,1991: Tan Sri Dato’ Seri Lee Oi Hian,"1991

										吉隆坡甲洞集团总首席执行官, 丹斯里拿督斯里李爱贤投资于以资源为基础的下游制造业，在拉旺开设了第一家油化工厂- 棕化私人有限公司。
KLK OLEO的诞生。",unclassified_crawl_asset,linked_to_in_scope_content,"[""page:https-www-klkoleo-com-timeline-post-1991"",""page:https-www-klkoleo-com-timeline-post-1991-2"",""page:https-www-klkoleo-com-timeline-post-1991-3""]",0,False,True,Not matched to a WordPress media-library record
asset:crawl-7b07943e6695,https://www.klkoleo.com/wp-content/uploads/2020/04/1991-Founder-150x150.png,image,,,,1991: Tan Sri Dato’ Seri Lee Oi Hian,"1991

										吉隆坡甲洞集团总首席执行官, 丹斯里拿督斯里李爱贤投资于以资源为基础的下游制造业，在拉旺开设了第一家油化工厂- 棕化私人有限公司。
KLK OLEO的诞生。",unclassified_crawl_asset,linked_to_in_scope_content,"[""page:https-www-klkoleo-com-timeline-post-1991"",""page:https-www-klkoleo-com-timeline-post-1991-2"",""page:https-www-klkoleo-com-timeline-post-1991-3""]",0,False,True,Not matched to a WordPress media-library record
asset:crawl-5f32fdcec8e4,https://www.klkoleo.com/wp-content/uploads/2020/04/1991-Founder.png,image,,,,1991,"1991
									
							
											KLK’s Chief Executive Officer, Tan Sri Dato’ Seri Lee Oi Hian invested in resource-based downstream manufacturing with the opening of its first oleochemical plant, Palm-Oleo in Rawang.
The birth of KLK OLEO.",unclassified_crawl_asset,linked_to_in_scope_content,"[""page:https-www-klkoleo-com-history-milestones"",""page:https-www-klkoleo-com-timeline-post-1991"",""page:https-www-klkoleo-com-timeline-post-1991-2"",""page:https-www-klkoleo-com-timeline-post-1991-3""]",0,False,True,Not matched to a WordPress media-library record
asset:crawl-ce26fdf485e6,https://www.klkoleo.com/wp-content/uploads/2020/04/2005-Davos-100x100.png,image,,,,2005: Davos Life Science,"2005

										投资于新加坡的达沃斯生命科学私人有限公司，该公司是来自棕榈果实的植物营养素的制造商。",unclassified_crawl_asset,linked_to_in_scope_content,"[""page:https-www-klkoleo-com-timeline-post-2005"",""page:https-www-klkoleo-com-timeline-post-2005-2"",""page:https-www-klkoleo-com-timeline-post-2005-3""]",0,False,True,Not matched to a WordPress media-library record
asset:crawl-945e4cfe357d,https://www.klkoleo.com/wp-content/uploads/2020/04/2005-Davos-150x150.png,image,,,,2005: Davos Life Science,"2005

										投资于新加坡的达沃斯生命科学私人有限公司，该公司是来自棕榈果实的植物营养素的制造商。",unclassified_crawl_asset,linked_to_in_scope_content,"[""page:https-www-klkoleo-com-timeline-post-2005"",""page:https-www-klkoleo-com-timeline-post-2005-2"",""page:https-www-klkoleo-com-timeline-post-2005-3""]",0,False,True,Not matched to a WordPress media-library record
asset:crawl-7d312210b800,https://www.klkoleo.com/wp-content/uploads/2020/04/2005-Davos.png,image,,,,2005,"2005
									
							
											Investing in Davos Life Science Ptd Ltd in Singapore, manufacturer of phytonutrient from palm fruits.",unclassified_crawl_asset,linked_to_in_scope_content,"[""page:https-www-klkoleo-com-history-milestones"",""page:https-www-klkoleo-com-timeline-post-2005"",""page:https-www-klkoleo-com-timeline-post-2005-2"",""page:https-www-klkoleo-com-timeline-post-2005-3""]",0,False,True,Not matched to a WordPress media-library record
asset:crawl-2f8112dbd391,https://www.klkoleo.com/wp-content/uploads/2020/04/2006-Oleomas.png,image,,,,2006,"2006
									
							
											Introduction of the first fully Malaysian-owned Fatty Alcohols plant at KL-Kepong Oleomas, Westport, Port Klang.",unclassified_crawl_asset,linked_to_in_scope_content,"[""page:https-www-klkoleo-com-history-milestones"",""page:https-www-klkoleo-com-timeline-post-2006"",""page:https-www-klkoleo-com-timeline-post-2006-4"",""page:https-www-klkoleo-com-timeline-post-2006-5""]",0,False,True,Not matched to a WordPress media-library record
asset:crawl-ae18220e3e22,https://www.klkoleo.com/wp-content/uploads/2020/04/2009-100x100.png,image,,,,2009: KLKOM MES Plant,"2009

					Commissioning of Methyl Esters plant at KL-Kepong Oleomas.
New Oleo-based Methyl Ester Sulphonate (MES) introduced at KL-Kepong Oleomas as an environment-friendly surfactant.",unclassified_crawl_asset,linked_to_in_scope_content,"[""page:https-www-klkoleo-com-timeline-post-2009"",""page:https-www-klkoleo-com-timeline-post-2009-4"",""page:https-www-klkoleo-com-timeline-post-2009-5""]",0,False,True,Not matched to a WordPress media-library record
asset:crawl-4d33f6b78941,https://www.klkoleo.com/wp-content/uploads/2020/04/2009-150x150.png,image,,,,2009: KLKOM MES Plant,"2009

					Commissioning of Methyl Esters plant at KL-Kepong Oleomas.
New Oleo-based Methyl Ester Sulphonate (MES) introduced at KL-Kepong Oleomas as an environment-friendly surfactant.",unclassified_crawl_asset,linked_to_in_scope_content,"[""page:https-www-klkoleo-com-timeline-post-2009"",""page:https-www-klkoleo-com-timeline-post-2009-4"",""page:https-www-klkoleo-com-timeline-post-2009-5""]",0,False,True,Not matched to a WordPress media-library record
asset:crawl-96387cec98f4,https://www.klkoleo.com/wp-content/uploads/2020/04/2009.png,image,,,,2009,"2009
									
							
											Commissioning of Methyl Esters plant at KL-Kepong Oleomas.
New Oleo-based Methyl Ester Sulphonate (MES) introduced at KL-Kepong Oleomas as an environment-friendly surfactant.",unclassified_crawl_asset,linked_to_in_scope_content,"[""page:https-www-klkoleo-com-history-milestones"",""page:https-www-klkoleo-com-timeline-post-2009"",""page:https-www-klkoleo-com-timeline-post-2009-4"",""page:https-www-klkoleo-com-timeline-post-2009-5""]",0,False,True,Not matched to a WordPress media-library record
asset:crawl-287ac64cda92,https://www.klkoleo.com/wp-content/uploads/2020/04/2018-KLKS-100x100.png,image,,,,2018: KLK Kolb Specialties,"2018

										收购位于Delden的Elementis Specialties（改名为KLK Kolb Specialties），该公司是高性能化学品制造商。",unclassified_crawl_asset,linked_to_in_scope_content,"[""page:https-www-klkoleo-com-timeline-post-2018"",""page:https-www-klkoleo-com-timeline-post-2018-5"",""page:https-www-klkoleo-com-timeline-post-2018-8""]",0,False,True,Not matched to a WordPress media-library record
asset:crawl-86e2d7b7e845,https://www.klkoleo.com/wp-content/uploads/2020/04/2018-KLKS-150x150.png,image,,,,2018: KLK Kolb Specialties,"2018

										收购位于Delden的Elementis Specialties（改名为KLK Kolb Specialties），该公司是高性能化学品制造商。",unclassified_crawl_asset,linked_to_in_scope_content,"[""page:https-www-klkoleo-com-timeline-post-2018"",""page:https-www-klkoleo-com-timeline-post-2018-5"",""page:https-www-klkoleo-com-timeline-post-2018-8""]",0,False,True,Not matched to a WordPress media-library record
asset:crawl-8c885f7abb78,https://www.klkoleo.com/wp-content/uploads/2020/04/2018-KLKS.png,image,,,,2018: KLK Kolb Specialties,"2018

										收购位于Delden的Elementis Specialties（改名为KLK Kolb Specialties），该公司是高性能化学品制造商。",unclassified_crawl_asset,linked_to_in_scope_content,"[""page:https-www-klkoleo-com-timeline-post-2018"",""page:https-www-klkoleo-com-timeline-post-2018-5"",""page:https-www-klkoleo-com-timeline-post-2018-8""]",0,False,True,Not matched to a WordPress media-library record
asset:crawl-b5a879b8dbd5,https://www.klkoleo.com/wp-content/uploads/2020/04/milestone-1906-square-100x100.jpg,image,,,,,"1906

					吉隆坡橡胶有限公司（KLR）在伦敦成立，负责监督马来亚（现在的马来西亚）的600公顷种植园（橡胶和咖啡）。",unclassified_crawl_asset,linked_to_in_scope_content,"[""page:https-www-klkoleo-com-timeline-post-1906"",""page:https-www-klkoleo-com-timeline-post-1906-2"",""page:https-www-klkoleo-com-timeline-post-1906-3""]",0,False,True,Not matched to a WordPress media-library record
asset:crawl-44365cac461a,https://www.klkoleo.com/wp-content/uploads/2020/04/milestone-1906-square-150x150.jpg,image,,,,,"1906

					吉隆坡橡胶有限公司（KLR）在伦敦成立，负责监督马来亚（现在的马来西亚）的600公顷种植园（橡胶和咖啡）。",unclassified_crawl_asset,linked_to_in_scope_content,"[""page:https-www-klkoleo-com-timeline-post-1906"",""page:https-www-klkoleo-com-timeline-post-1906-2"",""page:https-www-klkoleo-com-timeline-post-1906-3""]",0,False,True,Not matched to a WordPress media-library record
asset:crawl-2206d4f66d12,https://www.klkoleo.com/wp-content/uploads/2020/04/milestone-1906-square-300x300.jpg,image,,,,,"1906

					吉隆坡橡胶有限公司（KLR）在伦敦成立，负责监督马来亚（现在的马来西亚）的600公顷种植园（橡胶和咖啡）。",unclassified_crawl_asset,linked_to_in_scope_content,"[""page:https-www-klkoleo-com-timeline-post-1906"",""page:https-www-klkoleo-com-timeline-post-1906-2"",""page:https-www-klkoleo-com-timeline-post-1906-3""]",0,False,True,Not matched to a WordPress media-library record
asset:crawl-41b58d816a43,https://www.klkoleo.com/wp-content/uploads/2020/04/milestone-1906-square.jpg,image,,,,1906,"1906
									
							
											The Kuala Lumpur Rubber Company, Limited (KLR) was founded in London to oversee 600 ha. plantations (rubber and coffee) in Malaya (now Malaysia).",unclassified_crawl_asset,linked_to_in_scope_content,"[""page:https-www-klkoleo-com-history-milestones"",""page:https-www-klkoleo-com-timeline-post-1906"",""page:https-www-klkoleo-com-timeline-post-1906-2"",""page:https-www-klkoleo-com-timeline-post-1906-3""]",0,False,True,Not matched to a WordPress media-library record
asset:crawl-1cfdf0ada876,https://www.klkoleo.com/wp-content/uploads/2020/04/milestone-1991-square-100x100.jpg,image,,,,,"1994

										Official Opening of Palm-Oleo, officiated by Y.A.B. Dato Seri Dr. Mahathir Mohamad.",unclassified_crawl_asset,linked_to_in_scope_content,"[""page:https-www-klkoleo-com-timeline-post-1994"",""page:https-www-klkoleo-com-timeline-post-1994-2"",""page:https-www-klkoleo-com-timeline-post-1994-3""]",0,False,True,Not matched to a WordPress media-library record
asset:crawl-c779ceab1cec,https://www.klkoleo.com/wp-content/uploads/2020/04/milestone-1991-square-150x150.jpg,image,,,,,"1994

										Official Opening of Palm-Oleo, officiated by Y.A.B. Dato Seri Dr. Mahathir Mohamad.",unclassified_crawl_asset,linked_to_in_scope_content,"[""page:https-www-klkoleo-com-timeline-post-1994"",""page:https-www-klkoleo-com-timeline-post-1994-2"",""page:https-www-klkoleo-com-timeline-post-1994-3""]",0,False,True,Not matched to a WordPress media-library record
asset:crawl-04aa8c3767b3,https://www.klkoleo.com/wp-content/uploads/2020/04/milestone-1991-square-300x300.jpg,image,,,,,"1994

										Official Opening of Palm-Oleo, officiated by Y.A.B. Dato Seri Dr. Mahathir Mohamad.",unclassified_crawl_asset,linked_to_in_scope_content,"[""page:https-www-klkoleo-com-timeline-post-1994"",""page:https-www-klkoleo-com-timeline-post-1994-2"",""page:https-www-klkoleo-com-timeline-post-1994-3""]",0,False,True,Not matched to a WordPress media-library record
asset:crawl-a0218db9c870,https://www.klkoleo.com/wp-content/uploads/2020/04/milestone-1991-square.jpg,image,,,,1994,"1994
									
							
											Official Opening of Palm-Oleo, officiated by Y.A.B. Dato Seri Dr. Mahathir Mohamad.",unclassified_crawl_asset,linked_to_in_scope_content,"[""page:https-www-klkoleo-com-history-milestones"",""page:https-www-klkoleo-com-timeline-post-1994"",""page:https-www-klkoleo-com-timeline-post-1994-2"",""page:https-www-klkoleo-com-timeline-post-1994-3""]",0,False,True,Not matched to a WordPress media-library record
asset:crawl-5d7da6e50c25,https://www.klkoleo.com/wp-content/uploads/2020/04/milestone-1996-square-100x100.jpg,image,,,,,"1996

										KSP Manufacturing Sdn Bhd 推出皂基。",unclassified_crawl_asset,linked_to_in_scope_content,"[""page:https-www-klkoleo-com-timeline-post-1996"",""page:https-www-klkoleo-com-timeline-post-1996-2"",""page:https-www-klkoleo-com-timeline-post-1996-3""]",0,False,True,Not matched to a WordPress media-library record
asset:crawl-ec4acd3d565f,https://www.klkoleo.com/wp-content/uploads/2020/04/milestone-1996-square-150x150.jpg,image,,,,,"1996

										KSP Manufacturing Sdn Bhd 推出皂基。",unclassified_crawl_asset,linked_to_in_scope_content,"[""page:https-www-klkoleo-com-timeline-post-1996"",""page:https-www-klkoleo-com-timeline-post-1996-2"",""page:https-www-klkoleo-com-timeline-post-1996-3""]",0,False,True,Not matched to a WordPress media-library record
asset:crawl-4b15ef19bfa0,https://www.klkoleo.com/wp-content/uploads/2020/04/milestone-1996-square-300x300.jpg,image,,,,,"1996

										KSP Manufacturing Sdn Bhd 推出皂基。",unclassified_crawl_asset,linked_to_in_scope_content,"[""page:https-www-klkoleo-com-timeline-post-1996"",""page:https-www-klkoleo-com-timeline-post-1996-2"",""page:https-www-klkoleo-com-timeline-post-1996-3""]",0,False,True,Not matched to a WordPress media-library record
asset:crawl-30204bb5b968,https://www.klkoleo.com/wp-content/uploads/2020/04/milestone-1996-square.jpg,image,,,,1996,"1996
									
							
											Launching of Soap Noodles at KSP Manufacturing.",unclassified_crawl_asset,linked_to_in_scope_content,"[""page:https-www-klkoleo-com-history-milestones"",""page:https-www-klkoleo-com-timeline-post-1996"",""page:https-www-klkoleo-com-timeline-post-1996-2"",""page:https-www-klkoleo-com-timeline-post-1996-3""]",0,False,True,Not matched to a WordPress media-library record
asset:crawl-8ef430708a7d,https://www.klkoleo.com/wp-content/uploads/2020/04/milestone-1997-square-100x100.jpg,image,,,,,"1997

										Introduction of Ethylene Bis-Stearamide and Alkanolamides at Palmamide.",unclassified_crawl_asset,linked_to_in_scope_content,"[""page:https-www-klkoleo-com-timeline-post-1997"",""page:https-www-klkoleo-com-timeline-post-1997-2"",""page:https-www-klkoleo-com-timeline-post-1997-3""]",0,False,True,Not matched to a WordPress media-library record
asset:crawl-b3fafa0a6eec,https://www.klkoleo.com/wp-content/uploads/2020/04/milestone-1997-square-150x150.jpg,image,,,,,"1997

										Introduction of Ethylene Bis-Stearamide and Alkanolamides at Palmamide.",unclassified_crawl_asset,linked_to_in_scope_content,"[""page:https-www-klkoleo-com-timeline-post-1997"",""page:https-www-klkoleo-com-timeline-post-1997-2"",""page:https-www-klkoleo-com-timeline-post-1997-3""]",0,False,True,Not matched to a WordPress media-library record
asset:crawl-1f0f5504b49d,https://www.klkoleo.com/wp-content/uploads/2020/04/milestone-1997-square-300x300.jpg,image,,,,,"1997

										Introduction of Ethylene Bis-Stearamide and Alkanolamides at Palmamide.",unclassified_crawl_asset,linked_to_in_scope_content,"[""page:https-www-klkoleo-com-timeline-post-1997"",""page:https-www-klkoleo-com-timeline-post-1997-2"",""page:https-www-klkoleo-com-timeline-post-1997-3""]",0,False,True,Not matched to a WordPress media-library record
asset:crawl-68379c3871a4,https://www.klkoleo.com/wp-content/uploads/2020/04/milestone-1997-square.jpg,image,,,,1997,"1997
									
							
											Introduction of Ethylene Bis-Stearamide and Alkanolamides at Palmamide.",unclassified_crawl_asset,linked_to_in_scope_content,"[""page:https-www-klkoleo-com-history-milestones"",""page:https-www-klkoleo-com-timeline-post-1997"",""page:https-www-klkoleo-com-timeline-post-1997-2"",""page:https-www-klkoleo-com-timeline-post-1997-3""]",0,False,True,Not matched to a WordPress media-library record
asset:crawl-7c87e562372c,https://www.klkoleo.com/wp-content/uploads/2020/04/milestone-2004-square-100x100.jpg,image,,,,,"2004

					在中国张家港进行绿地扩建，生产脂肪酸、甘油、皂基和酯。",unclassified_crawl_asset,linked_to_in_scope_content,"[""page:https-www-klkoleo-com-timeline-post-2004"",""page:https-www-klkoleo-com-timeline-post-2004-2"",""page:https-www-klkoleo-com-timeline-post-2004-3""]",0,False,True,Not matched to a WordPress media-library record
asset:crawl-db28341cd26d,https://www.klkoleo.com/wp-content/uploads/2020/04/milestone-2004-square-150x150.jpg,image,,,,,"2004

					在中国张家港进行绿地扩建，生产脂肪酸、甘油、皂基和酯。",unclassified_crawl_asset,linked_to_in_scope_content,"[""page:https-www-klkoleo-com-timeline-post-2004"",""page:https-www-klkoleo-com-timeline-post-2004-2"",""page:https-www-klkoleo-com-timeline-post-2004-3""]",0,False,True,Not matched to a WordPress media-library record
asset:crawl-25cf0cd86313,https://www.klkoleo.com/wp-content/uploads/2020/04/milestone-2004-square-300x300.jpg,image,,,,,"2004

					在中国张家港进行绿地扩建，生产脂肪酸、甘油、皂基和酯。",unclassified_crawl_asset,linked_to_in_scope_content,"[""page:https-www-klkoleo-com-timeline-post-2004"",""page:https-www-klkoleo-com-timeline-post-2004-2"",""page:https-www-klkoleo-com-timeline-post-2004-3""]",0,False,True,Not matched to a WordPress media-library record
asset:crawl-8a00fee15a0f,https://www.klkoleo.com/wp-content/uploads/2020/04/milestone-2004-square.jpg,image,,,,2004,"2004
									
							
											Greenfield expansion at Zhangjiagang, China, manufacturer of Fatty Acids, Glycerine, Soap Noodles and Esters.",unclassified_crawl_asset,linked_to_in_scope_content,"[""page:https-www-klkoleo-com-history-milestones"",""page:https-www-klkoleo-com-timeline-post-2004"",""page:https-www-klkoleo-com-timeline-post-2004-2"",""page:https-www-klkoleo-com-timeline-post-2004-3""]",0,False,True,Not matched to a WordPress media-library record
asset:crawl-32f1ead10792,https://www.klkoleo.com/wp-content/uploads/2020/04/milestone-2007-01-square-100x100.jpg,image,,,,,"2007

										收购Dr. W.Kolb Holding，该公司是一家大型的独立烷氧基化物生产商和阴离子表面活性剂和酯的重要生产商和经销商。",unclassified_crawl_asset,linked_to_in_scope_content,"[""page:https-www-klkoleo-com-timeline-post-2007"",""page:https-www-klkoleo-com-timeline-post-2007-3"",""page:https-www-klkoleo-com-timeline-post-2007-6""]",0,False,True,Not matched to a WordPress media-library record
asset:crawl-c5dfca78758e,https://www.klkoleo.com/wp-content/uploads/2020/04/milestone-2007-01-square-150x150.jpg,image,,,,,"2007

										收购Dr. W.Kolb Holding，该公司是一家大型的独立烷氧基化物生产商和阴离子表面活性剂和酯的重要生产商和经销商。",unclassified_crawl_asset,linked_to_in_scope_content,"[""page:https-www-klkoleo-com-timeline-post-2007"",""page:https-www-klkoleo-com-timeline-post-2007-3"",""page:https-www-klkoleo-com-timeline-post-2007-6""]",0,False,True,Not matched to a WordPress media-library record
asset:crawl-587ffeeac8fe,https://www.klkoleo.com/wp-content/uploads/2020/04/milestone-2007-01-square-300x300.jpg,image,,,,,"2007

										收购Dr. W.Kolb Holding，该公司是一家大型的独立烷氧基化物生产商和阴离子表面活性剂和酯的重要生产商和经销商。",unclassified_crawl_asset,linked_to_in_scope_content,"[""page:https-www-klkoleo-com-timeline-post-2007"",""page:https-www-klkoleo-com-timeline-post-2007-3"",""page:https-www-klkoleo-com-timeline-post-2007-6""]",0,False,True,Not matched to a WordPress media-library record
asset:crawl-0cd750a6d504,https://www.klkoleo.com/wp-content/uploads/2020/04/milestone-2007-01-square.jpg,image,,,,2007,"2007
									
							
											Acquisition of Dr. W.Kolb Holding, a large independent alkoxylator and a significant manufacturer and distributor of Nonionic Surfactants and Esters.",unclassified_crawl_asset,linked_to_in_scope_content,"[""page:https-www-klkoleo-com-history-milestones"",""page:https-www-klkoleo-com-timeline-post-2007"",""page:https-www-klkoleo-com-timeline-post-2007-3"",""page:https-www-klkoleo-com-timeline-post-2007-6""]",0,False,True,Not matched to a WordPress media-library record
asset:crawl-c256b68339fb,https://www.klkoleo.com/wp-content/uploads/2020/04/milestone-2007-02-square-100x100.jpg,image,,,,,"2007

										Acquisition of Uniqema Malaysia – renamed as Palm-Oleo (Klang), manufacturer of Fatty Acids, Glycerine, Esters and Soap Noodles.",unclassified_crawl_asset,linked_to_in_scope_content,"[""page:https-www-klkoleo-com-timeline-post-2007-2"",""page:https-www-klkoleo-com-timeline-post-2007-4"",""page:https-www-klkoleo-com-timeline-post-2007-5""]",0,False,True,Not matched to a WordPress media-library record
asset:crawl-5f4efaeb0a8f,https://www.klkoleo.com/wp-content/uploads/2020/04/milestone-2007-02-square-150x150.jpg,image,,,,,"2007

										Acquisition of Uniqema Malaysia – renamed as Palm-Oleo (Klang), manufacturer of Fatty Acids, Glycerine, Esters and Soap Noodles.",unclassified_crawl_asset,linked_to_in_scope_content,"[""page:https-www-klkoleo-com-timeline-post-2007-2"",""page:https-www-klkoleo-com-timeline-post-2007-4"",""page:https-www-klkoleo-com-timeline-post-2007-5""]",0,False,True,Not matched to a WordPress media-library record
asset:crawl-8a2e7f97ede4,https://www.klkoleo.com/wp-content/uploads/2020/04/milestone-2007-02-square-300x300.jpg,image,,,,,"2007

										Acquisition of Uniqema Malaysia – renamed as Palm-Oleo (Klang), manufacturer of Fatty Acids, Glycerine, Esters and Soap Noodles.",unclassified_crawl_asset,linked_to_in_scope_content,"[""page:https-www-klkoleo-com-timeline-post-2007-2"",""page:https-www-klkoleo-com-timeline-post-2007-4"",""page:https-www-klkoleo-com-timeline-post-2007-5""]",0,False,True,Not matched to a WordPress media-library record
asset:crawl-cb49ffb74677,https://www.klkoleo.com/wp-content/uploads/2020/04/milestone-2007-02-square.jpg,image,,,,2007,"2007
									
							
											Acquisition of Uniqema Malaysia – renamed as Palm-Oleo (Klang), manufacturer of Fatty Acids, Glycerine, Esters and Soap Noodles.",unclassified_crawl_asset,linked_to_in_scope_content,"[""page:https-www-klkoleo-com-history-milestones"",""page:https-www-klkoleo-com-timeline-post-2007-2"",""page:https-www-klkoleo-com-timeline-post-2007-4"",""page:https-www-klkoleo-com-timeline-post-2007-5""]",0,False,True,Not matched to a WordPress media-library record
asset:crawl-fc0dc9473d7b,https://www.klkoleo.com/wp-content/uploads/2020/04/milestone-2009-02-square-100x100.jpg,image,,,,,"2009

					收购Zoop的生物柴油厂（更名为吉隆坡甲洞生物能源私人有限公司）。",unclassified_crawl_asset,linked_to_in_scope_content,"[""page:https-www-klkoleo-com-timeline-post-2009-2"",""page:https-www-klkoleo-com-timeline-post-2009-3"",""page:https-www-klkoleo-com-timeline-post-2009-6""]",0,False,True,Not matched to a WordPress media-library record
asset:crawl-5c5dd2873d2b,https://www.klkoleo.com/wp-content/uploads/2020/04/milestone-2009-02-square-150x150.jpg,image,,,,,"2009

					收购Zoop的生物柴油厂（更名为吉隆坡甲洞生物能源私人有限公司）。",unclassified_crawl_asset,linked_to_in_scope_content,"[""page:https-www-klkoleo-com-timeline-post-2009-2"",""page:https-www-klkoleo-com-timeline-post-2009-3"",""page:https-www-klkoleo-com-timeline-post-2009-6""]",0,False,True,Not matched to a WordPress media-library record
asset:crawl-d87e0b4b2c24,https://www.klkoleo.com/wp-content/uploads/2020/04/milestone-2009-02-square-300x300.jpg,image,,,,,"2009

					收购Zoop的生物柴油厂（更名为吉隆坡甲洞生物能源私人有限公司）。",unclassified_crawl_asset,linked_to_in_scope_content,"[""page:https-www-klkoleo-com-timeline-post-2009-2"",""page:https-www-klkoleo-com-timeline-post-2009-3"",""page:https-www-klkoleo-com-timeline-post-2009-6""]",0,False,True,Not matched to a WordPress media-library record
asset:crawl-7c234d41fc1e,https://www.klkoleo.com/wp-content/uploads/2020/04/milestone-2009-02-square.jpg,image,,,,2009,"2009
									
							
											Acquisition of Zoop’s biodiesel plant (renamed as KLK Bioenergy).",unclassified_crawl_asset,linked_to_in_scope_content,"[""page:https-www-klkoleo-com-history-milestones"",""page:https-www-klkoleo-com-timeline-post-2009-2"",""page:https-www-klkoleo-com-timeline-post-2009-3"",""page:https-www-klkoleo-com-timeline-post-2009-6""]",0,False,True,Not matched to a WordPress media-library record
asset:crawl-67c556dcf0d6,https://www.klkoleo.com/wp-content/uploads/2020/04/milestone-2010-square-100x100.jpg,image,,,,,"2010

										Expansion of KLK OLEO’s footprint in Europe through the acquisition of Croda Emmerich, Germany (renamed as KLK Emmerich).",unclassified_crawl_asset,linked_to_in_scope_content,"[""page:https-www-klkoleo-com-timeline-post-2010"",""page:https-www-klkoleo-com-timeline-post-2010-2"",""page:https-www-klkoleo-com-timeline-post-2010-3""]",0,False,True,Not matched to a WordPress media-library record
asset:crawl-58bc15483a5f,https://www.klkoleo.com/wp-content/uploads/2020/04/milestone-2010-square-150x150.jpg,image,,,,,"2010

										Expansion of KLK OLEO’s footprint in Europe through the acquisition of Croda Emmerich, Germany (renamed as KLK Emmerich).",unclassified_crawl_asset,linked_to_in_scope_content,"[""page:https-www-klkoleo-com-timeline-post-2010"",""page:https-www-klkoleo-com-timeline-post-2010-2"",""page:https-www-klkoleo-com-timeline-post-2010-3""]",0,False,True,Not matched to a WordPress media-library record
asset:crawl-2ec252adefe7,https://www.klkoleo.com/wp-content/uploads/2020/04/milestone-2010-square-300x300.jpg,image,,,,,"2010

										Expansion of KLK OLEO’s footprint in Europe through the acquisition of Croda Emmerich, Germany (renamed as KLK Emmerich).",unclassified_crawl_asset,linked_to_in_scope_content,"[""page:https-www-klkoleo-com-timeline-post-2010"",""page:https-www-klkoleo-com-timeline-post-2010-2"",""page:https-www-klkoleo-com-timeline-post-2010-3""]",0,False,True,Not matched to a WordPress media-library record
asset:crawl-3f652649ddd3,https://www.klkoleo.com/wp-content/uploads/2020/04/milestone-2010-square.jpg,image,,,,2010,"2010
									
							
											Expansion of KLK OLEO’s footprint in Europe through the acquisition of Croda Emmerich, Germany (renamed as KLK Emmerich).",unclassified_crawl_asset,linked_to_in_scope_content,"[""page:https-www-klkoleo-com-history-milestones"",""page:https-www-klkoleo-com-timeline-post-2010"",""page:https-www-klkoleo-com-timeline-post-2010-2"",""page:https-www-klkoleo-com-timeline-post-2010-3""]",0,False,True,Not matched to a WordPress media-library record
asset:crawl-6622b26dc930,https://www.klkoleo.com/wp-content/uploads/2020/04/milestone-2011-square-100x100.jpg,image,,,,,"2011

										在印度尼西亚建设KLK Dumai设施，进一步提升了集团的整体脂肪酸和甘油生产能力。",unclassified_crawl_asset,linked_to_in_scope_content,"[""page:https-www-klkoleo-com-timeline-post-2011"",""page:https-www-klkoleo-com-timeline-post-2011-2"",""page:https-www-klkoleo-com-timeline-post-2011-3""]",0,False,True,Not matched to a WordPress media-library record
asset:crawl-275d9a7dee11,https://www.klkoleo.com/wp-content/uploads/2020/04/milestone-2011-square-150x150.jpg,image,,,,,"2011

										在印度尼西亚建设KLK Dumai设施，进一步提升了集团的整体脂肪酸和甘油生产能力。",unclassified_crawl_asset,linked_to_in_scope_content,"[""page:https-www-klkoleo-com-timeline-post-2011"",""page:https-www-klkoleo-com-timeline-post-2011-2"",""page:https-www-klkoleo-com-timeline-post-2011-3""]",0,False,True,Not matched to a WordPress media-library record
asset:crawl-caf99266071f,https://www.klkoleo.com/wp-content/uploads/2020/04/milestone-2011-square-300x300.jpg,image,,,,,"2011

										在印度尼西亚建设KLK Dumai设施，进一步提升了集团的整体脂肪酸和甘油生产能力。",unclassified_crawl_asset,linked_to_in_scope_content,"[""page:https-www-klkoleo-com-timeline-post-2011"",""page:https-www-klkoleo-com-timeline-post-2011-2"",""page:https-www-klkoleo-com-timeline-post-2011-3""]",0,False,True,Not matched to a WordPress media-library record
asset:crawl-bb6c054fc7ed,https://www.klkoleo.com/wp-content/uploads/2020/04/milestone-2011-square.jpg,image,,,,2011,"2011
									
							
											Construction of KLK Dumai facility in Indonesia, further added to the Group’s overall Fatty Acids and Glycerine production capability.",unclassified_crawl_asset,linked_to_in_scope_content,"[""page:https-www-klkoleo-com-history-milestones"",""page:https-www-klkoleo-com-timeline-post-2011"",""page:https-www-klkoleo-com-timeline-post-2011-2"",""page:https-www-klkoleo-com-timeline-post-2011-3""]",0,False,True,Not matched to a WordPress media-library record
asset:crawl-ce42dbfd071a,https://www.klkoleo.com/wp-content/uploads/2020/04/milestone-2014-square-100x100.jpg,image,,,,,"2014

					收购比利时的硫磺生产商TensaChem（改名为KLK TensaChem），以补充欧洲业务的下游业务。",unclassified_crawl_asset,linked_to_in_scope_content,"[""page:https-www-klkoleo-com-timeline-post-2014"",""page:https-www-klkoleo-com-timeline-post-2014-2"",""page:https-www-klkoleo-com-timeline-post-2014-3""]",0,False,True,Not matched to a WordPress media-library record
asset:crawl-0a0ae5fc014a,https://www.klkoleo.com/wp-content/uploads/2020/04/milestone-2014-square-150x150.jpg,image,,,,,"2014

					收购比利时的硫磺生产商TensaChem（改名为KLK TensaChem），以补充欧洲业务的下游业务。",unclassified_crawl_asset,linked_to_in_scope_content,"[""page:https-www-klkoleo-com-timeline-post-2014"",""page:https-www-klkoleo-com-timeline-post-2014-2"",""page:https-www-klkoleo-com-timeline-post-2014-3""]",0,False,True,Not matched to a WordPress media-library record
asset:crawl-c6ac1a801c62,https://www.klkoleo.com/wp-content/uploads/2020/04/milestone-2014-square-300x300.jpg,image,,,,,"2014

					收购比利时的硫磺生产商TensaChem（改名为KLK TensaChem），以补充欧洲业务的下游业务。",unclassified_crawl_asset,linked_to_in_scope_content,"[""page:https-www-klkoleo-com-timeline-post-2014"",""page:https-www-klkoleo-com-timeline-post-2014-2"",""page:https-www-klkoleo-com-timeline-post-2014-3""]",0,False,True,Not matched to a WordPress media-library record
asset:crawl-bf156ea9d401,https://www.klkoleo.com/wp-content/uploads/2020/04/milestone-2014-square.jpg,image,,,,,"2014

					收购比利时的硫磺生产商TensaChem（改名为KLK TensaChem），以补充欧洲业务的下游业务。",unclassified_crawl_asset,linked_to_in_scope_content,"[""page:https-www-klkoleo-com-timeline-post-2014"",""page:https-www-klkoleo-com-timeline-post-2014-2"",""page:https-www-klkoleo-com-timeline-post-2014-3""]",0,False,True,Not matched to a WordPress media-library record
asset:crawl-ed85c86c6c2a,https://www.klkoleo.com/wp-content/uploads/2020/04/milestone-2015-square-100x100.jpg,image,,,,,"2015

										收购Emery公司在杜塞尔多夫的油化学基地，以补充集团现有的脂肪酸和甘油业务。",unclassified_crawl_asset,linked_to_in_scope_content,"[""page:https-www-klkoleo-com-timeline-post-2015"",""page:https-www-klkoleo-com-timeline-post-2015-2"",""page:https-www-klkoleo-com-timeline-post-2015-3""]",0,False,True,Not matched to a WordPress media-library record
asset:crawl-fc733da86e52,https://www.klkoleo.com/wp-content/uploads/2020/04/milestone-2015-square-150x150.jpg,image,,,,,"2015

										收购Emery公司在杜塞尔多夫的油化学基地，以补充集团现有的脂肪酸和甘油业务。",unclassified_crawl_asset,linked_to_in_scope_content,"[""page:https-www-klkoleo-com-timeline-post-2015"",""page:https-www-klkoleo-com-timeline-post-2015-2"",""page:https-www-klkoleo-com-timeline-post-2015-3""]",0,False,True,Not matched to a WordPress media-library record
asset:crawl-e30bf13c50a1,https://www.klkoleo.com/wp-content/uploads/2020/04/milestone-2015-square-300x300.jpg,image,,,,,"2015

										收购Emery公司在杜塞尔多夫的油化学基地，以补充集团现有的脂肪酸和甘油业务。",unclassified_crawl_asset,linked_to_in_scope_content,"[""page:https-www-klkoleo-com-timeline-post-2015"",""page:https-www-klkoleo-com-timeline-post-2015-2"",""page:https-www-klkoleo-com-timeline-post-2015-3""]",0,False,True,Not matched to a WordPress media-library record
asset:crawl-c4137dcd93d6,https://www.klkoleo.com/wp-content/uploads/2020/04/milestone-2015-square.jpg,image,,,,,"2015

										收购Emery公司在杜塞尔多夫的油化学基地，以补充集团现有的脂肪酸和甘油业务。",unclassified_crawl_asset,linked_to_in_scope_content,"[""page:https-www-klkoleo-com-timeline-post-2015"",""page:https-www-klkoleo-com-timeline-post-2015-2"",""page:https-www-klkoleo-com-timeline-post-2015-3""]",0,False,True,Not matched to a WordPress media-library record
asset:crawl-955e971a55df,https://www.klkoleo.com/wp-content/uploads/2020/06/cr-communityt-01-300x200.jpg,image,,,,,"社区

										在KLK，我们的价值观和关爱文化代代相传，并深植于我们的企业基因中。本着关爱和分享的精神，我们向各个社区的弱势群体伸出援手。我们将努力改善我们业务所在地区的社区生计。",unclassified_crawl_asset,linked_to_in_scope_content,"[""page:https-www-klkoleo-com-timeline-post-community"",""page:https-www-klkoleo-com-timeline-post-e7-a4-be-e5-8c-ba"",""page:https-www-klkoleo-com-timeline-post-gesellschaft""]",0,False,True,Not matched to a WordPress media-library record
asset:crawl-08c7be6ab5fa,https://www.klkoleo.com/wp-content/uploads/2020/06/cr-communityt-01.jpg,image,,,,Community,"Community
																	
														
								Care for People							
						

													
																	At KLK, our values and the culture of caring continues through the generations and is embedded in our corporate DNA. In the spirit of caring and sharing, we reach out and engage the less fortunate in various communities. We will endeavor to improve the livelihoods of the communities in areas where we operate.",unclassified_crawl_asset,linked_to_in_scope_content,"[""page:https-www-klkoleo-com-corporate-responsibility"",""page:https-www-klkoleo-com-timeline-post-community"",""page:https-www-klkoleo-com-timeline-post-e7-a4-be-e5-8c-ba"",""page:https-www-klkoleo-com-timeline-post-gesellschaft""]",0,False,True,Not matched to a WordPress media-library record
asset:crawl-26a11fd0a345,https://www.klkoleo.com/wp-content/uploads/2020/06/cr-education-01-300x200.jpg,image,,,,,"教育

					我们相信，教育是积极推动社区未来改变和转型的重要因素。因此，我们寻求在我们开展业务的地区为那些可能无法获得此类机会的人和社区创造适当的教育机会和途径。",unclassified_crawl_asset,linked_to_in_scope_content,"[""page:https-www-klkoleo-com-timeline-post-bildung"",""page:https-www-klkoleo-com-timeline-post-e6-95-99-e8-82-b2"",""page:https-www-klkoleo-com-timeline-post-education""]",0,False,True,Not matched to a WordPress media-library record
asset:crawl-c1d30bb2e662,https://www.klkoleo.com/wp-content/uploads/2020/06/cr-education-01.jpg,image,,,,Education,"Education
																	
														
								Empowerment Through Education							
						

													
																	We believe that education is an important catalyst for positive change and transform the future of the community. As such, we seek to create appropriate education inroads and pathways in the areas where we operate for people and communities who may not be fortunate enough to have access to such opportunities.",unclassified_crawl_asset,linked_to_in_scope_content,"[""page:https-www-klkoleo-com-corporate-responsibility"",""page:https-www-klkoleo-com-timeline-post-bildung"",""page:https-www-klkoleo-com-timeline-post-e6-95-99-e8-82-b2"",""page:https-www-klkoleo-com-timeline-post-education""]",0,False,True,Not matched to a WordPress media-library record
asset:crawl-a2be4e649d8d,https://www.klkoleo.com/wp-content/uploads/2020/06/cr-employeest-01-300x200.jpg,image,,,,,"员工

										员工是我们最宝贵的财富之一，他们的健康和福祉仍然是我们的首要任务。我们的目标是支持我们的员工成为最好的人，为他们提供环境和机会，鼓励并使他们过上健康的生活方式。",unclassified_crawl_asset,linked_to_in_scope_content,"[""page:https-www-klkoleo-com-timeline-post-angestellte"",""page:https-www-klkoleo-com-timeline-post-e5-91-98-e5-b7-a5"",""page:https-www-klkoleo-com-timeline-post-employees""]",0,False,True,Not matched to a WordPress media-library record
asset:crawl-8d5c21539405,https://www.klkoleo.com/wp-content/uploads/2020/06/cr-employeest-01.jpg,image,,,,Employees,"Employees
																	
														
								Health and Wellbeing							
						

													
																	Employees are one of our greatest assets and their health and wellbeing remain our top priority. We aim to support our employees to be the best they can be by providing them an environment and opportunities that encourage and enable them to lead a healthy lifestyle.",unclassified_crawl_asset,linked_to_in_scope_content,"[""page:https-www-klkoleo-com-corporate-responsibility"",""page:https-www-klkoleo-com-timeline-post-angestellte"",""page:https-www-klkoleo-com-timeline-post-e5-91-98-e5-b7-a5"",""page:https-www-klkoleo-com-timeline-post-employees""]",0,False,True,Not matched to a WordPress media-library record
asset:crawl-4d05205e1929,https://www.klkoleo.com/wp-content/uploads/2020/06/cr-environment-01-300x200.jpg,image,,,,,"环境

										我们非常重视对环境的保护，这体现在我们的核心业务实践和政策中。我们坚信，我们的生计取决于我们和我们的子孙后代是否拥有一个更健康、更宜居的世界。",unclassified_crawl_asset,linked_to_in_scope_content,"[""page:https-www-klkoleo-com-timeline-post-e7-8e-af-e5-a2-83"",""page:https-www-klkoleo-com-timeline-post-environment"",""page:https-www-klkoleo-com-timeline-post-umwelt""]",0,False,True,Not matched to a WordPress media-library record
asset:crawl-5583c3cab649,https://www.klkoleo.com/wp-content/uploads/2020/06/cr-environment-01.jpg,image,,,,Environment,"Environment
																	
														
								Harmony with Nature							
						

													
																	We place great importance on the protection and preservation of the environment and this is reflected in our core business practices and policies. We strongly believe that our livelihoods depend on a healthier, more livable world for us and our future generations.",unclassified_crawl_asset,linked_to_in_scope_content,"[""page:https-www-klkoleo-com-corporate-responsibility"",""page:https-www-klkoleo-com-timeline-post-e7-8e-af-e5-a2-83"",""page:https-www-klkoleo-com-timeline-post-environment"",""page:https-www-klkoleo-com-timeline-post-umwelt""]",0,False,True,Not matched to a WordPress media-library record
asset:crawl-e37f0714866d,https://www.klkoleo.com/wp-content/uploads/2020/11/news-n-events-press-release-20201107-100x100.jpg,image,,,,,"Press Release: Peng Soon-Liu Ying Receive Support from KLK to Pursue Their Olympic Dream
										07 Nov 2020
										Kuala Lumpur Kepong Berhad (“KLK”), one of the leading plantation companies in Malaysia announces its sponsorship of World rank No 7 Badminton Mixed Doubles, Chan […]
										Know More",unclassified_crawl_asset,linked_to_in_scope_content,"[""page:https-www-klkoleo-com-archive-by-year-2020""]",0,False,True,Not matched to a WordPress media-library record
asset:crawl-641140e671e9,https://www.klkoleo.com/wp-content/uploads/2020/11/news-n-events-press-release-20201107-150x150.jpg,image,,,,,"Press Release: Peng Soon-Liu Ying Receive Support from KLK to Pursue Their Olympic Dream
										07 Nov 2020
										Kuala Lumpur Kepong Berhad (“KLK”), one of the leading plantation companies in Malaysia announces its sponsorship of World rank No 7 Badminton Mixed Doubles, Chan […]
										Know More",unclassified_crawl_asset,linked_to_in_scope_content,"[""page:https-www-klkoleo-com-archive-by-year-2020""]",0,False,True,Not matched to a WordPress media-library record
asset:crawl-0dec3777900a,https://www.klkoleo.com/wp-content/uploads/2020/11/news-n-events-press-release-20201107-300x300.jpg,image,,,,,"Press Release: Peng Soon-Liu Ying Receive Support from KLK to Pursue Their Olympic Dream
										07 Nov 2020
										Kuala Lumpur Kepong Berhad (“KLK”), one of the leading plantation companies in Malaysia announces its sponsorship of World rank No 7 Badminton Mixed Doubles, Chan […]
										Know More",unclassified_crawl_asset,linked_to_in_scope_content,"[""page:https-www-klkoleo-com-archive-by-year-2020""]",0,False,True,Not matched to a WordPress media-library record
asset:crawl-03f5b30926e9,https://www.klkoleo.com/wp-content/uploads/2020/11/news-n-events-press-release-20201107-img02.jpg,image,,,,,"Kuala Lumpur Kepong Berhad (“KLK”), one of the leading plantation companies in Malaysia announces its sponsorship of World rank No 7 Badminton Mixed Doubles, Chan Peng Soon and Goh Liu Ying.
The sponsorship, in line with its corporate responsibility effort to promote harmonious culture through sports as well as to support our nation’s pursuit for global sports excellence, it is hoped that the Rio silver medallists duo will continue to bring all Malaysians together and make the country proud when chasing their Tokyo Olympics dream.
KLK executive director Lee Jia Zhang said in a statement that, “We understand that the COVID-19 pandemic has changed many of our lives, we are humbled to be able to help ease the financial woes for our Malaysian Mixed Doubles during this difficult period. We hope that with our sponsorship, Peng Soon-Liu Ying can focus and be better prepared for the Games.”
The Tokyo Olympics was deferred for one-year to July 23 – Aug 8 in 2021 due to the pandemic. Although Peng Soon-Liu Ying had forgo the two Denmark Opens in October 2020, they are looking at making a return early next year for the two BWF Opens in Asia. The world No. 7 duo need to stay within the top 16 until next year to qualify for Tokyo Olympics 2021.
Chan Peng Soon has expressed his gratitude to KLK for the support given to Goh Liu Ying and him. “The deferment of this year’s Olympics also meant that we will need to continue to train to maintain our physical form for another 12 months, in which this will require extra financial expenses. Thank you KLK for coming forward to support us during this difficult time as it is not easy to find support and sponsorship during the COVID-19 pandemic”, said Chan.
“The money will help us cover the travel expenses for our future tournaments. We can now focus on qualifying for the Tokyo Olympics and hopefully achieve a better result for Malaysia”, said Liu Ying.
Since turning Pro as independent players, Peng Soon-Liu Ying have done well by winning the 2019 Thailand Masters and New Zealand Open.
The announcement also sees Peng Soon-Liu Ying become the first brand ambassadors for KLK’s DavosLife E3 Complete, a natural Vitamin E dietary supplement comprising Tocotrienols and alpha tocopherol derived from palm fruits. It is formulated for high bio-absorption and suitable for adults with busy lifestyle and elderly with symptoms of tiredness. Tocotrienols as an antioxidant is beneficial at neutralizing free radicals and may help support overall wellness and vitality and boost healthier body.
(From left) Jimmy Yow, Head of Sales and Marketing of KLK OLEO, Goh Liu Ying, Eric Tan, Senior Manager, Sales and Marketing of KLK Land, Chan Peng Soon and Lee Jia Zhang, Executive Director of KLK at the official signing ceremony
Apart from continued training, Peng Soon and Liu Ying also taking natural supplements to help increase sport endurance
Peng Soon and Liu Ying are the first Brand ambassadors for KLK’s DavosLife E3 Complete, a natural Vitamin E dietary supplement
Also featured in The Star and Ipoh Echo.",unclassified_crawl_asset,linked_to_in_scope_content,"[""page:https-www-klkoleo-com-news-media-press-release-peng-soon-liu-ying-receive-support-from-klk-to-pursue-their-olympic-dream""]",0,False,True,Not matched to a WordPress media-library record
asset:crawl-4283fe71d1d4,https://www.klkoleo.com/wp-content/uploads/2020/11/news-n-events-press-release-20201107-img03-300x210.jpg,image,,,,,"Kuala Lumpur Kepong Berhad (“KLK”), one of the leading plantation companies in Malaysia announces its sponsorship of World rank No 7 Badminton Mixed Doubles, Chan Peng Soon and Goh Liu Ying.
The sponsorship, in line with its corporate responsibility effort to promote harmonious culture through sports as well as to support our nation’s pursuit for global sports excellence, it is hoped that the Rio silver medallists duo will continue to bring all Malaysians together and make the country proud when chasing their Tokyo Olympics dream.
KLK executive director Lee Jia Zhang said in a statement that, “We understand that the COVID-19 pandemic has changed many of our lives, we are humbled to be able to help ease the financial woes for our Malaysian Mixed Doubles during this difficult period. We hope that with our sponsorship, Peng Soon-Liu Ying can focus and be better prepared for the Games.”
The Tokyo Olympics was deferred for one-year to July 23 – Aug 8 in 2021 due to the pandemic. Although Peng Soon-Liu Ying had forgo the two Denmark Opens in October 2020, they are looking at making a return early next year for the two BWF Opens in Asia. The world No. 7 duo need to stay within the top 16 until next year to qualify for Tokyo Olympics 2021.
Chan Peng Soon has expressed his gratitude to KLK for the support given to Goh Liu Ying and him. “The deferment of this year’s Olympics also meant that we will need to continue to train to maintain our physical form for another 12 months, in which this will require extra financial expenses. Thank you KLK for coming forward to support us during this difficult time as it is not easy to find support and sponsorship during the COVID-19 pandemic”, said Chan.
“The money will help us cover the travel expenses for our future tournaments. We can now focus on qualifying for the Tokyo Olympics and hopefully achieve a better result for Malaysia”, said Liu Ying.
Since turning Pro as independent players, Peng Soon-Liu Ying have done well by winning the 2019 Thailand Masters and New Zealand Open.
The announcement also sees Peng Soon-Liu Ying become the first brand ambassadors for KLK’s DavosLife E3 Complete, a natural Vitamin E dietary supplement comprising Tocotrienols and alpha tocopherol derived from palm fruits. It is formulated for high bio-absorption and suitable for adults with busy lifestyle and elderly with symptoms of tiredness. Tocotrienols as an antioxidant is beneficial at neutralizing free radicals and may help support overall wellness and vitality and boost healthier body.
(From left) Jimmy Yow, Head of Sales and Marketing of KLK OLEO, Goh Liu Ying, Eric Tan, Senior Manager, Sales and Marketing of KLK Land, Chan Peng Soon and Lee Jia Zhang, Executive Director of KLK at the official signing ceremony
Apart from continued training, Peng Soon and Liu Ying also taking natural supplements to help increase sport endurance
Peng Soon and Liu Ying are the first Brand ambassadors for KLK’s DavosLife E3 Complete, a natural Vitamin E dietary supplement
Also featured in The Star and Ipoh Echo.",unclassified_crawl_asset,linked_to_in_scope_content,"[""page:https-www-klkoleo-com-news-media-press-release-peng-soon-liu-ying-receive-support-from-klk-to-pursue-their-olympic-dream""]",0,False,True,Not matched to a WordPress media-library record
asset:crawl-98da316f4d02,https://www.klkoleo.com/wp-content/uploads/2020/11/news-n-events-press-release-20201107-img03-600x420.jpg,image,,,,,"Kuala Lumpur Kepong Berhad (“KLK”), one of the leading plantation companies in Malaysia announces its sponsorship of World rank No 7 Badminton Mixed Doubles, Chan Peng Soon and Goh Liu Ying.
The sponsorship, in line with its corporate responsibility effort to promote harmonious culture through sports as well as to support our nation’s pursuit for global sports excellence, it is hoped that the Rio silver medallists duo will continue to bring all Malaysians together and make the country proud when chasing their Tokyo Olympics dream.
KLK executive director Lee Jia Zhang said in a statement that, “We understand that the COVID-19 pandemic has changed many of our lives, we are humbled to be able to help ease the financial woes for our Malaysian Mixed Doubles during this difficult period. We hope that with our sponsorship, Peng Soon-Liu Ying can focus and be better prepared for the Games.”
The Tokyo Olympics was deferred for one-year to July 23 – Aug 8 in 2021 due to the pandemic. Although Peng Soon-Liu Ying had forgo the two Denmark Opens in October 2020, they are looking at making a return early next year for the two BWF Opens in Asia. The world No. 7 duo need to stay within the top 16 until next year to qualify for Tokyo Olympics 2021.
Chan Peng Soon has expressed his gratitude to KLK for the support given to Goh Liu Ying and him. “The deferment of this year’s Olympics also meant that we will need to continue to train to maintain our physical form for another 12 months, in which this will require extra financial expenses. Thank you KLK for coming forward to support us during this difficult time as it is not easy to find support and sponsorship during the COVID-19 pandemic”, said Chan.
“The money will help us cover the travel expenses for our future tournaments. We can now focus on qualifying for the Tokyo Olympics and hopefully achieve a better result for Malaysia”, said Liu Ying.
Since turning Pro as independent players, Peng Soon-Liu Ying have done well by winning the 2019 Thailand Masters and New Zealand Open.
The announcement also sees Peng Soon-Liu Ying become the first brand ambassadors for KLK’s DavosLife E3 Complete, a natural Vitamin E dietary supplement comprising Tocotrienols and alpha tocopherol derived from palm fruits. It is formulated for high bio-absorption and suitable for adults with busy lifestyle and elderly with symptoms of tiredness. Tocotrienols as an antioxidant is beneficial at neutralizing free radicals and may help support overall wellness and vitality and boost healthier body.
(From left) Jimmy Yow, Head of Sales and Marketing of KLK OLEO, Goh Liu Ying, Eric Tan, Senior Manager, Sales and Marketing of KLK Land, Chan Peng Soon and Lee Jia Zhang, Executive Director of KLK at the official signing ceremony
Apart from continued training, Peng Soon and Liu Ying also taking natural supplements to help increase sport endurance
Peng Soon and Liu Ying are the first Brand ambassadors for KLK’s DavosLife E3 Complete, a natural Vitamin E dietary supplement
Also featured in The Star and Ipoh Echo.",unclassified_crawl_asset,linked_to_in_scope_content,"[""page:https-www-klkoleo-com-news-media-press-release-peng-soon-liu-ying-receive-support-from-klk-to-pursue-their-olympic-dream""]",0,False,True,Not matched to a WordPress media-library record
asset:crawl-098ce1d6f49c,https://www.klkoleo.com/wp-content/uploads/2020/11/news-n-events-press-release-20201107-img03-768x538.jpg,image,,,,,"Kuala Lumpur Kepong Berhad (“KLK”), one of the leading plantation companies in Malaysia announces its sponsorship of World rank No 7 Badminton Mixed Doubles, Chan Peng Soon and Goh Liu Ying.
The sponsorship, in line with its corporate responsibility effort to promote harmonious culture through sports as well as to support our nation’s pursuit for global sports excellence, it is hoped that the Rio silver medallists duo will continue to bring all Malaysians together and make the country proud when chasing their Tokyo Olympics dream.
KLK executive director Lee Jia Zhang said in a statement that, “We understand that the COVID-19 pandemic has changed many of our lives, we are humbled to be able to help ease the financial woes for our Malaysian Mixed Doubles during this difficult period. We hope that with our sponsorship, Peng Soon-Liu Ying can focus and be better prepared for the Games.”
The Tokyo Olympics was deferred for one-year to July 23 – Aug 8 in 2021 due to the pandemic. Although Peng Soon-Liu Ying had forgo the two Denmark Opens in October 2020, they are looking at making a return early next year for the two BWF Opens in Asia. The world No. 7 duo need to stay within the top 16 until next year to qualify for Tokyo Olympics 2021.
Chan Peng Soon has expressed his gratitude to KLK for the support given to Goh Liu Ying and him. “The deferment of this year’s Olympics also meant that we will need to continue to train to maintain our physical form for another 12 months, in which this will require extra financial expenses. Thank you KLK for coming forward to support us during this difficult time as it is not easy to find support and sponsorship during the COVID-19 pandemic”, said Chan.
“The money will help us cover the travel expenses for our future tournaments. We can now focus on qualifying for the Tokyo Olympics and hopefully achieve a better result for Malaysia”, said Liu Ying.
Since turning Pro as independent players, Peng Soon-Liu Ying have done well by winning the 2019 Thailand Masters and New Zealand Open.
The announcement also sees Peng Soon-Liu Ying become the first brand ambassadors for KLK’s DavosLife E3 Complete, a natural Vitamin E dietary supplement comprising Tocotrienols and alpha tocopherol derived from palm fruits. It is formulated for high bio-absorption and suitable for adults with busy lifestyle and elderly with symptoms of tiredness. Tocotrienols as an antioxidant is beneficial at neutralizing free radicals and may help support overall wellness and vitality and boost healthier body.
(From left) Jimmy Yow, Head of Sales and Marketing of KLK OLEO, Goh Liu Ying, Eric Tan, Senior Manager, Sales and Marketing of KLK Land, Chan Peng Soon and Lee Jia Zhang, Executive Director of KLK at the official signing ceremony
Apart from continued training, Peng Soon and Liu Ying also taking natural supplements to help increase sport endurance
Peng Soon and Liu Ying are the first Brand ambassadors for KLK’s DavosLife E3 Complete, a natural Vitamin E dietary supplement
Also featured in The Star and Ipoh Echo.",unclassified_crawl_asset,linked_to_in_scope_content,"[""page:https-www-klkoleo-com-news-media-press-release-peng-soon-liu-ying-receive-support-from-klk-to-pursue-their-olympic-dream""]",0,False,True,Not matched to a WordPress media-library record
asset:crawl-f24bd5054150,https://www.klkoleo.com/wp-content/uploads/2020/11/news-n-events-press-release-20201107-img03.jpg,image,,,,,"Kuala Lumpur Kepong Berhad (“KLK”), one of the leading plantation companies in Malaysia announces its sponsorship of World rank No 7 Badminton Mixed Doubles, Chan Peng Soon and Goh Liu Ying.
The sponsorship, in line with its corporate responsibility effort to promote harmonious culture through sports as well as to support our nation’s pursuit for global sports excellence, it is hoped that the Rio silver medallists duo will continue to bring all Malaysians together and make the country proud when chasing their Tokyo Olympics dream.
KLK executive director Lee Jia Zhang said in a statement that, “We understand that the COVID-19 pandemic has changed many of our lives, we are humbled to be able to help ease the financial woes for our Malaysian Mixed Doubles during this difficult period. We hope that with our sponsorship, Peng Soon-Liu Ying can focus and be better prepared for the Games.”
The Tokyo Olympics was deferred for one-year to July 23 – Aug 8 in 2021 due to the pandemic. Although Peng Soon-Liu Ying had forgo the two Denmark Opens in October 2020, they are looking at making a return early next year for the two BWF Opens in Asia. The world No. 7 duo need to stay within the top 16 until next year to qualify for Tokyo Olympics 2021.
Chan Peng Soon has expressed his gratitude to KLK for the support given to Goh Liu Ying and him. “The deferment of this year’s Olympics also meant that we will need to continue to train to maintain our physical form for another 12 months, in which this will require extra financial expenses. Thank you KLK for coming forward to support us during this difficult time as it is not easy to find support and sponsorship during the COVID-19 pandemic”, said Chan.
“The money will help us cover the travel expenses for our future tournaments. We can now focus on qualifying for the Tokyo Olympics and hopefully achieve a better result for Malaysia”, said Liu Ying.
Since turning Pro as independent players, Peng Soon-Liu Ying have done well by winning the 2019 Thailand Masters and New Zealand Open.
The announcement also sees Peng Soon-Liu Ying become the first brand ambassadors for KLK’s DavosLife E3 Complete, a natural Vitamin E dietary supplement comprising Tocotrienols and alpha tocopherol derived from palm fruits. It is formulated for high bio-absorption and suitable for adults with busy lifestyle and elderly with symptoms of tiredness. Tocotrienols as an antioxidant is beneficial at neutralizing free radicals and may help support overall wellness and vitality and boost healthier body.
(From left) Jimmy Yow, Head of Sales and Marketing of KLK OLEO, Goh Liu Ying, Eric Tan, Senior Manager, Sales and Marketing of KLK Land, Chan Peng Soon and Lee Jia Zhang, Executive Director of KLK at the official signing ceremony
Apart from continued training, Peng Soon and Liu Ying also taking natural supplements to help increase sport endurance
Peng Soon and Liu Ying are the first Brand ambassadors for KLK’s DavosLife E3 Complete, a natural Vitamin E dietary supplement
Also featured in The Star and Ipoh Echo.",unclassified_crawl_asset,linked_to_in_scope_content,"[""page:https-www-klkoleo-com-news-media-press-release-peng-soon-liu-ying-receive-support-from-klk-to-pursue-their-olympic-dream""]",0,False,True,Not matched to a WordPress media-library record
asset:crawl-03532aee9bab,https://www.klkoleo.com/wp-content/uploads/2020/11/news-n-events-press-release-20201107.jpg,image,,,,,"Press Release: Peng Soon-Liu Ying Receive Support from KLK to Pursue Their Olympic Dream
										07 Nov 2020
										Kuala Lumpur Kepong Berhad (“KLK”), one of the leading plantation companies in Malaysia announces its sponsorship of World rank No 7 Badminton Mixed Doubles, Chan […]
										Know More",unclassified_crawl_asset,linked_to_in_scope_content,"[""page:https-www-klkoleo-com-archive-by-year-2020""]",0,False,True,Not matched to a WordPress media-library record
asset:crawl-13f203e93ba5,https://www.klkoleo.com/wp-content/uploads/2021/04/Surfactant-03.png,image,,,,KLKOM Surfactant,"New Surfactants from KLKOM’s Sulphation Plants
										05 Apr 2021
										KL-Kepong Oleomas Sdn Bhd (“KLKOM”) has successfully added Sodium Lauryl Sulphate (“SLS”) and Sodium Lauryl Ether Sulphate (“SLES”) into their product portfolio since the first […]
										Know More",unclassified_crawl_asset,linked_to_in_scope_content,"[""page:https-www-klkoleo-com-archive-by-year-2021""]",0,False,True,Not matched to a WordPress media-library record
asset:crawl-24fe73da87ec,https://www.klkoleo.com/wp-content/uploads/2021/05/2020-IncosGlobal1-100x100.jpg,image,,,,,"KLK OLEO Invites you to in-cosmetics Global 2020
										05 Feb 2020
										Download e-invite Did you know that in-cosmetics Global is coming up in March? If you or your formulators are attending, I’d like to invite you […]
										Know More",unclassified_crawl_asset,linked_to_in_scope_content,"[""page:https-www-klkoleo-com-archive-by-year-2020""]",0,False,True,Not matched to a WordPress media-library record
asset:crawl-d637ce15031d,https://www.klkoleo.com/wp-content/uploads/2021/05/2020-IncosGlobal1-150x150.jpg,image,,,,,"KLK OLEO Invites you to in-cosmetics Global 2020
										05 Feb 2020
										Download e-invite Did you know that in-cosmetics Global is coming up in March? If you or your formulators are attending, I’d like to invite you […]
										Know More",unclassified_crawl_asset,linked_to_in_scope_content,"[""page:https-www-klkoleo-com-archive-by-year-2020""]",0,False,True,Not matched to a WordPress media-library record
asset:crawl-833abcdc4d4f,https://www.klkoleo.com/wp-content/uploads/2021/05/2020-IncosGlobal1-300x300.jpg,image,,,,,"KLK OLEO Invites you to in-cosmetics Global 2020
										05 Feb 2020
										Download e-invite Did you know that in-cosmetics Global is coming up in March? If you or your formulators are attending, I’d like to invite you […]
										Know More",unclassified_crawl_asset,linked_to_in_scope_content,"[""page:https-www-klkoleo-com-archive-by-year-2020""]",0,False,True,Not matched to a WordPress media-library record
asset:crawl-2e198517c271,https://www.klkoleo.com/wp-content/uploads/2021/05/2020-IncosGlobal1.jpg,image,,,,,"KLK OLEO Invites you to in-cosmetics Global 2020
										05 Feb 2020
										Download e-invite Did you know that in-cosmetics Global is coming up in March? If you or your formulators are attending, I’d like to invite you […]
										Know More",unclassified_crawl_asset,linked_to_in_scope_content,"[""page:https-www-klkoleo-com-archive-by-year-2020""]",0,False,True,Not matched to a WordPress media-library record
asset:crawl-02e1bd1b66fa,https://www.klkoleo.com/wp-content/uploads/2021/05/KLK-OLEO-e-invite-to-Vitafoods-Virtual-Expo-2020_Final-1024x725.jpg,image,,,,,"VitaFoods Europe is the leading nutraceutical event of the year, connecting health and nutrition business leaders throughout the entire supply chain. At this year’s VitaFoods Virtual Expo, Davos Life Science will be highlighting a potential new application of Tocotrienols as a bioactive to protect the body from pollution-induced oxidative stress and low-grade chronic inflammation.
Research studies have shown that prolonged exposure to environmental air pollution can increase morbidity and mortality. Air pollution induces oxidative stress in skin, lung, vascular and heart tissue, triggering redox-sensitive pathways that lead to biological processes like inflammation and cell death.
Davos Life Science will showcase new research data demonstrating how Tocotrienols can reduce oxidative stress and inflammation markers, alongside practical demonstrations of how Tocotrienols can be incorporated into functional foods and beverages, to emphasise the applicability of Tocotrienols as a bioactive for anti-pollution. This will drive product differentiation for businesses to help them answer a growing consumer need.
Our sales representatives, Mr. Jimmy Yow and Dr. Sharon Ling will be available for pre-scheduled online meetings (via Vitafoods Virtual Expo platform) throughout 7 to 11 September 2020, so book a slot to talk to them about how Tocotrienols can be incorporated into anti-pollution formulations.
We look forward to connect with you!",unclassified_crawl_asset,linked_to_in_scope_content,"[""page:https-www-klkoleo-com-news-media-klk-oleo-invites-you-to-vitafoods-virtual-expo""]",0,False,True,Not matched to a WordPress media-library record
asset:crawl-13b362160661,https://www.klkoleo.com/wp-content/uploads/2021/05/KLK-OLEO-e-invite-to-Vitafoods-Virtual-Expo-2020_Final-1536x1087.jpg,image,,,,,"VitaFoods Europe is the leading nutraceutical event of the year, connecting health and nutrition business leaders throughout the entire supply chain. At this year’s VitaFoods Virtual Expo, Davos Life Science will be highlighting a potential new application of Tocotrienols as a bioactive to protect the body from pollution-induced oxidative stress and low-grade chronic inflammation.
Research studies have shown that prolonged exposure to environmental air pollution can increase morbidity and mortality. Air pollution induces oxidative stress in skin, lung, vascular and heart tissue, triggering redox-sensitive pathways that lead to biological processes like inflammation and cell death.
Davos Life Science will showcase new research data demonstrating how Tocotrienols can reduce oxidative stress and inflammation markers, alongside practical demonstrations of how Tocotrienols can be incorporated into functional foods and beverages, to emphasise the applicability of Tocotrienols as a bioactive for anti-pollution. This will drive product differentiation for businesses to help them answer a growing consumer need.
Our sales representatives, Mr. Jimmy Yow and Dr. Sharon Ling will be available for pre-scheduled online meetings (via Vitafoods Virtual Expo platform) throughout 7 to 11 September 2020, so book a slot to talk to them about how Tocotrienols can be incorporated into anti-pollution formulations.
We look forward to connect with you!",unclassified_crawl_asset,linked_to_in_scope_content,"[""page:https-www-klkoleo-com-news-media-klk-oleo-invites-you-to-vitafoods-virtual-expo""]",0,False,True,Not matched to a WordPress media-library record
asset:crawl-d78c736d2134,https://www.klkoleo.com/wp-content/uploads/2021/05/KLK-OLEO-e-invite-to-Vitafoods-Virtual-Expo-2020_Final-300x212.jpg,image,,,,,"VitaFoods Europe is the leading nutraceutical event of the year, connecting health and nutrition business leaders throughout the entire supply chain. At this year’s VitaFoods Virtual Expo, Davos Life Science will be highlighting a potential new application of Tocotrienols as a bioactive to protect the body from pollution-induced oxidative stress and low-grade chronic inflammation.
Research studies have shown that prolonged exposure to environmental air pollution can increase morbidity and mortality. Air pollution induces oxidative stress in skin, lung, vascular and heart tissue, triggering redox-sensitive pathways that lead to biological processes like inflammation and cell death.
Davos Life Science will showcase new research data demonstrating how Tocotrienols can reduce oxidative stress and inflammation markers, alongside practical demonstrations of how Tocotrienols can be incorporated into functional foods and beverages, to emphasise the applicability of Tocotrienols as a bioactive for anti-pollution. This will drive product differentiation for businesses to help them answer a growing consumer need.
Our sales representatives, Mr. Jimmy Yow and Dr. Sharon Ling will be available for pre-scheduled online meetings (via Vitafoods Virtual Expo platform) throughout 7 to 11 September 2020, so book a slot to talk to them about how Tocotrienols can be incorporated into anti-pollution formulations.
We look forward to connect with you!",unclassified_crawl_asset,linked_to_in_scope_content,"[""page:https-www-klkoleo-com-news-media-klk-oleo-invites-you-to-vitafoods-virtual-expo""]",0,False,True,Not matched to a WordPress media-library record
asset:crawl-28514fbe3d98,https://www.klkoleo.com/wp-content/uploads/2021/05/KLK-OLEO-e-invite-to-Vitafoods-Virtual-Expo-2020_Final-600x425.jpg,image,,,,,"VitaFoods Europe is the leading nutraceutical event of the year, connecting health and nutrition business leaders throughout the entire supply chain. At this year’s VitaFoods Virtual Expo, Davos Life Science will be highlighting a potential new application of Tocotrienols as a bioactive to protect the body from pollution-induced oxidative stress and low-grade chronic inflammation.
Research studies have shown that prolonged exposure to environmental air pollution can increase morbidity and mortality. Air pollution induces oxidative stress in skin, lung, vascular and heart tissue, triggering redox-sensitive pathways that lead to biological processes like inflammation and cell death.
Davos Life Science will showcase new research data demonstrating how Tocotrienols can reduce oxidative stress and inflammation markers, alongside practical demonstrations of how Tocotrienols can be incorporated into functional foods and beverages, to emphasise the applicability of Tocotrienols as a bioactive for anti-pollution. This will drive product differentiation for businesses to help them answer a growing consumer need.
Our sales representatives, Mr. Jimmy Yow and Dr. Sharon Ling will be available for pre-scheduled online meetings (via Vitafoods Virtual Expo platform) throughout 7 to 11 September 2020, so book a slot to talk to them about how Tocotrienols can be incorporated into anti-pollution formulations.
We look forward to connect with you!",unclassified_crawl_asset,linked_to_in_scope_content,"[""page:https-www-klkoleo-com-news-media-klk-oleo-invites-you-to-vitafoods-virtual-expo""]",0,False,True,Not matched to a WordPress media-library record
asset:crawl-24150db4f82a,https://www.klkoleo.com/wp-content/uploads/2021/05/KLK-OLEO-e-invite-to-Vitafoods-Virtual-Expo-2020_Final-768x543.jpg,image,,,,,"VitaFoods Europe is the leading nutraceutical event of the year, connecting health and nutrition business leaders throughout the entire supply chain. At this year’s VitaFoods Virtual Expo, Davos Life Science will be highlighting a potential new application of Tocotrienols as a bioactive to protect the body from pollution-induced oxidative stress and low-grade chronic inflammation.
Research studies have shown that prolonged exposure to environmental air pollution can increase morbidity and mortality. Air pollution induces oxidative stress in skin, lung, vascular and heart tissue, triggering redox-sensitive pathways that lead to biological processes like inflammation and cell death.
Davos Life Science will showcase new research data demonstrating how Tocotrienols can reduce oxidative stress and inflammation markers, alongside practical demonstrations of how Tocotrienols can be incorporated into functional foods and beverages, to emphasise the applicability of Tocotrienols as a bioactive for anti-pollution. This will drive product differentiation for businesses to help them answer a growing consumer need.
Our sales representatives, Mr. Jimmy Yow and Dr. Sharon Ling will be available for pre-scheduled online meetings (via Vitafoods Virtual Expo platform) throughout 7 to 11 September 2020, so book a slot to talk to them about how Tocotrienols can be incorporated into anti-pollution formulations.
We look forward to connect with you!",unclassified_crawl_asset,linked_to_in_scope_content,"[""page:https-www-klkoleo-com-news-media-klk-oleo-invites-you-to-vitafoods-virtual-expo""]",0,False,True,Not matched to a WordPress media-library record
asset:crawl-4ad3225490b8,https://www.klkoleo.com/wp-content/uploads/2021/05/KLK-OLEO-e-invite-to-Vitafoods-Virtual-Expo-2020_Final.jpg,image,,,,,"VitaFoods Europe is the leading nutraceutical event of the year, connecting health and nutrition business leaders throughout the entire supply chain. At this year’s VitaFoods Virtual Expo, Davos Life Science will be highlighting a potential new application of Tocotrienols as a bioactive to protect the body from pollution-induced oxidative stress and low-grade chronic inflammation.
Research studies have shown that prolonged exposure to environmental air pollution can increase morbidity and mortality. Air pollution induces oxidative stress in skin, lung, vascular and heart tissue, triggering redox-sensitive pathways that lead to biological processes like inflammation and cell death.
Davos Life Science will showcase new research data demonstrating how Tocotrienols can reduce oxidative stress and inflammation markers, alongside practical demonstrations of how Tocotrienols can be incorporated into functional foods and beverages, to emphasise the applicability of Tocotrienols as a bioactive for anti-pollution. This will drive product differentiation for businesses to help them answer a growing consumer need.
Our sales representatives, Mr. Jimmy Yow and Dr. Sharon Ling will be available for pre-scheduled online meetings (via Vitafoods Virtual Expo platform) throughout 7 to 11 September 2020, so book a slot to talk to them about how Tocotrienols can be incorporated into anti-pollution formulations.
We look forward to connect with you!",unclassified_crawl_asset,linked_to_in_scope_content,"[""page:https-www-klkoleo-com-news-media-klk-oleo-invites-you-to-vitafoods-virtual-expo""]",0,False,True,Not matched to a WordPress media-library record
asset:crawl-36e7793c0d98,https://www.klkoleo.com/wp-content/uploads/2021/05/Website-Icon-01-100x100.jpg,image,,,,,"KLK OLEO invites you to Vitafoods Virtual Expo
										18 Aug 2020
										VitaFoods Europe is the leading nutraceutical event of the year, connecting health and nutrition business leaders throughout the entire supply chain. At this year’s VitaFoods […]
										Know More",unclassified_crawl_asset,linked_to_in_scope_content,"[""page:https-www-klkoleo-com-archive-by-year-2020""]",0,False,True,Not matched to a WordPress media-library record
asset:crawl-2c1146e495ec,https://www.klkoleo.com/wp-content/uploads/2021/05/Website-Icon-01-1024x1024.jpg,image,,,,,"KLK OLEO invites you to Vitafoods Virtual Expo
										18 Aug 2020
										VitaFoods Europe is the leading nutraceutical event of the year, connecting health and nutrition business leaders throughout the entire supply chain. At this year’s VitaFoods […]
										Know More",unclassified_crawl_asset,linked_to_in_scope_content,"[""page:https-www-klkoleo-com-archive-by-year-2020""]",0,False,True,Not matched to a WordPress media-library record
asset:crawl-72cd337038fe,https://www.klkoleo.com/wp-content/uploads/2021/05/Website-Icon-01-150x150.jpg,image,,,,,"KLK OLEO invites you to Vitafoods Virtual Expo
										18 Aug 2020
										VitaFoods Europe is the leading nutraceutical event of the year, connecting health and nutrition business leaders throughout the entire supply chain. At this year’s VitaFoods […]
										Know More",unclassified_crawl_asset,linked_to_in_scope_content,"[""page:https-www-klkoleo-com-archive-by-year-2020""]",0,False,True,Not matched to a WordPress media-library record
asset:crawl-7984ff654d95,https://www.klkoleo.com/wp-content/uploads/2021/05/Website-Icon-01-300x300.jpg,image,,,,,"KLK OLEO invites you to Vitafoods Virtual Expo
										18 Aug 2020
										VitaFoods Europe is the leading nutraceutical event of the year, connecting health and nutrition business leaders throughout the entire supply chain. At this year’s VitaFoods […]
										Know More",unclassified_crawl_asset,linked_to_in_scope_content,"[""page:https-www-klkoleo-com-archive-by-year-2020""]",0,False,True,Not matched to a WordPress media-library record
asset:crawl-af9ea31287e8,https://www.klkoleo.com/wp-content/uploads/2021/05/Website-Icon-01-600x600.jpg,image,,,,,"KLK OLEO invites you to Vitafoods Virtual Expo
										18 Aug 2020
										VitaFoods Europe is the leading nutraceutical event of the year, connecting health and nutrition business leaders throughout the entire supply chain. At this year’s VitaFoods […]
										Know More",unclassified_crawl_asset,linked_to_in_scope_content,"[""page:https-www-klkoleo-com-archive-by-year-2020""]",0,False,True,Not matched to a WordPress media-library record
asset:crawl-605a7b17a2f9,https://www.klkoleo.com/wp-content/uploads/2021/05/Website-Icon-01-768x768.jpg,image,,,,,"KLK OLEO invites you to Vitafoods Virtual Expo
										18 Aug 2020
										VitaFoods Europe is the leading nutraceutical event of the year, connecting health and nutrition business leaders throughout the entire supply chain. At this year’s VitaFoods […]
										Know More",unclassified_crawl_asset,linked_to_in_scope_content,"[""page:https-www-klkoleo-com-archive-by-year-2020""]",0,False,True,Not matched to a WordPress media-library record
asset:crawl-49a803f1ebca,https://www.klkoleo.com/wp-content/uploads/2021/05/Website-Icon-01.jpg,image,,,,,"KLK OLEO invites you to Vitafoods Virtual Expo
										18 Aug 2020
										VitaFoods Europe is the leading nutraceutical event of the year, connecting health and nutrition business leaders throughout the entire supply chain. At this year’s VitaFoods […]
										Know More",unclassified_crawl_asset,linked_to_in_scope_content,"[""page:https-www-klkoleo-com-archive-by-year-2020""]",0,False,True,Not matched to a WordPress media-library record
asset:crawl-f1cb6b790225,https://www.klkoleo.com/wp-content/uploads/2021/09/news-n-events-klkoa-100x100.jpg,image,,,,,"KLK OLEO Expands Business Footprint to the Americas
										01 Mar 2021
										KLK OLEO is a global oleochemical producer with production portfolio ranges from basic oleochemical products, such as fatty acids, glycerine, fatty alcohols and fatty esters, […]
										Know More",unclassified_crawl_asset,linked_to_in_scope_content,"[""page:https-www-klkoleo-com-archive-by-year-2021""]",0,False,True,Not matched to a WordPress media-library record
asset:crawl-e0cad692ce59,https://www.klkoleo.com/wp-content/uploads/2021/09/news-n-events-klkoa-150x150.jpg,image,,,,,"KLK OLEO Expands Business Footprint to the Americas
										01 Mar 2021
										KLK OLEO is a global oleochemical producer with production portfolio ranges from basic oleochemical products, such as fatty acids, glycerine, fatty alcohols and fatty esters, […]
										Know More",unclassified_crawl_asset,linked_to_in_scope_content,"[""page:https-www-klkoleo-com-archive-by-year-2021""]",0,False,True,Not matched to a WordPress media-library record
asset:crawl-df291b4dc1f0,https://www.klkoleo.com/wp-content/uploads/2021/09/news-n-events-klkoa-300x300.jpg,image,,,,,"KLK OLEO Expands Business Footprint to the Americas
										01 Mar 2021
										KLK OLEO is a global oleochemical producer with production portfolio ranges from basic oleochemical products, such as fatty acids, glycerine, fatty alcohols and fatty esters, […]
										Know More",unclassified_crawl_asset,linked_to_in_scope_content,"[""page:https-www-klkoleo-com-archive-by-year-2021""]",0,False,True,Not matched to a WordPress media-library record
asset:crawl-f8205b97a2c8,https://www.klkoleo.com/wp-content/uploads/2021/09/news-n-events-klkoa.jpg,image,,,,,"KLK OLEO Expands Business Footprint to the Americas
										01 Mar 2021
										KLK OLEO is a global oleochemical producer with production portfolio ranges from basic oleochemical products, such as fatty acids, glycerine, fatty alcohols and fatty esters, […]
										Know More",unclassified_crawl_asset,linked_to_in_scope_content,"[""page:https-www-klkoleo-com-archive-by-year-2021""]",0,False,True,Not matched to a WordPress media-library record
asset:crawl-0681d457c024,https://www.klkoleo.com/wp-content/uploads/2021/09/news-n-events-press-release-20201107-img01-1024x682.jpg,image,,,,,"Kuala Lumpur Kepong Berhad (“KLK”), one of the leading plantation companies in Malaysia announces its sponsorship of World rank No 7 Badminton Mixed Doubles, Chan Peng Soon and Goh Liu Ying.
The sponsorship, in line with its corporate responsibility effort to promote harmonious culture through sports as well as to support our nation’s pursuit for global sports excellence, it is hoped that the Rio silver medallists duo will continue to bring all Malaysians together and make the country proud when chasing their Tokyo Olympics dream.
KLK executive director Lee Jia Zhang said in a statement that, “We understand that the COVID-19 pandemic has changed many of our lives, we are humbled to be able to help ease the financial woes for our Malaysian Mixed Doubles during this difficult period. We hope that with our sponsorship, Peng Soon-Liu Ying can focus and be better prepared for the Games.”
The Tokyo Olympics was deferred for one-year to July 23 – Aug 8 in 2021 due to the pandemic. Although Peng Soon-Liu Ying had forgo the two Denmark Opens in October 2020, they are looking at making a return early next year for the two BWF Opens in Asia. The world No. 7 duo need to stay within the top 16 until next year to qualify for Tokyo Olympics 2021.
Chan Peng Soon has expressed his gratitude to KLK for the support given to Goh Liu Ying and him. “The deferment of this year’s Olympics also meant that we will need to continue to train to maintain our physical form for another 12 months, in which this will require extra financial expenses. Thank you KLK for coming forward to support us during this difficult time as it is not easy to find support and sponsorship during the COVID-19 pandemic”, said Chan.
“The money will help us cover the travel expenses for our future tournaments. We can now focus on qualifying for the Tokyo Olympics and hopefully achieve a better result for Malaysia”, said Liu Ying.
Since turning Pro as independent players, Peng Soon-Liu Ying have done well by winning the 2019 Thailand Masters and New Zealand Open.
The announcement also sees Peng Soon-Liu Ying become the first brand ambassadors for KLK’s DavosLife E3 Complete, a natural Vitamin E dietary supplement comprising Tocotrienols and alpha tocopherol derived from palm fruits. It is formulated for high bio-absorption and suitable for adults with busy lifestyle and elderly with symptoms of tiredness. Tocotrienols as an antioxidant is beneficial at neutralizing free radicals and may help support overall wellness and vitality and boost healthier body.
(From left) Jimmy Yow, Head of Sales and Marketing of KLK OLEO, Goh Liu Ying, Eric Tan, Senior Manager, Sales and Marketing of KLK Land, Chan Peng Soon and Lee Jia Zhang, Executive Director of KLK at the official signing ceremony
Apart from continued training, Peng Soon and Liu Ying also taking natural supplements to help increase sport endurance
Peng Soon and Liu Ying are the first Brand ambassadors for KLK’s DavosLife E3 Complete, a natural Vitamin E dietary supplement
Also featured in The Star and Ipoh Echo.",unclassified_crawl_asset,linked_to_in_scope_content,"[""page:https-www-klkoleo-com-news-media-press-release-peng-soon-liu-ying-receive-support-from-klk-to-pursue-their-olympic-dream""]",0,False,True,Not matched to a WordPress media-library record
asset:crawl-4a68d9811a5c,https://www.klkoleo.com/wp-content/uploads/2021/09/news-n-events-press-release-20201107-img01-300x200.jpg,image,,,,,"Kuala Lumpur Kepong Berhad (“KLK”), one of the leading plantation companies in Malaysia announces its sponsorship of World rank No 7 Badminton Mixed Doubles, Chan Peng Soon and Goh Liu Ying.
The sponsorship, in line with its corporate responsibility effort to promote harmonious culture through sports as well as to support our nation’s pursuit for global sports excellence, it is hoped that the Rio silver medallists duo will continue to bring all Malaysians together and make the country proud when chasing their Tokyo Olympics dream.
KLK executive director Lee Jia Zhang said in a statement that, “We understand that the COVID-19 pandemic has changed many of our lives, we are humbled to be able to help ease the financial woes for our Malaysian Mixed Doubles during this difficult period. We hope that with our sponsorship, Peng Soon-Liu Ying can focus and be better prepared for the Games.”
The Tokyo Olympics was deferred for one-year to July 23 – Aug 8 in 2021 due to the pandemic. Although Peng Soon-Liu Ying had forgo the two Denmark Opens in October 2020, they are looking at making a return early next year for the two BWF Opens in Asia. The world No. 7 duo need to stay within the top 16 until next year to qualify for Tokyo Olympics 2021.
Chan Peng Soon has expressed his gratitude to KLK for the support given to Goh Liu Ying and him. “The deferment of this year’s Olympics also meant that we will need to continue to train to maintain our physical form for another 12 months, in which this will require extra financial expenses. Thank you KLK for coming forward to support us during this difficult time as it is not easy to find support and sponsorship during the COVID-19 pandemic”, said Chan.
“The money will help us cover the travel expenses for our future tournaments. We can now focus on qualifying for the Tokyo Olympics and hopefully achieve a better result for Malaysia”, said Liu Ying.
Since turning Pro as independent players, Peng Soon-Liu Ying have done well by winning the 2019 Thailand Masters and New Zealand Open.
The announcement also sees Peng Soon-Liu Ying become the first brand ambassadors for KLK’s DavosLife E3 Complete, a natural Vitamin E dietary supplement comprising Tocotrienols and alpha tocopherol derived from palm fruits. It is formulated for high bio-absorption and suitable for adults with busy lifestyle and elderly with symptoms of tiredness. Tocotrienols as an antioxidant is beneficial at neutralizing free radicals and may help support overall wellness and vitality and boost healthier body.
(From left) Jimmy Yow, Head of Sales and Marketing of KLK OLEO, Goh Liu Ying, Eric Tan, Senior Manager, Sales and Marketing of KLK Land, Chan Peng Soon and Lee Jia Zhang, Executive Director of KLK at the official signing ceremony
Apart from continued training, Peng Soon and Liu Ying also taking natural supplements to help increase sport endurance
Peng Soon and Liu Ying are the first Brand ambassadors for KLK’s DavosLife E3 Complete, a natural Vitamin E dietary supplement
Also featured in The Star and Ipoh Echo.",unclassified_crawl_asset,linked_to_in_scope_content,"[""page:https-www-klkoleo-com-news-media-press-release-peng-soon-liu-ying-receive-support-from-klk-to-pursue-their-olympic-dream""]",0,False,True,Not matched to a WordPress media-library record
asset:crawl-a7c4aa923b5b,https://www.klkoleo.com/wp-content/uploads/2021/09/news-n-events-press-release-20201107-img01-600x400.jpg,image,,,,,"Kuala Lumpur Kepong Berhad (“KLK”), one of the leading plantation companies in Malaysia announces its sponsorship of World rank No 7 Badminton Mixed Doubles, Chan Peng Soon and Goh Liu Ying.
The sponsorship, in line with its corporate responsibility effort to promote harmonious culture through sports as well as to support our nation’s pursuit for global sports excellence, it is hoped that the Rio silver medallists duo will continue to bring all Malaysians together and make the country proud when chasing their Tokyo Olympics dream.
KLK executive director Lee Jia Zhang said in a statement that, “We understand that the COVID-19 pandemic has changed many of our lives, we are humbled to be able to help ease the financial woes for our Malaysian Mixed Doubles during this difficult period. We hope that with our sponsorship, Peng Soon-Liu Ying can focus and be better prepared for the Games.”
The Tokyo Olympics was deferred for one-year to July 23 – Aug 8 in 2021 due to the pandemic. Although Peng Soon-Liu Ying had forgo the two Denmark Opens in October 2020, they are looking at making a return early next year for the two BWF Opens in Asia. The world No. 7 duo need to stay within the top 16 until next year to qualify for Tokyo Olympics 2021.
Chan Peng Soon has expressed his gratitude to KLK for the support given to Goh Liu Ying and him. “The deferment of this year’s Olympics also meant that we will need to continue to train to maintain our physical form for another 12 months, in which this will require extra financial expenses. Thank you KLK for coming forward to support us during this difficult time as it is not easy to find support and sponsorship during the COVID-19 pandemic”, said Chan.
“The money will help us cover the travel expenses for our future tournaments. We can now focus on qualifying for the Tokyo Olympics and hopefully achieve a better result for Malaysia”, said Liu Ying.
Since turning Pro as independent players, Peng Soon-Liu Ying have done well by winning the 2019 Thailand Masters and New Zealand Open.
The announcement also sees Peng Soon-Liu Ying become the first brand ambassadors for KLK’s DavosLife E3 Complete, a natural Vitamin E dietary supplement comprising Tocotrienols and alpha tocopherol derived from palm fruits. It is formulated for high bio-absorption and suitable for adults with busy lifestyle and elderly with symptoms of tiredness. Tocotrienols as an antioxidant is beneficial at neutralizing free radicals and may help support overall wellness and vitality and boost healthier body.
(From left) Jimmy Yow, Head of Sales and Marketing of KLK OLEO, Goh Liu Ying, Eric Tan, Senior Manager, Sales and Marketing of KLK Land, Chan Peng Soon and Lee Jia Zhang, Executive Director of KLK at the official signing ceremony
Apart from continued training, Peng Soon and Liu Ying also taking natural supplements to help increase sport endurance
Peng Soon and Liu Ying are the first Brand ambassadors for KLK’s DavosLife E3 Complete, a natural Vitamin E dietary supplement
Also featured in The Star and Ipoh Echo.",unclassified_crawl_asset,linked_to_in_scope_content,"[""page:https-www-klkoleo-com-news-media-press-release-peng-soon-liu-ying-receive-support-from-klk-to-pursue-their-olympic-dream""]",0,False,True,Not matched to a WordPress media-library record
asset:crawl-08381d08f50e,https://www.klkoleo.com/wp-content/uploads/2021/09/news-n-events-press-release-20201107-img01-768x512.jpg,image,,,,,"Kuala Lumpur Kepong Berhad (“KLK”), one of the leading plantation companies in Malaysia announces its sponsorship of World rank No 7 Badminton Mixed Doubles, Chan Peng Soon and Goh Liu Ying.
The sponsorship, in line with its corporate responsibility effort to promote harmonious culture through sports as well as to support our nation’s pursuit for global sports excellence, it is hoped that the Rio silver medallists duo will continue to bring all Malaysians together and make the country proud when chasing their Tokyo Olympics dream.
KLK executive director Lee Jia Zhang said in a statement that, “We understand that the COVID-19 pandemic has changed many of our lives, we are humbled to be able to help ease the financial woes for our Malaysian Mixed Doubles during this difficult period. We hope that with our sponsorship, Peng Soon-Liu Ying can focus and be better prepared for the Games.”
The Tokyo Olympics was deferred for one-year to July 23 – Aug 8 in 2021 due to the pandemic. Although Peng Soon-Liu Ying had forgo the two Denmark Opens in October 2020, they are looking at making a return early next year for the two BWF Opens in Asia. The world No. 7 duo need to stay within the top 16 until next year to qualify for Tokyo Olympics 2021.
Chan Peng Soon has expressed his gratitude to KLK for the support given to Goh Liu Ying and him. “The deferment of this year’s Olympics also meant that we will need to continue to train to maintain our physical form for another 12 months, in which this will require extra financial expenses. Thank you KLK for coming forward to support us during this difficult time as it is not easy to find support and sponsorship during the COVID-19 pandemic”, said Chan.
“The money will help us cover the travel expenses for our future tournaments. We can now focus on qualifying for the Tokyo Olympics and hopefully achieve a better result for Malaysia”, said Liu Ying.
Since turning Pro as independent players, Peng Soon-Liu Ying have done well by winning the 2019 Thailand Masters and New Zealand Open.
The announcement also sees Peng Soon-Liu Ying become the first brand ambassadors for KLK’s DavosLife E3 Complete, a natural Vitamin E dietary supplement comprising Tocotrienols and alpha tocopherol derived from palm fruits. It is formulated for high bio-absorption and suitable for adults with busy lifestyle and elderly with symptoms of tiredness. Tocotrienols as an antioxidant is beneficial at neutralizing free radicals and may help support overall wellness and vitality and boost healthier body.
(From left) Jimmy Yow, Head of Sales and Marketing of KLK OLEO, Goh Liu Ying, Eric Tan, Senior Manager, Sales and Marketing of KLK Land, Chan Peng Soon and Lee Jia Zhang, Executive Director of KLK at the official signing ceremony
Apart from continued training, Peng Soon and Liu Ying also taking natural supplements to help increase sport endurance
Peng Soon and Liu Ying are the first Brand ambassadors for KLK’s DavosLife E3 Complete, a natural Vitamin E dietary supplement
Also featured in The Star and Ipoh Echo.",unclassified_crawl_asset,linked_to_in_scope_content,"[""page:https-www-klkoleo-com-news-media-press-release-peng-soon-liu-ying-receive-support-from-klk-to-pursue-their-olympic-dream""]",0,False,True,Not matched to a WordPress media-library record
asset:crawl-db883a931a14,https://www.klkoleo.com/wp-content/uploads/2021/09/news-n-events-press-release-20201107-img01.jpg,image,,,,,"Kuala Lumpur Kepong Berhad (“KLK”), one of the leading plantation companies in Malaysia announces its sponsorship of World rank No 7 Badminton Mixed Doubles, Chan Peng Soon and Goh Liu Ying.
The sponsorship, in line with its corporate responsibility effort to promote harmonious culture through sports as well as to support our nation’s pursuit for global sports excellence, it is hoped that the Rio silver medallists duo will continue to bring all Malaysians together and make the country proud when chasing their Tokyo Olympics dream.
KLK executive director Lee Jia Zhang said in a statement that, “We understand that the COVID-19 pandemic has changed many of our lives, we are humbled to be able to help ease the financial woes for our Malaysian Mixed Doubles during this difficult period. We hope that with our sponsorship, Peng Soon-Liu Ying can focus and be better prepared for the Games.”
The Tokyo Olympics was deferred for one-year to July 23 – Aug 8 in 2021 due to the pandemic. Although Peng Soon-Liu Ying had forgo the two Denmark Opens in October 2020, they are looking at making a return early next year for the two BWF Opens in Asia. The world No. 7 duo need to stay within the top 16 until next year to qualify for Tokyo Olympics 2021.
Chan Peng Soon has expressed his gratitude to KLK for the support given to Goh Liu Ying and him. “The deferment of this year’s Olympics also meant that we will need to continue to train to maintain our physical form for another 12 months, in which this will require extra financial expenses. Thank you KLK for coming forward to support us during this difficult time as it is not easy to find support and sponsorship during the COVID-19 pandemic”, said Chan.
“The money will help us cover the travel expenses for our future tournaments. We can now focus on qualifying for the Tokyo Olympics and hopefully achieve a better result for Malaysia”, said Liu Ying.
Since turning Pro as independent players, Peng Soon-Liu Ying have done well by winning the 2019 Thailand Masters and New Zealand Open.
The announcement also sees Peng Soon-Liu Ying become the first brand ambassadors for KLK’s DavosLife E3 Complete, a natural Vitamin E dietary supplement comprising Tocotrienols and alpha tocopherol derived from palm fruits. It is formulated for high bio-absorption and suitable for adults with busy lifestyle and elderly with symptoms of tiredness. Tocotrienols as an antioxidant is beneficial at neutralizing free radicals and may help support overall wellness and vitality and boost healthier body.
(From left) Jimmy Yow, Head of Sales and Marketing of KLK OLEO, Goh Liu Ying, Eric Tan, Senior Manager, Sales and Marketing of KLK Land, Chan Peng Soon and Lee Jia Zhang, Executive Director of KLK at the official signing ceremony
Apart from continued training, Peng Soon and Liu Ying also taking natural supplements to help increase sport endurance
Peng Soon and Liu Ying are the first Brand ambassadors for KLK’s DavosLife E3 Complete, a natural Vitamin E dietary supplement
Also featured in The Star and Ipoh Echo.",unclassified_crawl_asset,linked_to_in_scope_content,"[""page:https-www-klkoleo-com-news-media-press-release-peng-soon-liu-ying-receive-support-from-klk-to-pursue-their-olympic-dream""]",0,False,True,Not matched to a WordPress media-library record
asset:crawl-9b1745a1e498,https://www.klkoleo.com/wp-content/uploads/2021/09/news-n-events-sls-sles-img01-300x107.jpg,image,,,,,"KL-Kepong Oleomas Sdn Bhd (“KLKOM”) has successfully added Sodium Lauryl Sulphate (“SLS”) and Sodium Lauryl Ether Sulphate (“SLES”) into their product portfolio since the first quarter (Q1) of 2021. KLKOM is the second SLS and SLES production site of KLK OLEO group after KLK Tensachem, Belgium. The SLS and SLES manufactured by KLKOM are GMP-certified.
The addition of these two products makes the offering from KLK OLEO in Asia more complete, especially in the home and personal care industry.
Sodium Lauryl Sulphate (TENSOPOL SLS)
KLK OLEO produces TENSOPOL SLS with 100% renewable carbon. It is biodegradable, does not bio-accumulate in water or land, and has a natural origin index of 0.9 in accordance with ISO 16128. KLKOM can produce SLS in the form of needles, powder, as well as liquid.
SLS is one of the primary surfactants widely used in oral care, personal care and home care. SLS is also an effective surfactant used extensively in industrial applications to make floor cleaners, engine degreasers and machine wash detergents. Toothpaste can also use SLS in a lower concentration.

Sodium Lauryl Ether Sulphate (TENSAGEX SLES)
SLES is an anionic surfactant, widely used as a primary surfactant in rinse-off products, such as dishwashing liquid and shampoo.
Produced from natural fatty alcohols, TENSAGEX SLES features very high purity and low in 1,4-dioxane, salt and colour. It meets the latest regulatory restrictions for household cleaning products and personal care products.
TENSAGEX SLES is available as a high-active paste and also in the form of low active liquid for easy processing.

With state-of-the-art technology to be completed at the end of 2021, SLES with 1 moles EO produced from KLKOM could achieve 1,4 dioxane specs at 5ppm max, which is one of the most stringent specs in the industry.",unclassified_crawl_asset,linked_to_in_scope_content,"[""page:https-www-klkoleo-com-news-media-new-surfactants-from-klkoms-sulphation-plants""]",0,False,True,Not matched to a WordPress media-library record
asset:crawl-a1a9c32511bf,https://www.klkoleo.com/wp-content/uploads/2021/09/news-n-events-sls-sles-img01-600x214.jpg,image,,,,,"KL-Kepong Oleomas Sdn Bhd (“KLKOM”) has successfully added Sodium Lauryl Sulphate (“SLS”) and Sodium Lauryl Ether Sulphate (“SLES”) into their product portfolio since the first quarter (Q1) of 2021. KLKOM is the second SLS and SLES production site of KLK OLEO group after KLK Tensachem, Belgium. The SLS and SLES manufactured by KLKOM are GMP-certified.
The addition of these two products makes the offering from KLK OLEO in Asia more complete, especially in the home and personal care industry.
Sodium Lauryl Sulphate (TENSOPOL SLS)
KLK OLEO produces TENSOPOL SLS with 100% renewable carbon. It is biodegradable, does not bio-accumulate in water or land, and has a natural origin index of 0.9 in accordance with ISO 16128. KLKOM can produce SLS in the form of needles, powder, as well as liquid.
SLS is one of the primary surfactants widely used in oral care, personal care and home care. SLS is also an effective surfactant used extensively in industrial applications to make floor cleaners, engine degreasers and machine wash detergents. Toothpaste can also use SLS in a lower concentration.

Sodium Lauryl Ether Sulphate (TENSAGEX SLES)
SLES is an anionic surfactant, widely used as a primary surfactant in rinse-off products, such as dishwashing liquid and shampoo.
Produced from natural fatty alcohols, TENSAGEX SLES features very high purity and low in 1,4-dioxane, salt and colour. It meets the latest regulatory restrictions for household cleaning products and personal care products.
TENSAGEX SLES is available as a high-active paste and also in the form of low active liquid for easy processing.

With state-of-the-art technology to be completed at the end of 2021, SLES with 1 moles EO produced from KLKOM could achieve 1,4 dioxane specs at 5ppm max, which is one of the most stringent specs in the industry.",unclassified_crawl_asset,linked_to_in_scope_content,"[""page:https-www-klkoleo-com-news-media-new-surfactants-from-klkoms-sulphation-plants""]",0,False,True,Not matched to a WordPress media-library record
asset:crawl-4e2ff0943d9e,https://www.klkoleo.com/wp-content/uploads/2021/09/news-n-events-sls-sles-img01-768x273.jpg,image,,,,,"KL-Kepong Oleomas Sdn Bhd (“KLKOM”) has successfully added Sodium Lauryl Sulphate (“SLS”) and Sodium Lauryl Ether Sulphate (“SLES”) into their product portfolio since the first quarter (Q1) of 2021. KLKOM is the second SLS and SLES production site of KLK OLEO group after KLK Tensachem, Belgium. The SLS and SLES manufactured by KLKOM are GMP-certified.
The addition of these two products makes the offering from KLK OLEO in Asia more complete, especially in the home and personal care industry.
Sodium Lauryl Sulphate (TENSOPOL SLS)
KLK OLEO produces TENSOPOL SLS with 100% renewable carbon. It is biodegradable, does not bio-accumulate in water or land, and has a natural origin index of 0.9 in accordance with ISO 16128. KLKOM can produce SLS in the form of needles, powder, as well as liquid.
SLS is one of the primary surfactants widely used in oral care, personal care and home care. SLS is also an effective surfactant used extensively in industrial applications to make floor cleaners, engine degreasers and machine wash detergents. Toothpaste can also use SLS in a lower concentration.

Sodium Lauryl Ether Sulphate (TENSAGEX SLES)
SLES is an anionic surfactant, widely used as a primary surfactant in rinse-off products, such as dishwashing liquid and shampoo.
Produced from natural fatty alcohols, TENSAGEX SLES features very high purity and low in 1,4-dioxane, salt and colour. It meets the latest regulatory restrictions for household cleaning products and personal care products.
TENSAGEX SLES is available as a high-active paste and also in the form of low active liquid for easy processing.

With state-of-the-art technology to be completed at the end of 2021, SLES with 1 moles EO produced from KLKOM could achieve 1,4 dioxane specs at 5ppm max, which is one of the most stringent specs in the industry.",unclassified_crawl_asset,linked_to_in_scope_content,"[""page:https-www-klkoleo-com-news-media-new-surfactants-from-klkoms-sulphation-plants""]",0,False,True,Not matched to a WordPress media-library record
asset:crawl-275916f94899,https://www.klkoleo.com/wp-content/uploads/2021/09/news-n-events-sls-sles-img01.jpg,image,,,,,"KL-Kepong Oleomas Sdn Bhd (“KLKOM”) has successfully added Sodium Lauryl Sulphate (“SLS”) and Sodium Lauryl Ether Sulphate (“SLES”) into their product portfolio since the first quarter (Q1) of 2021. KLKOM is the second SLS and SLES production site of KLK OLEO group after KLK Tensachem, Belgium. The SLS and SLES manufactured by KLKOM are GMP-certified.
The addition of these two products makes the offering from KLK OLEO in Asia more complete, especially in the home and personal care industry.
Sodium Lauryl Sulphate (TENSOPOL SLS)
KLK OLEO produces TENSOPOL SLS with 100% renewable carbon. It is biodegradable, does not bio-accumulate in water or land, and has a natural origin index of 0.9 in accordance with ISO 16128. KLKOM can produce SLS in the form of needles, powder, as well as liquid.
SLS is one of the primary surfactants widely used in oral care, personal care and home care. SLS is also an effective surfactant used extensively in industrial applications to make floor cleaners, engine degreasers and machine wash detergents. Toothpaste can also use SLS in a lower concentration.

Sodium Lauryl Ether Sulphate (TENSAGEX SLES)
SLES is an anionic surfactant, widely used as a primary surfactant in rinse-off products, such as dishwashing liquid and shampoo.
Produced from natural fatty alcohols, TENSAGEX SLES features very high purity and low in 1,4-dioxane, salt and colour. It meets the latest regulatory restrictions for household cleaning products and personal care products.
TENSAGEX SLES is available as a high-active paste and also in the form of low active liquid for easy processing.

With state-of-the-art technology to be completed at the end of 2021, SLES with 1 moles EO produced from KLKOM could achieve 1,4 dioxane specs at 5ppm max, which is one of the most stringent specs in the industry.",unclassified_crawl_asset,linked_to_in_scope_content,"[""page:https-www-klkoleo-com-news-media-new-surfactants-from-klkoms-sulphation-plants""]",0,False,True,Not matched to a WordPress media-library record
asset:crawl-1cf516bf8722,https://www.klkoleo.com/wp-content/uploads/2021/09/news-n-events-sls-sles-img02-300x107.jpg,image,,,,,"KL-Kepong Oleomas Sdn Bhd (“KLKOM”) has successfully added Sodium Lauryl Sulphate (“SLS”) and Sodium Lauryl Ether Sulphate (“SLES”) into their product portfolio since the first quarter (Q1) of 2021. KLKOM is the second SLS and SLES production site of KLK OLEO group after KLK Tensachem, Belgium. The SLS and SLES manufactured by KLKOM are GMP-certified.
The addition of these two products makes the offering from KLK OLEO in Asia more complete, especially in the home and personal care industry.
Sodium Lauryl Sulphate (TENSOPOL SLS)
KLK OLEO produces TENSOPOL SLS with 100% renewable carbon. It is biodegradable, does not bio-accumulate in water or land, and has a natural origin index of 0.9 in accordance with ISO 16128. KLKOM can produce SLS in the form of needles, powder, as well as liquid.
SLS is one of the primary surfactants widely used in oral care, personal care and home care. SLS is also an effective surfactant used extensively in industrial applications to make floor cleaners, engine degreasers and machine wash detergents. Toothpaste can also use SLS in a lower concentration.

Sodium Lauryl Ether Sulphate (TENSAGEX SLES)
SLES is an anionic surfactant, widely used as a primary surfactant in rinse-off products, such as dishwashing liquid and shampoo.
Produced from natural fatty alcohols, TENSAGEX SLES features very high purity and low in 1,4-dioxane, salt and colour. It meets the latest regulatory restrictions for household cleaning products and personal care products.
TENSAGEX SLES is available as a high-active paste and also in the form of low active liquid for easy processing.

With state-of-the-art technology to be completed at the end of 2021, SLES with 1 moles EO produced from KLKOM could achieve 1,4 dioxane specs at 5ppm max, which is one of the most stringent specs in the industry.",unclassified_crawl_asset,linked_to_in_scope_content,"[""page:https-www-klkoleo-com-news-media-new-surfactants-from-klkoms-sulphation-plants""]",0,False,True,Not matched to a WordPress media-library record
asset:crawl-de82cf1bb0b8,https://www.klkoleo.com/wp-content/uploads/2021/09/news-n-events-sls-sles-img02-600x214.jpg,image,,,,,"KL-Kepong Oleomas Sdn Bhd (“KLKOM”) has successfully added Sodium Lauryl Sulphate (“SLS”) and Sodium Lauryl Ether Sulphate (“SLES”) into their product portfolio since the first quarter (Q1) of 2021. KLKOM is the second SLS and SLES production site of KLK OLEO group after KLK Tensachem, Belgium. The SLS and SLES manufactured by KLKOM are GMP-certified.
The addition of these two products makes the offering from KLK OLEO in Asia more complete, especially in the home and personal care industry.
Sodium Lauryl Sulphate (TENSOPOL SLS)
KLK OLEO produces TENSOPOL SLS with 100% renewable carbon. It is biodegradable, does not bio-accumulate in water or land, and has a natural origin index of 0.9 in accordance with ISO 16128. KLKOM can produce SLS in the form of needles, powder, as well as liquid.
SLS is one of the primary surfactants widely used in oral care, personal care and home care. SLS is also an effective surfactant used extensively in industrial applications to make floor cleaners, engine degreasers and machine wash detergents. Toothpaste can also use SLS in a lower concentration.

Sodium Lauryl Ether Sulphate (TENSAGEX SLES)
SLES is an anionic surfactant, widely used as a primary surfactant in rinse-off products, such as dishwashing liquid and shampoo.
Produced from natural fatty alcohols, TENSAGEX SLES features very high purity and low in 1,4-dioxane, salt and colour. It meets the latest regulatory restrictions for household cleaning products and personal care products.
TENSAGEX SLES is available as a high-active paste and also in the form of low active liquid for easy processing.

With state-of-the-art technology to be completed at the end of 2021, SLES with 1 moles EO produced from KLKOM could achieve 1,4 dioxane specs at 5ppm max, which is one of the most stringent specs in the industry.",unclassified_crawl_asset,linked_to_in_scope_content,"[""page:https-www-klkoleo-com-news-media-new-surfactants-from-klkoms-sulphation-plants""]",0,False,True,Not matched to a WordPress media-library record
asset:crawl-42d9d10eb232,https://www.klkoleo.com/wp-content/uploads/2021/09/news-n-events-sls-sles-img02-768x273.jpg,image,,,,,"KL-Kepong Oleomas Sdn Bhd (“KLKOM”) has successfully added Sodium Lauryl Sulphate (“SLS”) and Sodium Lauryl Ether Sulphate (“SLES”) into their product portfolio since the first quarter (Q1) of 2021. KLKOM is the second SLS and SLES production site of KLK OLEO group after KLK Tensachem, Belgium. The SLS and SLES manufactured by KLKOM are GMP-certified.
The addition of these two products makes the offering from KLK OLEO in Asia more complete, especially in the home and personal care industry.
Sodium Lauryl Sulphate (TENSOPOL SLS)
KLK OLEO produces TENSOPOL SLS with 100% renewable carbon. It is biodegradable, does not bio-accumulate in water or land, and has a natural origin index of 0.9 in accordance with ISO 16128. KLKOM can produce SLS in the form of needles, powder, as well as liquid.
SLS is one of the primary surfactants widely used in oral care, personal care and home care. SLS is also an effective surfactant used extensively in industrial applications to make floor cleaners, engine degreasers and machine wash detergents. Toothpaste can also use SLS in a lower concentration.

Sodium Lauryl Ether Sulphate (TENSAGEX SLES)
SLES is an anionic surfactant, widely used as a primary surfactant in rinse-off products, such as dishwashing liquid and shampoo.
Produced from natural fatty alcohols, TENSAGEX SLES features very high purity and low in 1,4-dioxane, salt and colour. It meets the latest regulatory restrictions for household cleaning products and personal care products.
TENSAGEX SLES is available as a high-active paste and also in the form of low active liquid for easy processing.

With state-of-the-art technology to be completed at the end of 2021, SLES with 1 moles EO produced from KLKOM could achieve 1,4 dioxane specs at 5ppm max, which is one of the most stringent specs in the industry.",unclassified_crawl_asset,linked_to_in_scope_content,"[""page:https-www-klkoleo-com-news-media-new-surfactants-from-klkoms-sulphation-plants""]",0,False,True,Not matched to a WordPress media-library record
asset:crawl-220d7980b6c6,https://www.klkoleo.com/wp-content/uploads/2021/09/news-n-events-sls-sles-img02.jpg,image,,,,,"KL-Kepong Oleomas Sdn Bhd (“KLKOM”) has successfully added Sodium Lauryl Sulphate (“SLS”) and Sodium Lauryl Ether Sulphate (“SLES”) into their product portfolio since the first quarter (Q1) of 2021. KLKOM is the second SLS and SLES production site of KLK OLEO group after KLK Tensachem, Belgium. The SLS and SLES manufactured by KLKOM are GMP-certified.
The addition of these two products makes the offering from KLK OLEO in Asia more complete, especially in the home and personal care industry.
Sodium Lauryl Sulphate (TENSOPOL SLS)
KLK OLEO produces TENSOPOL SLS with 100% renewable carbon. It is biodegradable, does not bio-accumulate in water or land, and has a natural origin index of 0.9 in accordance with ISO 16128. KLKOM can produce SLS in the form of needles, powder, as well as liquid.
SLS is one of the primary surfactants widely used in oral care, personal care and home care. SLS is also an effective surfactant used extensively in industrial applications to make floor cleaners, engine degreasers and machine wash detergents. Toothpaste can also use SLS in a lower concentration.

Sodium Lauryl Ether Sulphate (TENSAGEX SLES)
SLES is an anionic surfactant, widely used as a primary surfactant in rinse-off products, such as dishwashing liquid and shampoo.
Produced from natural fatty alcohols, TENSAGEX SLES features very high purity and low in 1,4-dioxane, salt and colour. It meets the latest regulatory restrictions for household cleaning products and personal care products.
TENSAGEX SLES is available as a high-active paste and also in the form of low active liquid for easy processing.

With state-of-the-art technology to be completed at the end of 2021, SLES with 1 moles EO produced from KLKOM could achieve 1,4 dioxane specs at 5ppm max, which is one of the most stringent specs in the industry.",unclassified_crawl_asset,linked_to_in_scope_content,"[""page:https-www-klkoleo-com-news-media-new-surfactants-from-klkoms-sulphation-plants""]",0,False,True,Not matched to a WordPress media-library record
asset:crawl-77430d39ef73,https://www.klkoleo.com/wp-content/uploads/2021/10/RAM_Sustainability_Logo-Black.png,image,,,,RAM Sustainability Logo Black,"KLK receives Gold rating from RAM Sustainability
										12 Oct 2021
										RAMC has reaffirmed Kuala Lumpur Kepong Berhad’s (“KLK”) Sustainability Rating at Gold (G2). This rating covers the entire Kuala Lumpur Kepong Group, including both Plantation […]
										Know More",unclassified_crawl_asset,linked_to_in_scope_content,"[""page:https-www-klkoleo-com-archive-by-year-2021""]",0,False,True,Not matched to a WordPress media-library record
asset:crawl-b5134e3520d5,https://www.klkoleo.com/wp-content/uploads/2021/10/RAM_Sustainability_Logo.png,image,,,,RAM Sustainability Logo,"RAM Sustainability Affirms KLK’s Sustainability Rating, Upgrades Environment Rating
										10 Apr 2024
										RAMC has reaffirmed Kuala Lumpur Kepong Berhad’s (“KLK”) Sustainability Rating at Gold (G2). This year, KLK’s environmental performance saw an improvement, with their Environment Rating […]
										Know More",unclassified_crawl_asset,linked_to_in_scope_content,"[""page:https-www-klkoleo-com-archive-by-year-2024"",""page:https-www-klkoleo-com-archive-by-year-2025""]",0,False,True,Not matched to a WordPress media-library record
asset:crawl-51c704235c88,https://www.klkoleo.com/wp-content/uploads/2021/11/1960-1-1024x912.jpg,image,,,,1960: Fraser Estate,"1960

										The Group started to plant oil palm in Fraser Estate.",unclassified_crawl_asset,linked_to_in_scope_content,"[""page:https-www-klkoleo-com-timeline-post-1960"",""page:https-www-klkoleo-com-timeline-post-1960-3""]",0,False,True,Not matched to a WordPress media-library record
asset:crawl-77a6dbd4671c,https://www.klkoleo.com/wp-content/uploads/2021/11/1960-1-300x267.jpg,image,,,,1960: Fraser Estate,"1960

										The Group started to plant oil palm in Fraser Estate.",unclassified_crawl_asset,linked_to_in_scope_content,"[""page:https-www-klkoleo-com-timeline-post-1960"",""page:https-www-klkoleo-com-timeline-post-1960-3""]",0,False,True,Not matched to a WordPress media-library record
asset:crawl-5d51aaca799c,https://www.klkoleo.com/wp-content/uploads/2021/11/1960-1-600x534.jpg,image,,,,1960: Fraser Estate,"1960

										The Group started to plant oil palm in Fraser Estate.",unclassified_crawl_asset,linked_to_in_scope_content,"[""page:https-www-klkoleo-com-timeline-post-1960"",""page:https-www-klkoleo-com-timeline-post-1960-3""]",0,False,True,Not matched to a WordPress media-library record
asset:crawl-fc888e3cbb92,https://www.klkoleo.com/wp-content/uploads/2021/11/1960-1-768x684.jpg,image,,,,1960: Fraser Estate,"1960

										The Group started to plant oil palm in Fraser Estate.",unclassified_crawl_asset,linked_to_in_scope_content,"[""page:https-www-klkoleo-com-timeline-post-1960"",""page:https-www-klkoleo-com-timeline-post-1960-3""]",0,False,True,Not matched to a WordPress media-library record
asset:crawl-2fd76c67b2d6,https://www.klkoleo.com/wp-content/uploads/2021/11/1960-1.jpg,image,,,,1960,"1960
									
							
											The Group started to plant oil palm in Fraser Estate.",unclassified_crawl_asset,linked_to_in_scope_content,"[""page:https-www-klkoleo-com-history-milestones"",""page:https-www-klkoleo-com-timeline-post-1960"",""page:https-www-klkoleo-com-timeline-post-1960-3""]",0,False,True,Not matched to a WordPress media-library record
asset:crawl-9462cf0972ec,https://www.klkoleo.com/wp-content/uploads/2021/11/1960-1024x912.jpg,image,,,,,"1960

										集团开始在Fraser Estate种植油棕榈。",unclassified_crawl_asset,linked_to_in_scope_content,"[""page:https-www-klkoleo-com-timeline-post-1960-2""]",0,False,True,Not matched to a WordPress media-library record
asset:crawl-8d33c5600406,https://www.klkoleo.com/wp-content/uploads/2021/11/1960-300x267.jpg,image,,,,,"1960

										集团开始在Fraser Estate种植油棕榈。",unclassified_crawl_asset,linked_to_in_scope_content,"[""page:https-www-klkoleo-com-timeline-post-1960-2""]",0,False,True,Not matched to a WordPress media-library record
asset:crawl-7acb27d25d9e,https://www.klkoleo.com/wp-content/uploads/2021/11/1960-600x534.jpg,image,,,,,"1960

										集团开始在Fraser Estate种植油棕榈。",unclassified_crawl_asset,linked_to_in_scope_content,"[""page:https-www-klkoleo-com-timeline-post-1960-2""]",0,False,True,Not matched to a WordPress media-library record
asset:crawl-a4d4c7625094,https://www.klkoleo.com/wp-content/uploads/2021/11/1960-768x684.jpg,image,,,,,"1960

										集团开始在Fraser Estate种植油棕榈。",unclassified_crawl_asset,linked_to_in_scope_content,"[""page:https-www-klkoleo-com-timeline-post-1960-2""]",0,False,True,Not matched to a WordPress media-library record
asset:crawl-0cee21da5564,https://www.klkoleo.com/wp-content/uploads/2021/11/1960.jpg,image,,,,,"1960

										集团开始在Fraser Estate种植油棕榈。",unclassified_crawl_asset,linked_to_in_scope_content,"[""page:https-www-klkoleo-com-timeline-post-1960-2""]",0,False,True,Not matched to a WordPress media-library record
asset:crawl-42102bea6d3e,https://www.klkoleo.com/wp-content/uploads/2021/11/1973-100x100.jpg,image,,,,,"1973

										1973年10月1日: 吉隆坡甲洞集团公司在马来西亚成立，并在吉隆坡、新加坡和伦敦证券交易所公开上市。",unclassified_crawl_asset,linked_to_in_scope_content,"[""page:https-www-klkoleo-com-timeline-post-1973"",""page:https-www-klkoleo-com-timeline-post-1973-2"",""page:https-www-klkoleo-com-timeline-post-1973-3""]",0,False,True,Not matched to a WordPress media-library record
asset:crawl-5f0d6590eea3,https://www.klkoleo.com/wp-content/uploads/2021/11/1973-1024x1024.jpg,image,,,,,"1973

										1973年10月1日: 吉隆坡甲洞集团公司在马来西亚成立，并在吉隆坡、新加坡和伦敦证券交易所公开上市。",unclassified_crawl_asset,linked_to_in_scope_content,"[""page:https-www-klkoleo-com-timeline-post-1973"",""page:https-www-klkoleo-com-timeline-post-1973-2"",""page:https-www-klkoleo-com-timeline-post-1973-3""]",0,False,True,Not matched to a WordPress media-library record
asset:crawl-c8b1ffcf3743,https://www.klkoleo.com/wp-content/uploads/2021/11/1973-150x150.jpg,image,,,,,"1973

										1973年10月1日: 吉隆坡甲洞集团公司在马来西亚成立，并在吉隆坡、新加坡和伦敦证券交易所公开上市。",unclassified_crawl_asset,linked_to_in_scope_content,"[""page:https-www-klkoleo-com-timeline-post-1973"",""page:https-www-klkoleo-com-timeline-post-1973-2"",""page:https-www-klkoleo-com-timeline-post-1973-3""]",0,False,True,Not matched to a WordPress media-library record
asset:crawl-e723f269fcb8,https://www.klkoleo.com/wp-content/uploads/2021/11/1973-300x300.jpg,image,,,,,"1973

										1973年10月1日: 吉隆坡甲洞集团公司在马来西亚成立，并在吉隆坡、新加坡和伦敦证券交易所公开上市。",unclassified_crawl_asset,linked_to_in_scope_content,"[""page:https-www-klkoleo-com-timeline-post-1973"",""page:https-www-klkoleo-com-timeline-post-1973-2"",""page:https-www-klkoleo-com-timeline-post-1973-3""]",0,False,True,Not matched to a WordPress media-library record
asset:crawl-b5f04b341d8b,https://www.klkoleo.com/wp-content/uploads/2021/11/1973-600x600.jpg,image,,,,,"1973

										1973年10月1日: 吉隆坡甲洞集团公司在马来西亚成立，并在吉隆坡、新加坡和伦敦证券交易所公开上市。",unclassified_crawl_asset,linked_to_in_scope_content,"[""page:https-www-klkoleo-com-timeline-post-1973"",""page:https-www-klkoleo-com-timeline-post-1973-2"",""page:https-www-klkoleo-com-timeline-post-1973-3""]",0,False,True,Not matched to a WordPress media-library record
asset:crawl-fa40f27a40ee,https://www.klkoleo.com/wp-content/uploads/2021/11/1973-768x768.jpg,image,,,,,"1973

										1973年10月1日: 吉隆坡甲洞集团公司在马来西亚成立，并在吉隆坡、新加坡和伦敦证券交易所公开上市。",unclassified_crawl_asset,linked_to_in_scope_content,"[""page:https-www-klkoleo-com-timeline-post-1973"",""page:https-www-klkoleo-com-timeline-post-1973-2"",""page:https-www-klkoleo-com-timeline-post-1973-3""]",0,False,True,Not matched to a WordPress media-library record
asset:crawl-82c0f076f0c6,https://www.klkoleo.com/wp-content/uploads/2021/11/1973.jpg,image,,,,1973,"1973
									
							
											1st October 1973: Kuala Lumpur Kepong Berhad (KLK) was incorporated in Malaysia and listed publicly on Kuala Lumpur, Singapore and London Stock Exchanges.",unclassified_crawl_asset,linked_to_in_scope_content,"[""page:https-www-klkoleo-com-history-milestones"",""page:https-www-klkoleo-com-timeline-post-1973"",""page:https-www-klkoleo-com-timeline-post-1973-2"",""page:https-www-klkoleo-com-timeline-post-1973-3""]",0,False,True,Not matched to a WordPress media-library record
asset:crawl-6eaae424878f,https://www.klkoleo.com/wp-content/uploads/2021/11/2016-25years-100x100.jpg,image,,,,,"2016

										Celebrating 25years of Excellence.",unclassified_crawl_asset,linked_to_in_scope_content,"[""page:https-www-klkoleo-com-timeline-post-1711"",""page:https-www-klkoleo-com-timeline-post-2016-5"",""page:https-www-klkoleo-com-timeline-post-2016-7""]",0,False,True,Not matched to a WordPress media-library record
asset:crawl-ab952c001ff7,https://www.klkoleo.com/wp-content/uploads/2021/11/2016-25years-1024x1024.jpg,image,,,,,"2016

										Celebrating 25years of Excellence.",unclassified_crawl_asset,linked_to_in_scope_content,"[""page:https-www-klkoleo-com-timeline-post-1711"",""page:https-www-klkoleo-com-timeline-post-2016-5"",""page:https-www-klkoleo-com-timeline-post-2016-7""]",0,False,True,Not matched to a WordPress media-library record
asset:crawl-67ed4d727372,https://www.klkoleo.com/wp-content/uploads/2021/11/2016-25years-150x150.jpg,image,,,,,"2016

										Celebrating 25years of Excellence.",unclassified_crawl_asset,linked_to_in_scope_content,"[""page:https-www-klkoleo-com-timeline-post-1711"",""page:https-www-klkoleo-com-timeline-post-2016-5"",""page:https-www-klkoleo-com-timeline-post-2016-7""]",0,False,True,Not matched to a WordPress media-library record
asset:crawl-3fb715b3335a,https://www.klkoleo.com/wp-content/uploads/2021/11/2016-25years-1536x1536.jpg,image,,,,,"2016

										Celebrating 25years of Excellence.",unclassified_crawl_asset,linked_to_in_scope_content,"[""page:https-www-klkoleo-com-timeline-post-1711"",""page:https-www-klkoleo-com-timeline-post-2016-5"",""page:https-www-klkoleo-com-timeline-post-2016-7""]",0,False,True,Not matched to a WordPress media-library record
asset:crawl-94350e2a0152,https://www.klkoleo.com/wp-content/uploads/2021/11/2016-25years-2048x2048.jpg,image,,,,,"2016

										Celebrating 25years of Excellence.",unclassified_crawl_asset,linked_to_in_scope_content,"[""page:https-www-klkoleo-com-timeline-post-1711"",""page:https-www-klkoleo-com-timeline-post-2016-5"",""page:https-www-klkoleo-com-timeline-post-2016-7""]",0,False,True,Not matched to a WordPress media-library record
asset:crawl-37dc99fa672e,https://www.klkoleo.com/wp-content/uploads/2021/11/2016-25years-300x300.jpg,image,,,,,"2016

										Celebrating 25years of Excellence.",unclassified_crawl_asset,linked_to_in_scope_content,"[""page:https-www-klkoleo-com-timeline-post-1711"",""page:https-www-klkoleo-com-timeline-post-2016-5"",""page:https-www-klkoleo-com-timeline-post-2016-7""]",0,False,True,Not matched to a WordPress media-library record
asset:crawl-1e03511feeb7,https://www.klkoleo.com/wp-content/uploads/2021/11/2016-25years-600x600.jpg,image,,,,,"2016

										Celebrating 25years of Excellence.",unclassified_crawl_asset,linked_to_in_scope_content,"[""page:https-www-klkoleo-com-timeline-post-1711"",""page:https-www-klkoleo-com-timeline-post-2016-5"",""page:https-www-klkoleo-com-timeline-post-2016-7""]",0,False,True,Not matched to a WordPress media-library record
asset:crawl-86768134d1ad,https://www.klkoleo.com/wp-content/uploads/2021/11/2016-25years-768x768.jpg,image,,,,,"2016

										Celebrating 25years of Excellence.",unclassified_crawl_asset,linked_to_in_scope_content,"[""page:https-www-klkoleo-com-timeline-post-1711"",""page:https-www-klkoleo-com-timeline-post-2016-5"",""page:https-www-klkoleo-com-timeline-post-2016-7""]",0,False,True,Not matched to a WordPress media-library record
asset:crawl-28c1e5b43967,https://www.klkoleo.com/wp-content/uploads/2021/11/2016-25years-scaled.jpg,image,,,,,"2016

										Celebrating 25years of Excellence.",unclassified_crawl_asset,linked_to_in_scope_content,"[""page:https-www-klkoleo-com-timeline-post-1711"",""page:https-www-klkoleo-com-timeline-post-2016-5"",""page:https-www-klkoleo-com-timeline-post-2016-7""]",0,False,True,Not matched to a WordPress media-library record
asset:crawl-b341e94821e1,https://www.klkoleo.com/wp-content/uploads/2021/11/2016-KLKCare-100x100.png,image,,,,,"2016

										介绍KLK集团的企业社会责任。",unclassified_crawl_asset,linked_to_in_scope_content,"[""page:https-www-klkoleo-com-timeline-post-2016-2"",""page:https-www-klkoleo-com-timeline-post-2016-3"",""page:https-www-klkoleo-com-timeline-post-2016-8""]",0,False,True,Not matched to a WordPress media-library record
asset:crawl-609cd1f77366,https://www.klkoleo.com/wp-content/uploads/2021/11/2016-KLKCare-150x150.png,image,,,,,"2016

										介绍KLK集团的企业社会责任。",unclassified_crawl_asset,linked_to_in_scope_content,"[""page:https-www-klkoleo-com-timeline-post-2016-2"",""page:https-www-klkoleo-com-timeline-post-2016-3"",""page:https-www-klkoleo-com-timeline-post-2016-8""]",0,False,True,Not matched to a WordPress media-library record
asset:crawl-ad987192fe43,https://www.klkoleo.com/wp-content/uploads/2021/11/2016-KLKCare.png,image,,,,,"2016

										介绍KLK集团的企业社会责任。",unclassified_crawl_asset,linked_to_in_scope_content,"[""page:https-www-klkoleo-com-timeline-post-2016-2"",""page:https-www-klkoleo-com-timeline-post-2016-3"",""page:https-www-klkoleo-com-timeline-post-2016-8""]",0,False,True,Not matched to a WordPress media-library record
asset:crawl-46996603c8f6,https://www.klkoleo.com/wp-content/uploads/2021/11/2016-Vision-100x100.jpg,image,,,,,"2016

										揭开KLK OLEO的价值观和使命。",unclassified_crawl_asset,linked_to_in_scope_content,"[""page:https-www-klkoleo-com-timeline-post-2016"",""page:https-www-klkoleo-com-timeline-post-2016-4"",""page:https-www-klkoleo-com-timeline-post-2016-6""]",0,False,True,Not matched to a WordPress media-library record
asset:crawl-92f9c147dd83,https://www.klkoleo.com/wp-content/uploads/2021/11/2016-Vision-1024x1024.jpg,image,,,,,"2016

										揭开KLK OLEO的价值观和使命。",unclassified_crawl_asset,linked_to_in_scope_content,"[""page:https-www-klkoleo-com-timeline-post-2016"",""page:https-www-klkoleo-com-timeline-post-2016-4"",""page:https-www-klkoleo-com-timeline-post-2016-6""]",0,False,True,Not matched to a WordPress media-library record
asset:crawl-edb211fad97e,https://www.klkoleo.com/wp-content/uploads/2021/11/2016-Vision-150x150.jpg,image,,,,,"2016

										揭开KLK OLEO的价值观和使命。",unclassified_crawl_asset,linked_to_in_scope_content,"[""page:https-www-klkoleo-com-timeline-post-2016"",""page:https-www-klkoleo-com-timeline-post-2016-4"",""page:https-www-klkoleo-com-timeline-post-2016-6""]",0,False,True,Not matched to a WordPress media-library record
asset:crawl-6b174b5387d0,https://www.klkoleo.com/wp-content/uploads/2021/11/2016-Vision-1536x1536.jpg,image,,,,,"2016

										揭开KLK OLEO的价值观和使命。",unclassified_crawl_asset,linked_to_in_scope_content,"[""page:https-www-klkoleo-com-timeline-post-2016"",""page:https-www-klkoleo-com-timeline-post-2016-4"",""page:https-www-klkoleo-com-timeline-post-2016-6""]",0,False,True,Not matched to a WordPress media-library record
asset:crawl-d2def9a0dfea,https://www.klkoleo.com/wp-content/uploads/2021/11/2016-Vision-2048x2048.jpg,image,,,,,"2016

										揭开KLK OLEO的价值观和使命。",unclassified_crawl_asset,linked_to_in_scope_content,"[""page:https-www-klkoleo-com-timeline-post-2016"",""page:https-www-klkoleo-com-timeline-post-2016-4"",""page:https-www-klkoleo-com-timeline-post-2016-6""]",0,False,True,Not matched to a WordPress media-library record
asset:crawl-c8004c871188,https://www.klkoleo.com/wp-content/uploads/2021/11/2016-Vision-300x300.jpg,image,,,,,"2016

										揭开KLK OLEO的价值观和使命。",unclassified_crawl_asset,linked_to_in_scope_content,"[""page:https-www-klkoleo-com-timeline-post-2016"",""page:https-www-klkoleo-com-timeline-post-2016-4"",""page:https-www-klkoleo-com-timeline-post-2016-6""]",0,False,True,Not matched to a WordPress media-library record
asset:crawl-7bf35f13d64d,https://www.klkoleo.com/wp-content/uploads/2021/11/2016-Vision-600x600.jpg,image,,,,,"2016

										揭开KLK OLEO的价值观和使命。",unclassified_crawl_asset,linked_to_in_scope_content,"[""page:https-www-klkoleo-com-timeline-post-2016"",""page:https-www-klkoleo-com-timeline-post-2016-4"",""page:https-www-klkoleo-com-timeline-post-2016-6""]",0,False,True,Not matched to a WordPress media-library record
asset:crawl-aa3bbba34cce,https://www.klkoleo.com/wp-content/uploads/2021/11/2016-Vision-768x768.jpg,image,,,,,"2016

										揭开KLK OLEO的价值观和使命。",unclassified_crawl_asset,linked_to_in_scope_content,"[""page:https-www-klkoleo-com-timeline-post-2016"",""page:https-www-klkoleo-com-timeline-post-2016-4"",""page:https-www-klkoleo-com-timeline-post-2016-6""]",0,False,True,Not matched to a WordPress media-library record
asset:crawl-a98ccf2c30d4,https://www.klkoleo.com/wp-content/uploads/2021/11/2016-Vision.jpg,image,,,,,"2016

										揭开KLK OLEO的价值观和使命。",unclassified_crawl_asset,linked_to_in_scope_content,"[""page:https-www-klkoleo-com-timeline-post-2016"",""page:https-www-klkoleo-com-timeline-post-2016-4"",""page:https-www-klkoleo-com-timeline-post-2016-6""]",0,False,True,Not matched to a WordPress media-library record
asset:crawl-971c53cf75ab,https://www.klkoleo.com/wp-content/uploads/2021/11/2021-POR.png,image,,,,,"2021

										1st Jan 2021: Merging KSP Manufacturing and Palmamide operations into Palm-Oleo Sdn Bhd, a single entity with better capability and improved efficiency.",unclassified_crawl_asset,linked_to_in_scope_content,"[""page:https-www-klkoleo-com-timeline-post-2021"",""page:https-www-klkoleo-com-timeline-post-2021-2"",""page:https-www-klkoleo-com-timeline-post-2021-3""]",0,False,True,Not matched to a WordPress media-library record
asset:crawl-5d33c7c96e75,https://www.klkoleo.com/wp-content/uploads/2021/11/DSC02311-300x200.jpg,image,,,,,"His Excellency Mr Pascal Grégoire, Belgium Ambassador to Malaysia, paid a courtesy visit to Palm-Oleo Klang (“POR”) and KL-Kepong Oleomas (“KLKOM”). He was accompanied by Mr Chua Choon Hwa, the Senior Undersecretary of Palm Oil and Sago Development Division from the Ministry of Plantation Industries and Commodities.
Palm-Oleo Klang is one of the world’s largest standalone Oleochemical producers. The plant produces PALMERA Fatty Acids and Glycerine; PALMOSALT Soap Noodles; PALMOWAX Fatty Acid Bis-Amides, and a wide range of PALMOCOL Alkanolamides.
KL-Kepong Oleomas is strategically located in West Port, Malaysia. This allows direct pipeline access from plant to port for fast and effective supply to international markets. The plant is also one of the world’s largest producers of natural fatty alcohols, producing a wide variety of high-quality oleochemical products. They also invest heavily in R&D in response to the industry’s constant evolution.",unclassified_crawl_asset,linked_to_in_scope_content,"[""page:https-www-klkoleo-com-news-media-courtesy-visit-to-por-and-klkom-by-the-belgium-ambassador-to-malaysia""]",0,False,True,Not matched to a WordPress media-library record
asset:crawl-63e216cad8f5,https://www.klkoleo.com/wp-content/uploads/2021/11/DSC02311.jpg,image,,,,,"His Excellency Mr Pascal Grégoire, Belgium Ambassador to Malaysia, paid a courtesy visit to Palm-Oleo Klang (“POR”) and KL-Kepong Oleomas (“KLKOM”). He was accompanied by Mr Chua Choon Hwa, the Senior Undersecretary of Palm Oil and Sago Development Division from the Ministry of Plantation Industries and Commodities.
Palm-Oleo Klang is one of the world’s largest standalone Oleochemical producers. The plant produces PALMERA Fatty Acids and Glycerine; PALMOSALT Soap Noodles; PALMOWAX Fatty Acid Bis-Amides, and a wide range of PALMOCOL Alkanolamides.
KL-Kepong Oleomas is strategically located in West Port, Malaysia. This allows direct pipeline access from plant to port for fast and effective supply to international markets. The plant is also one of the world’s largest producers of natural fatty alcohols, producing a wide variety of high-quality oleochemical products. They also invest heavily in R&D in response to the industry’s constant evolution.",unclassified_crawl_asset,linked_to_in_scope_content,"[""page:https-www-klkoleo-com-news-media-courtesy-visit-to-por-and-klkom-by-the-belgium-ambassador-to-malaysia""]",0,False,True,Not matched to a WordPress media-library record
asset:crawl-aa5c6c8162c7,https://www.klkoleo.com/wp-content/uploads/2021/11/DSC02329-Square-100x100.jpg,image,,,,,"His Excellency Mr Pascal Grégoire, Belgium Ambassador to Malaysia, paid a courtesy visit to Palm-Oleo Klang (“POR”) and KL-Kepong Oleomas (“KLKOM”). He was accompanied by Mr Chua Choon Hwa, the Senior Undersecretary of Palm Oil and Sago Development Division from the Ministry of Plantation Industries and Commodities.
Palm-Oleo Klang is one of the world’s largest standalone Oleochemical producers. The plant produces PALMERA Fatty Acids and Glycerine; PALMOSALT Soap Noodles; PALMOWAX Fatty Acid Bis-Amides, and a wide range of PALMOCOL Alkanolamides.
KL-Kepong Oleomas is strategically located in West Port, Malaysia. This allows direct pipeline access from plant to port for fast and effective supply to international markets. The plant is also one of the world’s largest producers of natural fatty alcohols, producing a wide variety of high-quality oleochemical products. They also invest heavily in R&D in response to the industry’s constant evolution.",unclassified_crawl_asset,linked_to_in_scope_content,"[""page:https-www-klkoleo-com-news-media-courtesy-visit-to-por-and-klkom-by-the-belgium-ambassador-to-malaysia""]",0,False,True,Not matched to a WordPress media-library record
asset:crawl-0b7799c2858b,https://www.klkoleo.com/wp-content/uploads/2021/11/DSC02329-Square-150x150.jpg,image,,,,,"His Excellency Mr Pascal Grégoire, Belgium Ambassador to Malaysia, paid a courtesy visit to Palm-Oleo Klang (“POR”) and KL-Kepong Oleomas (“KLKOM”). He was accompanied by Mr Chua Choon Hwa, the Senior Undersecretary of Palm Oil and Sago Development Division from the Ministry of Plantation Industries and Commodities.
Palm-Oleo Klang is one of the world’s largest standalone Oleochemical producers. The plant produces PALMERA Fatty Acids and Glycerine; PALMOSALT Soap Noodles; PALMOWAX Fatty Acid Bis-Amides, and a wide range of PALMOCOL Alkanolamides.
KL-Kepong Oleomas is strategically located in West Port, Malaysia. This allows direct pipeline access from plant to port for fast and effective supply to international markets. The plant is also one of the world’s largest producers of natural fatty alcohols, producing a wide variety of high-quality oleochemical products. They also invest heavily in R&D in response to the industry’s constant evolution.",unclassified_crawl_asset,linked_to_in_scope_content,"[""page:https-www-klkoleo-com-news-media-courtesy-visit-to-por-and-klkom-by-the-belgium-ambassador-to-malaysia""]",0,False,True,Not matched to a WordPress media-library record
asset:crawl-c672328ca710,https://www.klkoleo.com/wp-content/uploads/2021/11/DSC02329-Square-300x300.jpg,image,,,,,"His Excellency Mr Pascal Grégoire, Belgium Ambassador to Malaysia, paid a courtesy visit to Palm-Oleo Klang (“POR”) and KL-Kepong Oleomas (“KLKOM”). He was accompanied by Mr Chua Choon Hwa, the Senior Undersecretary of Palm Oil and Sago Development Division from the Ministry of Plantation Industries and Commodities.
Palm-Oleo Klang is one of the world’s largest standalone Oleochemical producers. The plant produces PALMERA Fatty Acids and Glycerine; PALMOSALT Soap Noodles; PALMOWAX Fatty Acid Bis-Amides, and a wide range of PALMOCOL Alkanolamides.
KL-Kepong Oleomas is strategically located in West Port, Malaysia. This allows direct pipeline access from plant to port for fast and effective supply to international markets. The plant is also one of the world’s largest producers of natural fatty alcohols, producing a wide variety of high-quality oleochemical products. They also invest heavily in R&D in response to the industry’s constant evolution.",unclassified_crawl_asset,linked_to_in_scope_content,"[""page:https-www-klkoleo-com-news-media-courtesy-visit-to-por-and-klkom-by-the-belgium-ambassador-to-malaysia""]",0,False,True,Not matched to a WordPress media-library record
asset:crawl-6f97bafb196c,https://www.klkoleo.com/wp-content/uploads/2021/11/DSC02329-Square.jpg,image,,,,,"His Excellency Mr Pascal Grégoire, Belgium Ambassador to Malaysia, paid a courtesy visit to Palm-Oleo Klang (“POR”) and KL-Kepong Oleomas (“KLKOM”). He was accompanied by Mr Chua Choon Hwa, the Senior Undersecretary of Palm Oil and Sago Development Division from the Ministry of Plantation Industries and Commodities.
Palm-Oleo Klang is one of the world’s largest standalone Oleochemical producers. The plant produces PALMERA Fatty Acids and Glycerine; PALMOSALT Soap Noodles; PALMOWAX Fatty Acid Bis-Amides, and a wide range of PALMOCOL Alkanolamides.
KL-Kepong Oleomas is strategically located in West Port, Malaysia. This allows direct pipeline access from plant to port for fast and effective supply to international markets. The plant is also one of the world’s largest producers of natural fatty alcohols, producing a wide variety of high-quality oleochemical products. They also invest heavily in R&D in response to the industry’s constant evolution.",unclassified_crawl_asset,linked_to_in_scope_content,"[""page:https-www-klkoleo-com-news-media-courtesy-visit-to-por-and-klkom-by-the-belgium-ambassador-to-malaysia""]",0,False,True,Not matched to a WordPress media-library record
asset:crawl-cf4014a010af,https://www.klkoleo.com/wp-content/uploads/2021/11/DSC02380-15-100x100.jpg,image,,,,,"Courtesy Visit to POR and KLKOM by The Belgium Ambassador to Malaysia
										20 Sep 2021
										His Excellency Mr Pascal Grégoire, Belgium Ambassador to Malaysia, paid a courtesy visit to Palm-Oleo Klang (“POR”) and KL-Kepong Oleomas (“KLKOM”). He was accompanied by […]
										Know More",unclassified_crawl_asset,linked_to_in_scope_content,"[""page:https-www-klkoleo-com-archive-by-year-2021"",""page:https-www-klkoleo-com-news-media-courtesy-visit-to-por-and-klkom-by-the-belgium-ambassador-to-malaysia""]",0,False,True,Not matched to a WordPress media-library record
asset:crawl-58ae80c7964f,https://www.klkoleo.com/wp-content/uploads/2021/11/DSC02380-15-150x150.jpg,image,,,,,"Courtesy Visit to POR and KLKOM by The Belgium Ambassador to Malaysia
										20 Sep 2021
										His Excellency Mr Pascal Grégoire, Belgium Ambassador to Malaysia, paid a courtesy visit to Palm-Oleo Klang (“POR”) and KL-Kepong Oleomas (“KLKOM”). He was accompanied by […]
										Know More",unclassified_crawl_asset,linked_to_in_scope_content,"[""page:https-www-klkoleo-com-archive-by-year-2021"",""page:https-www-klkoleo-com-news-media-courtesy-visit-to-por-and-klkom-by-the-belgium-ambassador-to-malaysia""]",0,False,True,Not matched to a WordPress media-library record
asset:crawl-4c59ec48e4f2,https://www.klkoleo.com/wp-content/uploads/2021/11/DSC02380-15-300x300.jpg,image,,,,,"Courtesy Visit to POR and KLKOM by The Belgium Ambassador to Malaysia
										20 Sep 2021
										His Excellency Mr Pascal Grégoire, Belgium Ambassador to Malaysia, paid a courtesy visit to Palm-Oleo Klang (“POR”) and KL-Kepong Oleomas (“KLKOM”). He was accompanied by […]
										Know More",unclassified_crawl_asset,linked_to_in_scope_content,"[""page:https-www-klkoleo-com-archive-by-year-2021"",""page:https-www-klkoleo-com-news-media-courtesy-visit-to-por-and-klkom-by-the-belgium-ambassador-to-malaysia""]",0,False,True,Not matched to a WordPress media-library record
asset:crawl-014deaf27a0a,https://www.klkoleo.com/wp-content/uploads/2021/11/DSC02380-15.jpg,image,,,,,"Courtesy Visit to POR and KLKOM by The Belgium Ambassador to Malaysia
										20 Sep 2021
										His Excellency Mr Pascal Grégoire, Belgium Ambassador to Malaysia, paid a courtesy visit to Palm-Oleo Klang (“POR”) and KL-Kepong Oleomas (“KLKOM”). He was accompanied by […]
										Know More",unclassified_crawl_asset,linked_to_in_scope_content,"[""page:https-www-klkoleo-com-archive-by-year-2021"",""page:https-www-klkoleo-com-news-media-courtesy-visit-to-por-and-klkom-by-the-belgium-ambassador-to-malaysia""]",0,False,True,Not matched to a WordPress media-library record
asset:crawl-3a61d92ec65b,https://www.klkoleo.com/wp-content/uploads/2021/11/Davoslife-NOV-2015-1LR-1024x682.jpg,image,,,,,"2012

										达沃斯生命科学公司在新加坡的业务迁至马来西亚的西港，并扩大了生产能力。",unclassified_crawl_asset,linked_to_in_scope_content,"[""page:https-www-klkoleo-com-timeline-post-2012"",""page:https-www-klkoleo-com-timeline-post-2012-2"",""page:https-www-klkoleo-com-timeline-post-2012-3""]",0,False,True,Not matched to a WordPress media-library record
asset:crawl-dfb06fd21f76,https://www.klkoleo.com/wp-content/uploads/2021/11/Davoslife-NOV-2015-1LR-1536x1024.jpg,image,,,,,"2012

										达沃斯生命科学公司在新加坡的业务迁至马来西亚的西港，并扩大了生产能力。",unclassified_crawl_asset,linked_to_in_scope_content,"[""page:https-www-klkoleo-com-timeline-post-2012"",""page:https-www-klkoleo-com-timeline-post-2012-2"",""page:https-www-klkoleo-com-timeline-post-2012-3""]",0,False,True,Not matched to a WordPress media-library record
asset:crawl-a61394f3e94e,https://www.klkoleo.com/wp-content/uploads/2021/11/Davoslife-NOV-2015-1LR-300x200.jpg,image,,,,,"2012

										达沃斯生命科学公司在新加坡的业务迁至马来西亚的西港，并扩大了生产能力。",unclassified_crawl_asset,linked_to_in_scope_content,"[""page:https-www-klkoleo-com-timeline-post-2012"",""page:https-www-klkoleo-com-timeline-post-2012-2"",""page:https-www-klkoleo-com-timeline-post-2012-3""]",0,False,True,Not matched to a WordPress media-library record
asset:crawl-b68cd2bc77b0,https://www.klkoleo.com/wp-content/uploads/2021/11/Davoslife-NOV-2015-1LR-600x400.jpg,image,,,,,"2012

										达沃斯生命科学公司在新加坡的业务迁至马来西亚的西港，并扩大了生产能力。",unclassified_crawl_asset,linked_to_in_scope_content,"[""page:https-www-klkoleo-com-timeline-post-2012"",""page:https-www-klkoleo-com-timeline-post-2012-2"",""page:https-www-klkoleo-com-timeline-post-2012-3""]",0,False,True,Not matched to a WordPress media-library record
asset:crawl-562284d9b594,https://www.klkoleo.com/wp-content/uploads/2021/11/Davoslife-NOV-2015-1LR-768x512.jpg,image,,,,,"2012

										达沃斯生命科学公司在新加坡的业务迁至马来西亚的西港，并扩大了生产能力。",unclassified_crawl_asset,linked_to_in_scope_content,"[""page:https-www-klkoleo-com-timeline-post-2012"",""page:https-www-klkoleo-com-timeline-post-2012-2"",""page:https-www-klkoleo-com-timeline-post-2012-3""]",0,False,True,Not matched to a WordPress media-library record
asset:crawl-22e87947294b,https://www.klkoleo.com/wp-content/uploads/2021/11/Davoslife-NOV-2015-1LR.jpg,image,,,,2012,"2012
									
							
											Relocation of Davos Life Science’s operation at Singapore to Westport, Malaysia, and with expansion of production capacity.",unclassified_crawl_asset,linked_to_in_scope_content,"[""page:https-www-klkoleo-com-history-milestones"",""page:https-www-klkoleo-com-timeline-post-2012"",""page:https-www-klkoleo-com-timeline-post-2012-2"",""page:https-www-klkoleo-com-timeline-post-2012-3""]",0,False,True,Not matched to a WordPress media-library record
asset:crawl-ca2487747ed6,https://www.klkoleo.com/wp-content/uploads/2021/11/Unilever-01-100x100.png,image,,,,,"KLK rewarded with Unilever’s Clean Future “Brilliance Award”
										10 Feb 2021
										KLK is proud to be awarded Unilever’s Clean Future “Brilliance Award” under Clean Future Supplier Awards 2021. KLK is committed to producing sustainable, reliable, and […]
										Know More",unclassified_crawl_asset,linked_to_in_scope_content,"[""page:https-www-klkoleo-com-archive-by-year-2021""]",0,False,True,Not matched to a WordPress media-library record
asset:crawl-302e67e94967,https://www.klkoleo.com/wp-content/uploads/2021/11/Unilever-01-150x150.png,image,,,,,"KLK rewarded with Unilever’s Clean Future “Brilliance Award”
										10 Feb 2021
										KLK is proud to be awarded Unilever’s Clean Future “Brilliance Award” under Clean Future Supplier Awards 2021. KLK is committed to producing sustainable, reliable, and […]
										Know More",unclassified_crawl_asset,linked_to_in_scope_content,"[""page:https-www-klkoleo-com-archive-by-year-2021""]",0,False,True,Not matched to a WordPress media-library record
asset:crawl-b220e6326b61,https://www.klkoleo.com/wp-content/uploads/2021/11/Unilever-01-300x300.png,image,,,,,"KLK rewarded with Unilever’s Clean Future “Brilliance Award”
										10 Feb 2021
										KLK is proud to be awarded Unilever’s Clean Future “Brilliance Award” under Clean Future Supplier Awards 2021. KLK is committed to producing sustainable, reliable, and […]
										Know More",unclassified_crawl_asset,linked_to_in_scope_content,"[""page:https-www-klkoleo-com-archive-by-year-2021""]",0,False,True,Not matched to a WordPress media-library record
asset:crawl-ef8f68b33e03,https://www.klkoleo.com/wp-content/uploads/2021/11/Unilever-01-600x600.png,image,,,,,"KLK rewarded with Unilever’s Clean Future “Brilliance Award”
										10 Feb 2021
										KLK is proud to be awarded Unilever’s Clean Future “Brilliance Award” under Clean Future Supplier Awards 2021. KLK is committed to producing sustainable, reliable, and […]
										Know More",unclassified_crawl_asset,linked_to_in_scope_content,"[""page:https-www-klkoleo-com-archive-by-year-2021""]",0,False,True,Not matched to a WordPress media-library record
asset:crawl-4c9dc43658dc,https://www.klkoleo.com/wp-content/uploads/2021/11/Unilever-01-768x768.png,image,,,,,"KLK rewarded with Unilever’s Clean Future “Brilliance Award”
										10 Feb 2021
										KLK is proud to be awarded Unilever’s Clean Future “Brilliance Award” under Clean Future Supplier Awards 2021. KLK is committed to producing sustainable, reliable, and […]
										Know More",unclassified_crawl_asset,linked_to_in_scope_content,"[""page:https-www-klkoleo-com-archive-by-year-2021""]",0,False,True,Not matched to a WordPress media-library record
asset:crawl-413024759428,https://www.klkoleo.com/wp-content/uploads/2021/11/Unilever-01.png,image,,,,,"KLK rewarded with Unilever’s Clean Future “Brilliance Award”
										10 Feb 2021
										KLK is proud to be awarded Unilever’s Clean Future “Brilliance Award” under Clean Future Supplier Awards 2021. KLK is committed to producing sustainable, reliable, and […]
										Know More",unclassified_crawl_asset,linked_to_in_scope_content,"[""page:https-www-klkoleo-com-archive-by-year-2021""]",0,False,True,Not matched to a WordPress media-library record
asset:crawl-f4b7179d2763,https://www.klkoleo.com/wp-content/uploads/2022/05/IMG_1725-S-100x100.jpg,image,,,,TPOZ recognised as amongst Top 10 Model Companies adopting Holistic Safety Culture,"TPOZ recognised as amongst Top 10 Model Companies adopting Holistic Safety Culture
										24 Dec 2021
										As part of the People Republic of China’s government efforts to promote safety culture among enterprises, the Zhangjiagang Emergency Management Bureau recently organised a “Cultivate […]
										Know More",unclassified_crawl_asset,linked_to_in_scope_content,"[""page:https-www-klkoleo-com-archive-by-year-2021""]",0,False,True,Not matched to a WordPress media-library record
asset:crawl-3fb288a053b8,https://www.klkoleo.com/wp-content/uploads/2022/05/IMG_1725-S-1024x1024.jpg,image,,,,TPOZ recognised as amongst Top 10 Model Companies adopting Holistic Safety Culture,"TPOZ recognised as amongst Top 10 Model Companies adopting Holistic Safety Culture
										24 Dec 2021
										As part of the People Republic of China’s government efforts to promote safety culture among enterprises, the Zhangjiagang Emergency Management Bureau recently organised a “Cultivate […]
										Know More",unclassified_crawl_asset,linked_to_in_scope_content,"[""page:https-www-klkoleo-com-archive-by-year-2021""]",0,False,True,Not matched to a WordPress media-library record
asset:crawl-4ee00ab6ec1d,https://www.klkoleo.com/wp-content/uploads/2022/05/IMG_1725-S-150x150.jpg,image,,,,TPOZ recognised as amongst Top 10 Model Companies adopting Holistic Safety Culture,"TPOZ recognised as amongst Top 10 Model Companies adopting Holistic Safety Culture
										24 Dec 2021
										As part of the People Republic of China’s government efforts to promote safety culture among enterprises, the Zhangjiagang Emergency Management Bureau recently organised a “Cultivate […]
										Know More",unclassified_crawl_asset,linked_to_in_scope_content,"[""page:https-www-klkoleo-com-archive-by-year-2021""]",0,False,True,Not matched to a WordPress media-library record
asset:crawl-1c21c3eff3fb,https://www.klkoleo.com/wp-content/uploads/2022/05/IMG_1725-S-1536x1536.jpg,image,,,,TPOZ recognised as amongst Top 10 Model Companies adopting Holistic Safety Culture,"TPOZ recognised as amongst Top 10 Model Companies adopting Holistic Safety Culture
										24 Dec 2021
										As part of the People Republic of China’s government efforts to promote safety culture among enterprises, the Zhangjiagang Emergency Management Bureau recently organised a “Cultivate […]
										Know More",unclassified_crawl_asset,linked_to_in_scope_content,"[""page:https-www-klkoleo-com-archive-by-year-2021""]",0,False,True,Not matched to a WordPress media-library record
asset:crawl-e97e9665503c,https://www.klkoleo.com/wp-content/uploads/2022/05/IMG_1725-S-300x300.jpg,image,,,,TPOZ recognised as amongst Top 10 Model Companies adopting Holistic Safety Culture,"TPOZ recognised as amongst Top 10 Model Companies adopting Holistic Safety Culture
										24 Dec 2021
										As part of the People Republic of China’s government efforts to promote safety culture among enterprises, the Zhangjiagang Emergency Management Bureau recently organised a “Cultivate […]
										Know More",unclassified_crawl_asset,linked_to_in_scope_content,"[""page:https-www-klkoleo-com-archive-by-year-2021""]",0,False,True,Not matched to a WordPress media-library record
asset:crawl-78d9398fc255,https://www.klkoleo.com/wp-content/uploads/2022/05/IMG_1725-S-600x600.jpg,image,,,,TPOZ recognised as amongst Top 10 Model Companies adopting Holistic Safety Culture,"TPOZ recognised as amongst Top 10 Model Companies adopting Holistic Safety Culture
										24 Dec 2021
										As part of the People Republic of China’s government efforts to promote safety culture among enterprises, the Zhangjiagang Emergency Management Bureau recently organised a “Cultivate […]
										Know More",unclassified_crawl_asset,linked_to_in_scope_content,"[""page:https-www-klkoleo-com-archive-by-year-2021""]",0,False,True,Not matched to a WordPress media-library record
asset:crawl-c67bc878f23e,https://www.klkoleo.com/wp-content/uploads/2022/05/IMG_1725-S-768x768.jpg,image,,,,TPOZ recognised as amongst Top 10 Model Companies adopting Holistic Safety Culture,"TPOZ recognised as amongst Top 10 Model Companies adopting Holistic Safety Culture
										24 Dec 2021
										As part of the People Republic of China’s government efforts to promote safety culture among enterprises, the Zhangjiagang Emergency Management Bureau recently organised a “Cultivate […]
										Know More",unclassified_crawl_asset,linked_to_in_scope_content,"[""page:https-www-klkoleo-com-archive-by-year-2021""]",0,False,True,Not matched to a WordPress media-library record
asset:crawl-10d56144c2a1,https://www.klkoleo.com/wp-content/uploads/2022/05/IMG_1725-S.jpg,image,,,,TPOZ recognised as amongst Top 10 Model Companies adopting Holistic Safety Culture,"TPOZ recognised as amongst Top 10 Model Companies adopting Holistic Safety Culture
										24 Dec 2021
										As part of the People Republic of China’s government efforts to promote safety culture among enterprises, the Zhangjiagang Emergency Management Bureau recently organised a “Cultivate […]
										Know More",unclassified_crawl_asset,linked_to_in_scope_content,"[""page:https-www-klkoleo-com-archive-by-year-2021""]",0,False,True,Not matched to a WordPress media-library record
asset:crawl-02b762bf1e36,https://www.klkoleo.com/wp-content/uploads/2022/05/KLK-OLEO-e-invite-to-POC-2022.jpg,image,,,,,"We are excited to reconnect with everyone at Palm and Lauric Oils Price Outlook Conference & Exhibition 2022 (POC2022)!
Meet KLK OLEO and KLK Refinery team at Booth No. 5 to find out how we can work together to enrich human lives and beyond.",unclassified_crawl_asset,linked_to_in_scope_content,"[""page:https-www-klkoleo-com-news-media-klk-oleo-invites-you-to-poc-2022""]",0,False,True,Not matched to a WordPress media-library record
asset:crawl-99547814f4da,https://www.klkoleo.com/wp-content/uploads/2022/05/KLK-OLEO-e-invite-to-VFE-2022-B.jpg,image,,,,,"Let’s connect at Vitafoods Europe 2022!
As a global player in oleochemicals and phytonutrients, KLK OLEO offers an array of high quality, natural and sustainable products. We supply bioactives for use in nutraceuticals, cosmeceuticals and functional food and beverages. We also supply specialty ingredients for food and nutrition applications.
At this year’s Vitafoods Europe, we will feature DavosLife E3 Tocotrienols for beauty from within applications. We have received glowing reviews from customers who have tried and tested DavosLife E3 Bio-Enhanced 20 and DavosLife E3 DVP 30-WD in beauty from within nutraceutical products. Customers saw marked improvements in skin tone and youthfulness in 2 months.
Look for us at Booth no. G49 to understand how KLK OLEO can help you elevate your products. We will showcase various products at this event:
✔️ DavosLife E3 Tocotrienols (Super Vitamin E)
✔️ DavosLife Biocarotene
✔️ PALMESTER MCTs
✔️ PALMERA Glycerine
✔️ EDENOR Triacetin
✔️ ENHEX MCTs (Ph. Eur. Grade)
✔️ ENHEX Glycerine (Ph. Eur. Grade)",unclassified_crawl_asset,linked_to_in_scope_content,"[""page:https-www-klkoleo-com-news-media-klk-oleo-invites-you-to-vitafoods-europe-2022""]",0,False,True,Not matched to a WordPress media-library record
asset:crawl-f710c48777dd,https://www.klkoleo.com/wp-content/uploads/2022/05/NYSCC2022-2.jpg,image,,,,,"Successful home care, personal care and beauty care require ingredients that deliver proven performance, are environmentally friendly, and support innovative formulations. KLK OLEO is one step ahead, thanks to our twelve (12) cutting-edge, sustainable manufacturing facilities in Malaysia, Indonesia, China and Europe where we offer brands a way to design their dream products, more sustainably.
Get in touch with us at 2022 NYSCC Suppliers’ Day to understand how KLK OLEO can help you elevate your products.
Check out more here",unclassified_crawl_asset,linked_to_in_scope_content,"[""page:https-www-klkoleo-com-news-media-klk-oleo-invites-you-to-nyscc-suppliers-day-2022""]",0,False,True,Not matched to a WordPress media-library record
asset:crawl-5ad5ff66d596,https://www.klkoleo.com/wp-content/uploads/2022/06/1991-scaled-1-100x100.jpg,image,,,,1991: Tan Sri Dato’ Seri Lee Loy Seng,"KLK的创始人

										已故丹斯里拿督斯里李莱生",unclassified_crawl_asset,linked_to_in_scope_content,"[""page:https-www-klkoleo-com-timeline-post-klk-founder"",""page:https-www-klkoleo-com-timeline-post-klk-founder-2"",""page:https-www-klkoleo-com-timeline-post-klk-founder-3""]",0,False,True,Not matched to a WordPress media-library record
asset:crawl-c310cae06a63,https://www.klkoleo.com/wp-content/uploads/2022/06/1991-scaled-1-1024x1024.jpg,image,,,,1991: Tan Sri Dato’ Seri Lee Loy Seng,"KLK的创始人

										已故丹斯里拿督斯里李莱生",unclassified_crawl_asset,linked_to_in_scope_content,"[""page:https-www-klkoleo-com-timeline-post-klk-founder"",""page:https-www-klkoleo-com-timeline-post-klk-founder-2"",""page:https-www-klkoleo-com-timeline-post-klk-founder-3""]",0,False,True,Not matched to a WordPress media-library record
asset:crawl-91f8d811772e,https://www.klkoleo.com/wp-content/uploads/2022/06/1991-scaled-1-150x150.jpg,image,,,,1991: Tan Sri Dato’ Seri Lee Loy Seng,"KLK的创始人

										已故丹斯里拿督斯里李莱生",unclassified_crawl_asset,linked_to_in_scope_content,"[""page:https-www-klkoleo-com-timeline-post-klk-founder"",""page:https-www-klkoleo-com-timeline-post-klk-founder-2"",""page:https-www-klkoleo-com-timeline-post-klk-founder-3""]",0,False,True,Not matched to a WordPress media-library record
asset:crawl-f1abd12981e1,https://www.klkoleo.com/wp-content/uploads/2022/06/1991-scaled-1-1536x1536.jpg,image,,,,1991: Tan Sri Dato’ Seri Lee Loy Seng,"KLK的创始人

										已故丹斯里拿督斯里李莱生",unclassified_crawl_asset,linked_to_in_scope_content,"[""page:https-www-klkoleo-com-timeline-post-klk-founder"",""page:https-www-klkoleo-com-timeline-post-klk-founder-2"",""page:https-www-klkoleo-com-timeline-post-klk-founder-3""]",0,False,True,Not matched to a WordPress media-library record
asset:crawl-81162d3ed8df,https://www.klkoleo.com/wp-content/uploads/2022/06/1991-scaled-1-2048x2048.jpg,image,,,,1991: Tan Sri Dato’ Seri Lee Loy Seng,"KLK的创始人

										已故丹斯里拿督斯里李莱生",unclassified_crawl_asset,linked_to_in_scope_content,"[""page:https-www-klkoleo-com-timeline-post-klk-founder"",""page:https-www-klkoleo-com-timeline-post-klk-founder-2"",""page:https-www-klkoleo-com-timeline-post-klk-founder-3""]",0,False,True,Not matched to a WordPress media-library record
asset:crawl-e4b22626cead,https://www.klkoleo.com/wp-content/uploads/2022/06/1991-scaled-1-300x300.jpg,image,,,,1991: Tan Sri Dato’ Seri Lee Loy Seng,"KLK的创始人

										已故丹斯里拿督斯里李莱生",unclassified_crawl_asset,linked_to_in_scope_content,"[""page:https-www-klkoleo-com-timeline-post-klk-founder"",""page:https-www-klkoleo-com-timeline-post-klk-founder-2"",""page:https-www-klkoleo-com-timeline-post-klk-founder-3""]",0,False,True,Not matched to a WordPress media-library record
asset:crawl-ac3771a54307,https://www.klkoleo.com/wp-content/uploads/2022/06/1991-scaled-1-600x600.jpg,image,,,,1991: Tan Sri Dato’ Seri Lee Loy Seng,"KLK的创始人

										已故丹斯里拿督斯里李莱生",unclassified_crawl_asset,linked_to_in_scope_content,"[""page:https-www-klkoleo-com-timeline-post-klk-founder"",""page:https-www-klkoleo-com-timeline-post-klk-founder-2"",""page:https-www-klkoleo-com-timeline-post-klk-founder-3""]",0,False,True,Not matched to a WordPress media-library record
asset:crawl-5cea01049e96,https://www.klkoleo.com/wp-content/uploads/2022/06/1991-scaled-1-768x768.jpg,image,,,,1991: Tan Sri Dato’ Seri Lee Loy Seng,"KLK的创始人

										已故丹斯里拿督斯里李莱生",unclassified_crawl_asset,linked_to_in_scope_content,"[""page:https-www-klkoleo-com-timeline-post-klk-founder"",""page:https-www-klkoleo-com-timeline-post-klk-founder-2"",""page:https-www-klkoleo-com-timeline-post-klk-founder-3""]",0,False,True,Not matched to a WordPress media-library record
asset:crawl-d892956ad1af,https://www.klkoleo.com/wp-content/uploads/2022/06/1991-scaled-1.jpg,image,,,,KLK Founder,"KLK Founder
									
							
											The late Tan Sri Dato’ Seri Lee Loy Seng",unclassified_crawl_asset,linked_to_in_scope_content,"[""page:https-www-klkoleo-com-history-milestones"",""page:https-www-klkoleo-com-timeline-post-klk-founder"",""page:https-www-klkoleo-com-timeline-post-klk-founder-2"",""page:https-www-klkoleo-com-timeline-post-klk-founder-3""]",0,False,True,Not matched to a WordPress media-library record
asset:crawl-6bbeb714204e,https://www.klkoleo.com/wp-content/uploads/2022/06/2022-e-invite-to-In-Cosmetics-Korea-01-100x100.jpg,image,,,,,"It is our great honour to invite you to connect with us at the upcoming in-cosmetics Korea, the largest exhibition dedicated to personal care ingredients in Korea. This event will be held on 13 – 15 July 2022.
Visit us at Booth B30 to discover KLK OLEO’s bundle of sustainable K-Beauty and personal care ingredients that can help you embrace natural beauty. We will showcase various K-beauty and personal care ingredients at this event. These ingredients cover multiple functional efficacies such as:



Anti-Ageing
Emollient
Pearlescent
Green Surfactant


Foam Booster
Humectant
Opaficier
Viscosity Modifier


Thickener
Solubiliser
Emulsifier
and others…



Check out more here",unclassified_crawl_asset,linked_to_in_scope_content,"[""page:https-www-klkoleo-com-news-media-embrace-natural-beauty-with-klk-oleo-in-the-upcoming-in-cosmetics-korea""]",0,False,True,Not matched to a WordPress media-library record
asset:crawl-beeada5cf95d,https://www.klkoleo.com/wp-content/uploads/2022/06/2022-e-invite-to-In-Cosmetics-Korea-01-1024x1024.jpg,image,,,,,"It is our great honour to invite you to connect with us at the upcoming in-cosmetics Korea, the largest exhibition dedicated to personal care ingredients in Korea. This event will be held on 13 – 15 July 2022.
Visit us at Booth B30 to discover KLK OLEO’s bundle of sustainable K-Beauty and personal care ingredients that can help you embrace natural beauty. We will showcase various K-beauty and personal care ingredients at this event. These ingredients cover multiple functional efficacies such as:



Anti-Ageing
Emollient
Pearlescent
Green Surfactant


Foam Booster
Humectant
Opaficier
Viscosity Modifier


Thickener
Solubiliser
Emulsifier
and others…



Check out more here",unclassified_crawl_asset,linked_to_in_scope_content,"[""page:https-www-klkoleo-com-news-media-embrace-natural-beauty-with-klk-oleo-in-the-upcoming-in-cosmetics-korea""]",0,False,True,Not matched to a WordPress media-library record
asset:crawl-47e07a864806,https://www.klkoleo.com/wp-content/uploads/2022/06/2022-e-invite-to-In-Cosmetics-Korea-01-150x150.jpg,image,,,,,"It is our great honour to invite you to connect with us at the upcoming in-cosmetics Korea, the largest exhibition dedicated to personal care ingredients in Korea. This event will be held on 13 – 15 July 2022.
Visit us at Booth B30 to discover KLK OLEO’s bundle of sustainable K-Beauty and personal care ingredients that can help you embrace natural beauty. We will showcase various K-beauty and personal care ingredients at this event. These ingredients cover multiple functional efficacies such as:



Anti-Ageing
Emollient
Pearlescent
Green Surfactant


Foam Booster
Humectant
Opaficier
Viscosity Modifier


Thickener
Solubiliser
Emulsifier
and others…



Check out more here",unclassified_crawl_asset,linked_to_in_scope_content,"[""page:https-www-klkoleo-com-news-media-embrace-natural-beauty-with-klk-oleo-in-the-upcoming-in-cosmetics-korea""]",0,False,True,Not matched to a WordPress media-library record
asset:crawl-0af4ac466e4a,https://www.klkoleo.com/wp-content/uploads/2022/06/2022-e-invite-to-In-Cosmetics-Korea-01-300x300.jpg,image,,,,,"It is our great honour to invite you to connect with us at the upcoming in-cosmetics Korea, the largest exhibition dedicated to personal care ingredients in Korea. This event will be held on 13 – 15 July 2022.
Visit us at Booth B30 to discover KLK OLEO’s bundle of sustainable K-Beauty and personal care ingredients that can help you embrace natural beauty. We will showcase various K-beauty and personal care ingredients at this event. These ingredients cover multiple functional efficacies such as:



Anti-Ageing
Emollient
Pearlescent
Green Surfactant


Foam Booster
Humectant
Opaficier
Viscosity Modifier


Thickener
Solubiliser
Emulsifier
and others…



Check out more here",unclassified_crawl_asset,linked_to_in_scope_content,"[""page:https-www-klkoleo-com-news-media-embrace-natural-beauty-with-klk-oleo-in-the-upcoming-in-cosmetics-korea""]",0,False,True,Not matched to a WordPress media-library record
asset:crawl-1f9682870da9,https://www.klkoleo.com/wp-content/uploads/2022/06/2022-e-invite-to-In-Cosmetics-Korea-01-600x600.jpg,image,,,,,"It is our great honour to invite you to connect with us at the upcoming in-cosmetics Korea, the largest exhibition dedicated to personal care ingredients in Korea. This event will be held on 13 – 15 July 2022.
Visit us at Booth B30 to discover KLK OLEO’s bundle of sustainable K-Beauty and personal care ingredients that can help you embrace natural beauty. We will showcase various K-beauty and personal care ingredients at this event. These ingredients cover multiple functional efficacies such as:



Anti-Ageing
Emollient
Pearlescent
Green Surfactant


Foam Booster
Humectant
Opaficier
Viscosity Modifier


Thickener
Solubiliser
Emulsifier
and others…



Check out more here",unclassified_crawl_asset,linked_to_in_scope_content,"[""page:https-www-klkoleo-com-news-media-embrace-natural-beauty-with-klk-oleo-in-the-upcoming-in-cosmetics-korea""]",0,False,True,Not matched to a WordPress media-library record
asset:crawl-06484295f3be,https://www.klkoleo.com/wp-content/uploads/2022/06/2022-e-invite-to-In-Cosmetics-Korea-01-768x768.jpg,image,,,,,"It is our great honour to invite you to connect with us at the upcoming in-cosmetics Korea, the largest exhibition dedicated to personal care ingredients in Korea. This event will be held on 13 – 15 July 2022.
Visit us at Booth B30 to discover KLK OLEO’s bundle of sustainable K-Beauty and personal care ingredients that can help you embrace natural beauty. We will showcase various K-beauty and personal care ingredients at this event. These ingredients cover multiple functional efficacies such as:



Anti-Ageing
Emollient
Pearlescent
Green Surfactant


Foam Booster
Humectant
Opaficier
Viscosity Modifier


Thickener
Solubiliser
Emulsifier
and others…



Check out more here",unclassified_crawl_asset,linked_to_in_scope_content,"[""page:https-www-klkoleo-com-news-media-embrace-natural-beauty-with-klk-oleo-in-the-upcoming-in-cosmetics-korea""]",0,False,True,Not matched to a WordPress media-library record
asset:crawl-415cad10634d,https://www.klkoleo.com/wp-content/uploads/2022/06/2022-e-invite-to-In-Cosmetics-Korea-01.jpg,image,,,,,"It is our great honour to invite you to connect with us at the upcoming in-cosmetics Korea, the largest exhibition dedicated to personal care ingredients in Korea. This event will be held on 13 – 15 July 2022.
Visit us at Booth B30 to discover KLK OLEO’s bundle of sustainable K-Beauty and personal care ingredients that can help you embrace natural beauty. We will showcase various K-beauty and personal care ingredients at this event. These ingredients cover multiple functional efficacies such as:



Anti-Ageing
Emollient
Pearlescent
Green Surfactant


Foam Booster
Humectant
Opaficier
Viscosity Modifier


Thickener
Solubiliser
Emulsifier
and others…



Check out more here",unclassified_crawl_asset,linked_to_in_scope_content,"[""page:https-www-klkoleo-com-news-media-embrace-natural-beauty-with-klk-oleo-in-the-upcoming-in-cosmetics-korea""]",0,False,True,Not matched to a WordPress media-library record
asset:crawl-89552dbc46bb,https://www.klkoleo.com/wp-content/uploads/2022/06/Ralf-Ewering-100x100.jpg,image,,,,,"KLK OLEO announces today the appointment of Ralf Ewering as Chief Sustainability Officer Europe.
Ralf will drive and lead the development and delivery of the Europe region’s sustainability strategy to further establish KLK OLEO’s sustainability leadership in the Oleochemical industry.
“I’m excited to further drive momentum to KLK OLEO’s sustainability journey and work on the positive transition of our industry towards the people and our planet.” Ralf Ewering said.
Ralf has 27 years of experience in different managerial positions in the process industry and is working for 17 years in the oleochemical industry. Ralf holds a Master in Chemical Engineering from the Technical University of Dortmund.
At KLK OLEO, our principles on sustainability are guided by integrity. Sustainability is fundamental to how we conduct our business and we have a robust structure in place to facilitate the implementation of sustainability strategies across the Group. Our commitment to ESG (Environmental, Social and Governance) and Sustainability Policy enable KLK OLEO continues to grow as the most trusted partner in sustainable products and solutions.
About KLK OLEO
Built on a legacy of integrity, humility, innovation and loyalty, KLK OLEO is committed to providing the best sustainable solutions to address global demands and consumer trends. As a worldwide oleochemical producer with over 100 years of experience, KLK OLEO’s products can be found in most consumer staples, from Beauty & Personal Care, Food & Health Care, Home Care, Industries & Institutional Cleaning, Lubricants to Polymers.
KLK OLEO is the manufacturing division of KUALA LUMPUR KEPONG BERHAD (KLK). A leading international Plantations group listed on the Main Board of Bursa Malaysia Securities Berhad.",unclassified_crawl_asset,linked_to_in_scope_content,"[""page:https-www-klkoleo-com-news-media-klk-oleo-appoints-ralf-ewering-as-chief-sustainability-officer-europe""]",0,False,True,Not matched to a WordPress media-library record
asset:crawl-e2ec69608bca,https://www.klkoleo.com/wp-content/uploads/2022/06/Ralf-Ewering-150x150.jpg,image,,,,,"KLK OLEO announces today the appointment of Ralf Ewering as Chief Sustainability Officer Europe.
Ralf will drive and lead the development and delivery of the Europe region’s sustainability strategy to further establish KLK OLEO’s sustainability leadership in the Oleochemical industry.
“I’m excited to further drive momentum to KLK OLEO’s sustainability journey and work on the positive transition of our industry towards the people and our planet.” Ralf Ewering said.
Ralf has 27 years of experience in different managerial positions in the process industry and is working for 17 years in the oleochemical industry. Ralf holds a Master in Chemical Engineering from the Technical University of Dortmund.
At KLK OLEO, our principles on sustainability are guided by integrity. Sustainability is fundamental to how we conduct our business and we have a robust structure in place to facilitate the implementation of sustainability strategies across the Group. Our commitment to ESG (Environmental, Social and Governance) and Sustainability Policy enable KLK OLEO continues to grow as the most trusted partner in sustainable products and solutions.
About KLK OLEO
Built on a legacy of integrity, humility, innovation and loyalty, KLK OLEO is committed to providing the best sustainable solutions to address global demands and consumer trends. As a worldwide oleochemical producer with over 100 years of experience, KLK OLEO’s products can be found in most consumer staples, from Beauty & Personal Care, Food & Health Care, Home Care, Industries & Institutional Cleaning, Lubricants to Polymers.
KLK OLEO is the manufacturing division of KUALA LUMPUR KEPONG BERHAD (KLK). A leading international Plantations group listed on the Main Board of Bursa Malaysia Securities Berhad.",unclassified_crawl_asset,linked_to_in_scope_content,"[""page:https-www-klkoleo-com-news-media-klk-oleo-appoints-ralf-ewering-as-chief-sustainability-officer-europe""]",0,False,True,Not matched to a WordPress media-library record
asset:crawl-01477ba09830,https://www.klkoleo.com/wp-content/uploads/2022/06/Ralf-Ewering-300x300.jpg,image,,,,,"KLK OLEO announces today the appointment of Ralf Ewering as Chief Sustainability Officer Europe.
Ralf will drive and lead the development and delivery of the Europe region’s sustainability strategy to further establish KLK OLEO’s sustainability leadership in the Oleochemical industry.
“I’m excited to further drive momentum to KLK OLEO’s sustainability journey and work on the positive transition of our industry towards the people and our planet.” Ralf Ewering said.
Ralf has 27 years of experience in different managerial positions in the process industry and is working for 17 years in the oleochemical industry. Ralf holds a Master in Chemical Engineering from the Technical University of Dortmund.
At KLK OLEO, our principles on sustainability are guided by integrity. Sustainability is fundamental to how we conduct our business and we have a robust structure in place to facilitate the implementation of sustainability strategies across the Group. Our commitment to ESG (Environmental, Social and Governance) and Sustainability Policy enable KLK OLEO continues to grow as the most trusted partner in sustainable products and solutions.
About KLK OLEO
Built on a legacy of integrity, humility, innovation and loyalty, KLK OLEO is committed to providing the best sustainable solutions to address global demands and consumer trends. As a worldwide oleochemical producer with over 100 years of experience, KLK OLEO’s products can be found in most consumer staples, from Beauty & Personal Care, Food & Health Care, Home Care, Industries & Institutional Cleaning, Lubricants to Polymers.
KLK OLEO is the manufacturing division of KUALA LUMPUR KEPONG BERHAD (KLK). A leading international Plantations group listed on the Main Board of Bursa Malaysia Securities Berhad.",unclassified_crawl_asset,linked_to_in_scope_content,"[""page:https-www-klkoleo-com-news-media-klk-oleo-appoints-ralf-ewering-as-chief-sustainability-officer-europe""]",0,False,True,Not matched to a WordPress media-library record
asset:crawl-58e98daf9fcc,https://www.klkoleo.com/wp-content/uploads/2022/06/Ralf-Ewering.jpg,image,,,,,"KLK OLEO announces today the appointment of Ralf Ewering as Chief Sustainability Officer Europe.
Ralf will drive and lead the development and delivery of the Europe region’s sustainability strategy to further establish KLK OLEO’s sustainability leadership in the Oleochemical industry.
“I’m excited to further drive momentum to KLK OLEO’s sustainability journey and work on the positive transition of our industry towards the people and our planet.” Ralf Ewering said.
Ralf has 27 years of experience in different managerial positions in the process industry and is working for 17 years in the oleochemical industry. Ralf holds a Master in Chemical Engineering from the Technical University of Dortmund.
At KLK OLEO, our principles on sustainability are guided by integrity. Sustainability is fundamental to how we conduct our business and we have a robust structure in place to facilitate the implementation of sustainability strategies across the Group. Our commitment to ESG (Environmental, Social and Governance) and Sustainability Policy enable KLK OLEO continues to grow as the most trusted partner in sustainable products and solutions.
About KLK OLEO
Built on a legacy of integrity, humility, innovation and loyalty, KLK OLEO is committed to providing the best sustainable solutions to address global demands and consumer trends. As a worldwide oleochemical producer with over 100 years of experience, KLK OLEO’s products can be found in most consumer staples, from Beauty & Personal Care, Food & Health Care, Home Care, Industries & Institutional Cleaning, Lubricants to Polymers.
KLK OLEO is the manufacturing division of KUALA LUMPUR KEPONG BERHAD (KLK). A leading international Plantations group listed on the Main Board of Bursa Malaysia Securities Berhad.",unclassified_crawl_asset,linked_to_in_scope_content,"[""page:https-www-klkoleo-com-news-media-klk-oleo-appoints-ralf-ewering-as-chief-sustainability-officer-europe""]",0,False,True,Not matched to a WordPress media-library record
asset:crawl-c1312e9bbcf4,https://www.klkoleo.com/wp-content/uploads/2022/09/AsiaMoney-Square.jpg,image,,,,KLK recognised as the Most Outstanding Company in the Plantation Sector by AsiaMoney,"KLK recognised as the Most Outstanding Company in the Plantation Sector by AsiaMoney
										28 Sep 2022
										We are proud to announce that Kuala Lumpur-Kepong Berhad (KLK) was once again recognised as Malaysia’s Most Outstanding Company in the Plantation Sector for Asia’s […]
										Know More",unclassified_crawl_asset,linked_to_in_scope_content,"[""page:https-www-klkoleo-com-archive-by-year-2022""]",0,False,True,Not matched to a WordPress media-library record
asset:crawl-e7f93ee0fb2c,https://www.klkoleo.com/wp-content/uploads/2022/09/Deloitte-Award-01.png,image,,,,KLK Deloitte Award 2022 - Best Managed Companies,"KLK recognised as one of Malaysia’s Best Managed Companies second year in a row
										20 Jul 2023
										KLK has been recognised as one of Malaysia’s Best Managed Companies 2023 for the second year in a row. An initiative by Deloitte Private, the […]
										Know More",unclassified_crawl_asset,linked_to_in_scope_content,"[""page:https-www-klkoleo-com-archive-by-year-2023""]",0,False,True,Not matched to a WordPress media-library record
asset:crawl-a2a8edb17fda,https://www.klkoleo.com/wp-content/uploads/2022/10/2022-10-OFIC-LinkedIn-image.png,image,,,,Get in touch with KLK at the upcoming OFIC 2022!,"Get in touch with KLK at the upcoming OFIC 2022!
										11 Oct 2022
										Get in touch with us at the upcoming OFIC (Oil and Fats International Congress) 2022! In synergy with the conference theme “Boosting the Potential of […]
										Know More",unclassified_crawl_asset,linked_to_in_scope_content,"[""page:https-www-klkoleo-com-archive-by-year-2022"",""page:https-www-klkoleo-com-news-media-get-in-touch-with-klk-at-the-upcoming-ofic-2022""]",0,False,True,Not matched to a WordPress media-library record
asset:crawl-faf2d2d01bca,https://www.klkoleo.com/wp-content/uploads/2022/10/CSR-Award-2022-02.jpg,image,,,,,"Kuala Lumpur Kepong Berhad (KLK) received recognition as Company of the Year Award for Excellence in Sustainability and CSR Initiatives (Plantation) at the Sustainability & CSR Malaysia Awards.

This is KLK’s third recognition from the Sustainability & CSR Malaysia Awards since 2020 for our continued efforts in environmental conservation and commitment in giving back to the community through our various initiatives.
Organised by CSR Malaysia, the annually held awards serve as a platform to celebrate outstanding achievers and inspiring corporations for their efforts to create a better Malaysia through their sustainability and corporate social responsibility endeavours.
Find out more about KLK’s Corporate Responsibility here: Values Matter. Society Matters.
About KLK OLEO
Built on a legacy of integrity, humility, innovation and loyalty, KLK OLEO is committed to providing the best sustainable solutions to address global demands and consumer trends. As a worldwide oleochemical producer with over 100 years of experience, KLK OLEO’s products can be found in most consumer staples, from Beauty & Personal Care, Food & Health Care, Home Care, Industries & Institutional Cleaning, Lubricants to Polymers.
KLK OLEO is the manufacturing division of KUALA LUMPUR KEPONG BERHAD (KLK). A leading international Plantations group listed on the Main Board of Bursa Malaysia Securities Berhad.",unclassified_crawl_asset,linked_to_in_scope_content,"[""page:https-www-klkoleo-com-news-media-klk-received-company-of-the-year-award-for-excellence-in-sustainability-and-csr-initiatives-plantation""]",0,False,True,Not matched to a WordPress media-library record
asset:crawl-5beb757ba7cf,https://www.klkoleo.com/wp-content/uploads/2022/10/GCA-Logo-2020-Black-background.png,image,,,,Graduates’ Choice Award (GCA),"KLK OLEO was voted as one of Malaysia’s Most Preferred Graduate Employers To Work in 2022
										20 Oct 2022
										KLK OLEO is honoured to be recognised by the Graduates’ Choice Award (GCA) as one of Malaysia’s Most Preferred Graduate Employers To Work in 2022 […]
										Know More",unclassified_crawl_asset,linked_to_in_scope_content,"[""page:https-www-klkoleo-com-archive-by-year-2022""]",0,False,True,Not matched to a WordPress media-library record
asset:crawl-43e5a5a53f5a,https://www.klkoleo.com/wp-content/uploads/2022/10/GCOE-Trophy.jpg,image,,,,Graduates' Choice of Employer Trophy,"KLK OLEO is honoured to be recognised by the Graduates’ Choice Award (GCA) as one of Malaysia’s Most Preferred Graduate Employers To Work in 2022 in the Chemical category.
Established in 2018, the Graduates’ Choice Award (GCA) is APAC’s Most Authoritative Graduate Employer Branding Award, with the result 100% determined by the votes of university students.
Recognized by top organisations, the GCA stands as an irrefutable gold standard gauge for graduate recruiters, and as a hallmark of excellence among organisations.
Conceived through years of meticulous planning and unyielding ambition, the GCA is an esteemed award that recognizes the efforts of companies in changing the recruitment landscape, by bridging the gap between industry players and graduates beyond traditional means. It is also a testament to the perseverance, commitment and dedication of companies that have invested in enhancing their employer branding.
Find out more about career opportunities in KLK OLEO here.",unclassified_crawl_asset,linked_to_in_scope_content,"[""page:https-www-klkoleo-com-news-media-klk-oleo-was-voted-as-one-of-malaysias-most-preferred-graduate-employers-to-work-in-2022""]",0,False,True,Not matched to a WordPress media-library record
asset:crawl-437add1ba8d6,https://www.klkoleo.com/wp-content/uploads/2022/11/AsiaMoney.jpg,image,,,,KLK recognised as the Most Outstanding Company in the Plantation Sector by AsiaMoney,"We are proud to announce that Kuala Lumpur-Kepong Berhad (KLK) was once again recognised as Malaysia’s Most Outstanding Company in the Plantation Sector for Asia’s Outstanding Companies Poll 2022 by AsiaMoney.
The poll, which is based on AsiaMoney’s flagship Brokers Poll, is designed to identify listed companies that have excelled in financial performance, management team excellence, investor relations, and CSR activities.
In total, over 4,620 votes were received from fund managers, buy-side analysts, bankers and research analysts, which concluded on 15 July 2022. The results saw 175 outstanding companies in their respective sectors and market, of which KLK emerged as the winner in the Plantation sector for the second year running.
Check the full list of Asia’s Outstanding Companies Poll 2022 by AsiaMoney here.
About KLK OLEO
Built on a legacy of integrity, humility, innovation and loyalty, KLK OLEO is committed to providing the best sustainable solutions to address global demands and consumer trends. As a worldwide oleochemical producer with over 100 years of experience, KLK OLEO’s products can be found in most consumer staples, from Beauty & Personal Care, Food & Health Care, Home Care, Industries & Institutional Cleaning, Lubricants to Polymers.
KLK OLEO is the manufacturing division of KUALA LUMPUR KEPONG BERHAD (KLK). A leading international Plantations group listed on the Main Board of Bursa Malaysia Securities Berhad.",unclassified_crawl_asset,linked_to_in_scope_content,"[""page:https-www-klkoleo-com-news-media-klk-recognised-as-the-most-outstanding-company-in-the-plantation-sector-by-asiamoney""]",0,False,True,Not matched to a WordPress media-library record
asset:crawl-1a90f8dba0a2,https://www.klkoleo.com/wp-content/uploads/2022/11/The-Edge-BRC-Logo-SQ.png,image,,,,Edge Billion Ringgit Club 2022,"KLK’s CEO Tan Sri Dato’ Seri Lee Oi Hian named The Edge Billion Ringgit Club 2022’s Outstanding CEO & Value Creator
										02 Nov 2022
										KLK’s CEO, Tan Sri Dato’ Seri Lee Oi Hian was named The Edge Billion Ringgit Club (BRC) 2022’s Outstanding CEO & Value Creator in an […]
										Know More",unclassified_crawl_asset,linked_to_in_scope_content,"[""page:https-www-klkoleo-com-archive-by-year-2022""]",0,False,True,Not matched to a WordPress media-library record
asset:crawl-7df0046e561a,https://www.klkoleo.com/wp-content/uploads/2022/12/2022-12-EEA-Monogram-Thriving-in-Adversity.png,image,,,,2022 12 EEA Monogram Thriving in Adversity,"KLK OLEO Received “Thriving in Adversity” Award at Export Excellence Awards (EEA) 2022
										10 Dec 2022
										KLK OLEO received the “Thriving in Adversity” Award at the Export Excellence Awards (EEA) Gala Night held on 25th November 2022 at M Resort and […]
										Know More",unclassified_crawl_asset,linked_to_in_scope_content,"[""page:https-www-klkoleo-com-archive-by-year-2022""]",0,False,True,Not matched to a WordPress media-library record
asset:crawl-d11e379ff225,https://www.klkoleo.com/wp-content/uploads/2023/01/IMG20221221122853.jpg,image,,,,Ms Lim Fong Nee and Dr. Liew Weng Hui with the MSOSH trophy and plaque - KLK OLEO,"Palm-Oleo Awarded MSOSH Gold Class I Award
										27 Dec 2022
										Palm-Oleo Sdn Bhd (Palm-Oleo) Fatty Acid & Glycerine (FAG) Plant and Soap Noodle & Amide (SNAM) Plant were both awarded the MSOSH Gold Class I […]
										Know More",unclassified_crawl_asset,linked_to_in_scope_content,"[""page:https-www-klkoleo-com-archive-by-year-2022""]",0,False,True,Not matched to a WordPress media-library record
asset:crawl-201ba20ff6b0,https://www.klkoleo.com/wp-content/uploads/2023/01/KLK-OLEO-EEA-Stage.png,image,,,,KLK OLEO EEA Stage,"KLK OLEO received the “Thriving in Adversity” Award at the Export Excellence Awards (EEA) Gala Night held on 25th November 2022 at M Resort and Hotel in Kuala Lumpur.
Organised by The Star Media Group, EEA celebrates “the best of the best” in the export world. It honours the excellence of homegrown businesses in export and targets to build a community of Malaysian exporters that excels through healthy competition and support of one another.
The award was accepted by Mr. Siew Fook Ming, Deputy CEO, on behalf of KLK OLEO. The award honours KLK OLEO’s efforts and tremendous resilience while navigating global headwinds and demonstrating excellence by thriving in adversity during the Covid-19 crisis.

During the peak of Covid-19 pandemic, KLK OLEO as an approved essential industry, sustained efforts to maintain operations on units of demand, without compromising the health and wellbeing of the staffs – an invaluable asset. It clustered as a unified team, exercising multiple controls in curbing the spread of Covid-19, while operating on key areas of demand. A Covid-19 task force comprising senior management, working closely with its people, was formed across all its sites.
This award will prove as a catalyst for KLK OLEO to continue excelling in the Malaysian palm oil and oleochemical industry.
KLK OLEO team posing with Export Excellence Awards (EEA) plaque
Check out the news coverage on Export Excellence Awards (EEA) 2022 – The Star, 01st December 2022
Check out the special feature on Export Excellence Awards (EEA) 2022 (KLK OLEO) – The Star, 15th December 2022",unclassified_crawl_asset,linked_to_in_scope_content,"[""page:https-www-klkoleo-com-news-media-klk-oleo-received-thriving-in-adversity-award-at-export-excellence-awards-eea-2022""]",0,False,True,Not matched to a WordPress media-library record
asset:crawl-4e71901d12d5,https://www.klkoleo.com/wp-content/uploads/2023/01/KLK-OLEO-EEA-Team.png,image,,,,KLK OLEO EEA Team,"KLK OLEO received the “Thriving in Adversity” Award at the Export Excellence Awards (EEA) Gala Night held on 25th November 2022 at M Resort and Hotel in Kuala Lumpur.
Organised by The Star Media Group, EEA celebrates “the best of the best” in the export world. It honours the excellence of homegrown businesses in export and targets to build a community of Malaysian exporters that excels through healthy competition and support of one another.
The award was accepted by Mr. Siew Fook Ming, Deputy CEO, on behalf of KLK OLEO. The award honours KLK OLEO’s efforts and tremendous resilience while navigating global headwinds and demonstrating excellence by thriving in adversity during the Covid-19 crisis.

During the peak of Covid-19 pandemic, KLK OLEO as an approved essential industry, sustained efforts to maintain operations on units of demand, without compromising the health and wellbeing of the staffs – an invaluable asset. It clustered as a unified team, exercising multiple controls in curbing the spread of Covid-19, while operating on key areas of demand. A Covid-19 task force comprising senior management, working closely with its people, was formed across all its sites.
This award will prove as a catalyst for KLK OLEO to continue excelling in the Malaysian palm oil and oleochemical industry.
KLK OLEO team posing with Export Excellence Awards (EEA) plaque
Check out the news coverage on Export Excellence Awards (EEA) 2022 – The Star, 01st December 2022
Check out the special feature on Export Excellence Awards (EEA) 2022 (KLK OLEO) – The Star, 15th December 2022",unclassified_crawl_asset,linked_to_in_scope_content,"[""page:https-www-klkoleo-com-news-media-klk-oleo-received-thriving-in-adversity-award-at-export-excellence-awards-eea-2022""]",0,False,True,Not matched to a WordPress media-library record
asset:crawl-135b07ac51f5,https://www.klkoleo.com/wp-content/uploads/2023/01/Palm-Oleo-Awarded-MSOSH-Gold-Class-I-Award-01.png,image,,,,Ms Lim Fong Nee and Dr. Liew Weng Hui received the MSOSH trophy and plaque - KLK OLEO,"Palm-Oleo Sdn Bhd (Palm-Oleo) Fatty Acid & Glycerine (FAG) Plant and Soap Noodle & Amide (SNAM) Plant were both awarded the MSOSH Gold Class I Award. On 21st December 2022, the Malaysian Society of Occupational Safety & Health (MSOSH) held the spectacular event at the Sunway Resort Hotel. Both plant delegations were led by their respective General Managers, Dr. Liew Weng Hui and Ms. Lim Fong Nee.
While FAG Plant has achieved this feat for the second year in a row, it is significant this year that SNAM Plant has participated and stands tall together to represent KLK OLEO in an event attended by other leading oil and gas, utility, and chemical producer companies in Malaysia.
Ms Lim Fong Nee and Dr. Liew Weng Hui received the MSOSH trophy and plaque
The primary goal of Palm-Oleo’s participation in this yearly event is to assess and improve the current level of occupational safety and health standards, practises, and culture at Palm-Oleo. As a result, we can rest assured that Palm-Oleo is currently on the right path toward SHE excellence.
This recognition is in line with KLK Group’s aim to continuously practice and support the Group’s safety & health programme to ensure a better and safer workplace for all.
Palm-Oleo team posing with both Gold Class I plaques & trophies",unclassified_crawl_asset,linked_to_in_scope_content,"[""page:https-www-klkoleo-com-news-media-palm-oleo-awarded-msosh-gold-class-i-award""]",0,False,True,Not matched to a WordPress media-library record
asset:crawl-282b1bd589d0,https://www.klkoleo.com/wp-content/uploads/2023/03/KLK-OLEO-acquires-Italian-ester-producer-Temix-Oleo.png,image,,,,KLK OLEO acquires Italian ester producer Temix Oleo,"Acquisition will expand KLK OLEOs’ product offering for Oleochemical.
Milan, Italy and Emmerich, Germany – Temix Oleo SpA (“Temix Oleo”) and KLK Emmerich GmbH (“KLKE”), a subsidiary of Kuala Lumpur Kepong Berhad (“KLK”), under its resource-based manufacturing division known as KLK OLEO, has entered into a definitive agreement to acquire a controlling stake in Temix Oleo (“the Transaction”).
KLK OLEO is a global integrated oleochemical producer (oleochemical, derivatives and specialty chemicals) with manufacturing sites in Malaysia, Indonesia, China, and Europe. KLK OLEO is the manufacturing division of KLK, a leading international plantations group listed on the Malaysia stock exchange with a market capitalisation of approximately Euro 4.8 billion as at the end of September 2022.
Temix Oleo is an oleochemical company focused on production of Esters mainly based on renewable feed stocks, and delivering solutions for lubricant, cosmetic, ceramic, coating, rubber and plastics industries.
Temix Oleo is located in Milan, Italy with production plant in Calderara di Reno (Bologna) employing around 100 people with a turnover of Euro 150 million in 2022.
The Transaction is expected to be completed by April 2023, subject to regulatory approval and customary closing conditions.
“Temix Oleo outstanding reputation is built on their customer-centric and high-quality service business model. We are excited to welcome the Temix Oleo team and their excellent product portfolio to be part of the group of KLK (“KLK Group”)” said Sriganesh Mathur Subramanian, Managing Director, KLKE.
“This acquisition is an opportunity for Temix Oleo to continue to grow, in product portfolio and geographic areas, with focus on sustainability and innovation. Being part of the KLK Group, employees can look forward to a bright future.“ said Roberto Cella, Managing Director Temix Oleo.
For more information, please visit www.klkoleo.com/klkemmerich and www.temixoleo.com
KLK OLEO to acquire Italian Ester Producer Temix Oleo",unclassified_crawl_asset,linked_to_in_scope_content,"[""page:https-www-klkoleo-com-news-media-press-release-klk-oleo-to-acquire-italy-based-temix-oleo""]",0,False,True,Not matched to a WordPress media-library record
asset:crawl-ea061547e19b,https://www.klkoleo.com/wp-content/uploads/2023/05/KLK-OLEO-CHCI-2023.png,image,,,,KLK OLEO CHCI 2023,"Explore KLK OLEO’s sustainable oleochemical solutions at Cosmetics & Home Care Ingredients (CHCI)
										22 May 2023
										As a global oleochemicals producer, KLK OLEO offers an array of high quality, innovative and sustainable specialty, functional and basic ingredients for home, beauty and […]
										Know More",unclassified_crawl_asset,linked_to_in_scope_content,"[""page:https-www-klkoleo-com-archive-by-year-2023""]",0,False,True,Not matched to a WordPress media-library record
asset:crawl-ea224bcfc35d,https://www.klkoleo.com/wp-content/uploads/2023/06/China-Inter-Lubric-Thumbnail.png,image,,,,China Inter Lubric Thumbnail,"Discover KLK OLEO’s extensive product portfolio for bio-lubricant and bio-fuel applications at Inter Lubric China 2023
										13 Jun 2023
										KLK OLEO acquired Temix Oleo in April 2023. Together with Temix, we provide biodegradable and sustainable API Group V base oils, surfactants, chemical specialties, raw […]
										Know More",unclassified_crawl_asset,linked_to_in_scope_content,"[""page:https-www-klkoleo-com-archive-by-year-2023""]",0,False,True,Not matched to a WordPress media-library record
asset:crawl-8d06e11e5707,https://www.klkoleo.com/wp-content/uploads/2023/07/Cover.gif,image,,,,KLK OLEO Planted 200 Trees at Lower Kinabatangan Wildlife Sanctuary,"KLK OLEO planted 200 Trees at Lower Kinabatangan Wildlife Sanctuary
										08 Jul 2023
										In line with our sustainability commitment and in conjunction with the Palm & Lauric Price Outlook Conference (POC), KLK OLEO partnered with APE Malaysia (Animal […]
										Know More",unclassified_crawl_asset,linked_to_in_scope_content,"[""page:https-www-klkoleo-com-archive-by-year-2023""]",0,False,True,Not matched to a WordPress media-library record
asset:crawl-d028d647c163,https://www.klkoleo.com/wp-content/uploads/2023/07/KLK-Oleo-for-POC-2023-Certificate.png,image,,,,KLK OLEO for POC 2023 Certificate,"In line with our sustainability commitment and in conjunction with the Palm & Lauric Price Outlook Conference (POC), KLK OLEO partnered with APE Malaysia (Animal Projects & Environmental Education Sdn. Bhd.) and planted 200 trees in the lower Kinabatangan River Wildlife Sanctuary in Sabah, Malaysia. These trees are to reconnect the forest corridors that serve as habitats for endangered animals.
The following trees were planted on plot 05°27’20.56″ E118°14’24.37″.



Tree Species
Number of Trees




Bangkal (Neonauclea subdita)
66


Talisai Paya (Terminalia copelandii)
36


Medang 3 Urat (Cinamomom sp)
10


Fig (Ficus sp)
9


Lamba (Colona seratifolia)
6


Simpoh Laki (Dillenia excelsa)
30


Obah Jangkang (Eugenia cerassiformis)
1


Tangkol Merah (Ficus sp)
1


Pulai (Alstonia sp)
3


Medang (Litsea sp)
2


Bayor (Pterospermum elongatum)
36


TOTAL
200



These trees will reach 5m in height in just 5 years and will converge with the rest of the trees to form the forest canopy in less than 10 years. We hope to hear gibbons and birds singing, monkeys swinging from tree to tree, and possibly an orangutan nesting high in the trees!
APE will provide updates on its reforestation site on their social media platforms, including Facebook, Twitter, Instagram or Youtube.

Plant more trees to keep the Earth healthy. Save the environment to save your future.",unclassified_crawl_asset,linked_to_in_scope_content,"[""page:https-www-klkoleo-com-news-media-klk-oleo-planted-200-trees-at-lower-kinabatangan-wildlife-sanctuary""]",0,False,True,Not matched to a WordPress media-library record
asset:crawl-1b2777246fc5,https://www.klkoleo.com/wp-content/uploads/2023/07/P6091042.jpg,image,,,,KLKOM Second Highest Investment in Selangor by Domestic Company 2021,"KL-Kepong Oleomas – Winner of the Second Highest Investment in Selangor by Domestic Company 2021
										10 Jun 2023
										KL-Kepong Oleomas was awarded the Second Highest Investment in Selangor by Domestic Company 2021 during Selangor Investors Appreciation Awards 2019-2022. The Selangor Menteri Besar, Yang […]
										Know More",unclassified_crawl_asset,linked_to_in_scope_content,"[""page:https-www-klkoleo-com-archive-by-year-2023"",""page:https-www-klkoleo-com-news-media-kl-kepong-oleomas-winner-of-the-second-highest-investment-in-selangor-by-domestic-company-2021""]",0,False,True,Not matched to a WordPress media-library record
asset:crawl-bcdfa4ff1b55,https://www.klkoleo.com/wp-content/uploads/2023/07/Photo-1.jpg,image,,,,KL-Kepong Oleomas – Winner of the Second Highest Investment in Selangor by Domestic Company 2021,"KL-Kepong Oleomas was awarded the Second Highest Investment in Selangor by Domestic Company 2021 during Selangor Investors Appreciation Awards 2019-2022. The Selangor Menteri Besar, Yang Amat Berhormat Amirudin Shari presented the award to our Deputy CEO, Mr. Kow Tiat Yong at the award ceremony held on 6th June 2023 at the Grand Lagoon Ballroom, Sunway Resort Hotel, Subang Jaya.

The Selangor Investors Appreciation Awards Ceremony 2019-2022 serves as a platform to recognise and honour the outstanding investors who have chosen Selangor as their investment destination. The Selangor government took the occasion to value the exceptional investors who continue to drive innovation and make a positive impact on Selangor’s economic growth.
It is a noteworthy recognition for the KLK Group, being instrumental in spurring positive growth and prosperity in both the State of Selangor and Malaysia.

About KLK OLEO
Built on a legacy of integrity, humility, innovation and loyalty, KLK OLEO is committed to providing the best sustainable solutions to address global demands and consumer trends. As a worldwide oleochemical producer with over 100 years of experience, KLK OLEO’s products can be found in most consumer staples, from Beauty & Personal Care, Food & Health Care, Home Care, Industries & Institutional Cleaning, Lubricants to Polymers.
KLK OLEO is the manufacturing division of KUALA LUMPUR KEPONG BERHAD (KLK). A leading international Plantations group listed on the Main Board of Bursa Malaysia Securities Berhad.",unclassified_crawl_asset,linked_to_in_scope_content,"[""page:https-www-klkoleo-com-news-media-kl-kepong-oleomas-winner-of-the-second-highest-investment-in-selangor-by-domestic-company-2021""]",0,False,True,Not matched to a WordPress media-library record
asset:crawl-b2001ad369c6,https://www.klkoleo.com/wp-content/uploads/2023/07/Temix-Oleo-Acquisition-Group-Picture.jpg,image,,,,Temix Oleo Acquisition Group Picture,"Acquisition expands KLK OLEO’s product offering for Oleochemicals
KLK Emmerich GmbH (“KLKE”) a subsidiary of Kuala Lumpur Kepong Berhad (“KLK”), under its resource-based manufacturing division known as KLK OLEO, has recently completed its acquisition of a controlling stake in Temix Oleo SpA (“Temix Oleo”) for an undisclosed sum. The transaction was completed after receiving all necessary approvals and fulfilling all customary closing conditions.
“We are thrilled to have completed this acquisition and to welcome the talented team from Temix Oleo to the KLK group. This acquisition is aligned with our long-term strategy and vision for growth by further diversifying our product offering, increasing access to key customers and augmenting our product specialisation strategy across our European operations,” said Uwe Halder, CEO, KLK OLEO Europe.
“We are excited to join forces with KLK OLEO and bring our unique capabilities and expertise to the table. We are confident that this merger will be beneficial for all parties involved and will create new opportunities for growth and innovation,” said Roberto Cella, Managing Director of Temix Oleo.
KLK OLEO is a global integrated oleochemical producer (oleochemical, derivatives and specialty chemicals) with manufacturing sites in Malaysia, Indonesia, China, and Europe. KLK OLEO is the manufacturing division of KLK, a leading international plantations group listed on the Malaysia stock exchange with a market capitalisation of approximately 4.7 Mrd. € as at the end of September 2022.
Temix Oleo is an oleochemical company focused on production of Esters mainly based on renewable feed stocks, and delivering solutions for lubricant, cosmetic, ceramic, coating, rubber and plastics industries. Based in Milan, Italy, Temix Oleo has a production plant in Calderara di Reno, Bologna, with over 100 employees and a turnover of 150 Mio. € in 2022.
KLKE has been assisted by KPMG Italy as financial advisor and for the financial and tax due diligences.
Hogan Lovells, Italian practice, acted as legal advisor for the legal matters.
Temix Oleo has been assisted by LCA Studio Legale for the legal matters.
For more information, please visit www.klkoleo.com/klkemmerich and www.temixoleo.com
(From left) Dr. Bors Cajus Abele, Managing Director KLKE, Marco Galateri di Genola, Sagittario S.p.A., Roberto Cella, Managing Director Temix Oleo SpA, Lee Jia Zhang, KLK Group Chief Operating Officer, Piero Rinaldi, S.A.P.I. – Società Azionaria Prodotti Industriali – S.p.A. and Uwe Halder, CEO KLK Oleo Europe, after the signing ceremony on 31 March 2023.",unclassified_crawl_asset,linked_to_in_scope_content,"[""page:https-www-klkoleo-com-news-media-press-release-klk-oleo-completes-acquisition-of-temix-oleo""]",0,False,True,Not matched to a WordPress media-library record
asset:crawl-03fbf1b53394,https://www.klkoleo.com/wp-content/uploads/2023/08/2023-07-Vitafoods-Asia-Key-Product-Feature-01.png,image,,,,2023 07 Vitafoods Asia Key Product Feature 01,"Discover a range of high-quality, sustainable and natural ingredients by KLK OLEO/ Davos Life Science that can help improve your products at the upcoming SupplySide West. We provide bioactives for nutraceuticals and cosmeceuticals, and specialty ingredients for food and nutrition applications.
At the event, PALMESTER MCT (Oil and Powder) and DavosLife E3 Tocotrienols will be showcased.


PALMESTER MCT is a versatile energy booster that helps with weight management, gut health, and cognitive health, with a higher absorption rate compared to LCTs.
DavosLife E3 DVP 30-WD is a water-dispersible powder format of Tocotrienols that offers superior dispersibility and meets stringent international regulatory standards on contaminants, with health benefits for heart, liver, brain, bone and joint, and skin.

Elevate your products by visiting the KLK OLEO/ Davos Life Science booth.
More info on KLK OLEO at SupplySide West
Natural Source, Natural Ingredients For Healthier Living.",unclassified_crawl_asset,linked_to_in_scope_content,"[""page:https-www-klkoleo-com-news-media-klk-oleo-will-feature-healthy-ageing-and-healthier-living-solutions-at-supplyside-west""]",0,False,True,Not matched to a WordPress media-library record
asset:crawl-ea096dcf753d,https://www.klkoleo.com/wp-content/uploads/2023/08/PINC-Conference-2023.png,image,,,,PINC Conference 2023,"KLK OLEO invites you to PINC 2023
										05 Aug 2023
										Save the date for Palm International Nutra-Cosmeceutical Conference 2023 (PINC 2023)! We will showcase DavosLife E3 Tocotrienols, a strong antioxidant with anti-inflammatory properties, at the […]
										Know More",unclassified_crawl_asset,linked_to_in_scope_content,"[""page:https-www-klkoleo-com-archive-by-year-2023"",""page:https-www-klkoleo-com-news-media-klk-oleo-invites-you-to-pinc-2023""]",0,False,True,Not matched to a WordPress media-library record
asset:crawl-f20fba7a51e6,https://www.klkoleo.com/wp-content/uploads/2023/09/2-PALMESTER-Medium-Chain-Triglycerides-Powder.jpg,image,,,,2 PALMESTER Medium Chain Triglycerides Powder,PALMESTER | PLANTERA Medium-Chain Triglycerides Powder with Maximum 70% MCT Oil,unclassified_crawl_asset,linked_to_in_scope_content,"[""page:https-www-klkoleo-com-brandhub-palmestermct""]",0,False,True,Not matched to a WordPress media-library record
asset:crawl-c93a8fbc48aa,https://www.klkoleo.com/wp-content/uploads/2023/09/Global-CSR-ESG-Awards-2023.jpg,image,,,,Global CSR & ESG Awards 2023,"KLK Group has achieved remarkable success at the 15th Annual Global CSR & ESG Summit and Awards, held on August 29th, 2023 in Danang, Vietnam. The group was honoured to receive two distinguished Global Category awards: the Silver Award for “Best Community Programme” and the Silver Award for “Excellence in Provision of Literacy & Education”. Additionally, KLK Group received the Silver Award for Excellence in Provision of Literacy & Education for the second year in a row.
The Global CSR & ESG Summit and Awards is a highly acclaimed program that recognises Corporate Social Responsibility (CSR) and Environmental, Social and Governance (ESG). Organised by The Pinnacle Group International, based in Singapore, it commends organisations that contribute to societal development and make a substantial impact on both local and global communities.

The group’s corporate responsibility journey has been a source of immense pride, and it is committed to maintaining this level of excellence in the future. Find out more about KLK’s Corporate Responsibility here: Values Matter. Society Matters.
About KLK OLEO
Built on a legacy of integrity, humility, innovation and loyalty, KLK OLEO is committed to providing the best sustainable solutions to address global demands and consumer trends. As a worldwide oleochemical producer with over 100 years of experience, KLK OLEO’s products can be found in most consumer staples, from Beauty & Personal Care, Food & Health Care, Home Care, Industries & Institutional Cleaning, Lubricants to Polymers.
KLK OLEO is the manufacturing division of KUALA LUMPUR KEPONG BERHAD (KLK). A leading international Plantations group listed on the Main Board of Bursa Malaysia Securities Berhad.",unclassified_crawl_asset,linked_to_in_scope_content,"[""page:https-www-klkoleo-com-news-media-klk-receives-two-awards-at-the-15th-annual-global-csr-esg-summit-and-awards-2023""]",0,False,True,Not matched to a WordPress media-library record
asset:crawl-ac16f7e14e5d,https://www.klkoleo.com/wp-content/uploads/2023/09/KLK-OLEO-SupplySide-West-2023-LinkedIn-Thumbnail.png,image,,,,KLK OLEO SupplySide West 2023 LinkedIn Thumbnail,"Discover KLK OLEO’s Natural Source, Natural Ingredients at SupplySide West
										10 Sep 2023
										Discover a range of high-quality, sustainable and natural ingredients by KLK OLEO/ Davos Life Science that can help improve your products at the upcoming SupplySide […]
										Know More",unclassified_crawl_asset,linked_to_in_scope_content,"[""page:https-www-klkoleo-com-archive-by-year-2023""]",0,False,True,Not matched to a WordPress media-library record
asset:crawl-57ec34a05c4e,https://www.klkoleo.com/wp-content/uploads/2023/09/KLK-OLEO-SupplySide-West-2023-SQ.png,image,,,,KLK OLEO SupplySide West 2023 SQ,"Discover a range of high-quality, sustainable and natural ingredients by KLK OLEO/ Davos Life Science that can help improve your products at the upcoming SupplySide West. We provide bioactives for nutraceuticals and cosmeceuticals, and specialty ingredients for food and nutrition applications.
At the event, PALMESTER MCT (Oil and Powder) and DavosLife E3 Tocotrienols will be showcased.


PALMESTER MCT is a versatile energy booster that helps with weight management, gut health, and cognitive health, with a higher absorption rate compared to LCTs.
DavosLife E3 DVP 30-WD is a water-dispersible powder format of Tocotrienols that offers superior dispersibility and meets stringent international regulatory standards on contaminants, with health benefits for heart, liver, brain, bone and joint, and skin.

Elevate your products by visiting the KLK OLEO/ Davos Life Science booth.
More info on KLK OLEO at SupplySide West
Natural Source, Natural Ingredients For Healthier Living.",unclassified_crawl_asset,linked_to_in_scope_content,"[""page:https-www-klkoleo-com-news-media-klk-oleo-will-feature-healthy-ageing-and-healthier-living-solutions-at-supplyside-west""]",0,False,True,Not matched to a WordPress media-library record
asset:crawl-37d5407a313c,https://www.klkoleo.com/wp-content/uploads/2023/09/MicrosoftTeams-image-42.jpg,image,,,,First rooftop solar PV system in KLK OLEO,"Electricity is a key element in KLK OLEO’s manufacturing process and contributes significantly to process costs and greenhouse gas emissions. In 2022, the Group decided to invest in a rooftop solar photovoltaic (PV) system at Palm-Oleo (Klang) Sdn Bhd (POK). The solar PV system produces electricity that is environmentally friendly and sustainable by harnessing the sun’s energy.
A total of 1,576 monocrystalline solar PV modules were installed on available rooftops, including warehouses, loading bays and offices. Through the installation, POK can generate 1 GWh of renewable energy each year, about 5% of its electricity usage.
This system is one of KLK OLEO’s increased efforts to reducing greenhouse gas emissions and achieving Net Zero.
The new solar PV system has played a role in reducing greenhouse gas emissions",unclassified_crawl_asset,linked_to_in_scope_content,"[""page:https-www-klkoleo-com-news-media-first-rooftop-solar-photovoltaics-system-in-klk-oleo""]",0,False,True,Not matched to a WordPress media-library record
asset:crawl-e4897be3d8b7,https://www.klkoleo.com/wp-content/uploads/2023/10/2023-InCos-Asia-E-Invite.jpg,image,,,,KLK OLEO - in-cosmetics Asia,"KLK OLEO invites you to in-cosmetics Asia 2023
										03 Oct 2023
										Join KLK OLEO at the upcoming in-cosmetics Asia 2023 to discover a world of sustainable and personal care ingredients that can elevate your product development […]
										Know More",unclassified_crawl_asset,linked_to_in_scope_content,"[""page:https-www-klkoleo-com-archive-by-year-2023"",""page:https-www-klkoleo-com-news-media-klk-oleo-invites-you-to-in-cosmetics-asia-2023""]",0,False,True,Not matched to a WordPress media-library record
asset:crawl-a99c43e64f4c,https://www.klkoleo.com/wp-content/uploads/2023/10/Emollient-Sensory-Journey.png,image,,,,Emollient Sensory Journey,"Experience Emollient Sensory Journey with PALMESTER
 
Our Emollient Discovery Kit enables formulators to select the right emollient to achieve the targeted sensory profile for their skin care application. Incorporating a combination of fast, medium and slow spreadability emollients provides long-lasting skin feel and texture to your product. Derived from renewable plant source, PALMESTER range of emollients are sustainable and versatile.
Unwind your skin’s sensorial moments for a feel-good experience!",unclassified_crawl_asset,linked_to_in_scope_content,"[""page:https-www-klkoleo-com-news-media-klk-oleo-invites-you-to-in-cosmetics-asia-2023"",""page:https-www-klkoleo-com-news-media-klk-oleo-invites-you-to-nyscc-suppliers-day-2024""]",0,False,True,Not matched to a WordPress media-library record
asset:crawl-eacbe8130985,https://www.klkoleo.com/wp-content/uploads/2023/11/A-Fat-Substitute-for-Infant-Formula.png,image,,,,A Fat Substitute for Infant Formula,"PALMESTER | PLANTERA MCT, A Highly Absorbable Fat Source for Easy Digestion",unclassified_crawl_asset,linked_to_in_scope_content,"[""page:https-www-klkoleo-com-brandhub-palmestermct""]",0,False,True,Not matched to a WordPress media-library record
asset:crawl-2e1f76cad098,https://www.klkoleo.com/wp-content/uploads/2023/11/An-Energy-Booster-for-Better-Athletic-Performance.png,image,,,,An Energy Booster for Better Athletic Performance,"PALMESTER | PLANTERA MCT, An Energy Booster for Better Athletic Performance",unclassified_crawl_asset,linked_to_in_scope_content,"[""page:https-www-klkoleo-com-brandhub-palmestermct""]",0,False,True,Not matched to a WordPress media-library record
asset:crawl-a0f2e926840b,https://www.klkoleo.com/wp-content/uploads/2023/11/Beneficial-for-Weight-Management.png,image,,,,Beneficial for Weight Management,"PALMESTER | PLANTERA MCT, Beneficial for Weight Management",unclassified_crawl_asset,linked_to_in_scope_content,"[""page:https-www-klkoleo-com-brandhub-palmestermct""]",0,False,True,Not matched to a WordPress media-library record
asset:crawl-ce65fc45c00e,https://www.klkoleo.com/wp-content/uploads/2023/11/PALMESTER-MCT-CMH-Images-01.jpg,image,,,,PALMESTER MCT CMH,"PALMESTER | PLANTERA Medium-Chain Triglycerides Oil – Sustainable, Colourless, Odourless & Tasteless",unclassified_crawl_asset,linked_to_in_scope_content,"[""page:https-www-klkoleo-com-brandhub-palmestermct""]",0,False,True,Not matched to a WordPress media-library record
asset:crawl-c9ad994524ea,https://www.klkoleo.com/wp-content/uploads/2023/11/PALMESTER-MCT-CMH-Images-06.jpg,image,,,,PALMESTER MCT CMH,"PALMESTER | PLANTERA MCT, A Carrier for Flavour & Fragrances",unclassified_crawl_asset,linked_to_in_scope_content,"[""page:https-www-klkoleo-com-brandhub-palmestermct""]",0,False,True,Not matched to a WordPress media-library record
asset:crawl-668dca25a418,https://www.klkoleo.com/wp-content/uploads/2023/11/PALMESTER-MCT-CMH-Images-07.jpg,image,,,,PALMESTER MCT CMH,"PALMESTER | PLANTERA MCT, A Solution for Gut Health",unclassified_crawl_asset,linked_to_in_scope_content,"[""page:https-www-klkoleo-com-brandhub-palmestermct""]",0,False,True,Not matched to a WordPress media-library record
asset:crawl-cb46f5085e92,https://www.klkoleo.com/wp-content/uploads/2023/11/PALMESTER-MCT-CMH-Images-08.jpg,image,,,,PALMESTER MCT CMH,"PALMESTER | PLANTERA MCT, A Solution for Animal Nutrition",unclassified_crawl_asset,linked_to_in_scope_content,"[""page:https-www-klkoleo-com-brandhub-palmestermct""]",0,False,True,Not matched to a WordPress media-library record
asset:crawl-fc669c157f31,https://www.klkoleo.com/wp-content/uploads/2023/11/PALMESTER-MCT-CMH-Images-09.jpg,image,,,,PALMESTER MCT CMH,"PALMESTER MCT, A Solution for Human Cognitive Health",unclassified_crawl_asset,linked_to_in_scope_content,"[""page:https-www-klkoleo-com-brandhub-palmestermct""]",0,False,True,Not matched to a WordPress media-library record
asset:crawl-658353888e1f,https://www.klkoleo.com/wp-content/uploads/2023/11/PALMESTER-MCT-CMH-Images-10.jpg,image,,,,PALMESTER MCT CMH,"PALMESTER | PLANTERA MCT, A Functional Ingredient for Multiple Efficacies in Personal Care",unclassified_crawl_asset,linked_to_in_scope_content,"[""page:https-www-klkoleo-com-brandhub-palmestermct""]",0,False,True,Not matched to a WordPress media-library record
asset:crawl-5e4848ac7ab5,https://www.klkoleo.com/wp-content/uploads/2023/11/PALMESTER-MCT-CMH-Images-11.jpg,image,,,,PALMESTER MCT CMH,"PALMESTER | PLANTERA MCT, A Pharma Excipient",unclassified_crawl_asset,linked_to_in_scope_content,"[""page:https-www-klkoleo-com-brandhub-palmestermct""]",0,False,True,Not matched to a WordPress media-library record
asset:crawl-b1fda204518c,https://www.klkoleo.com/wp-content/uploads/2024/02/2024-02-POC-LinkedIn-Visual.png,image,,,,2024 02 POC LinkedIn Visual,"KLK invites you to POC 2024
										18 Feb 2024
										Once again, KLK will be present at the Palm and Lauric Oils Price Outlook Conference & Exhibition (POC) this year! At POC, you can connect […]
										Know More",unclassified_crawl_asset,linked_to_in_scope_content,"[""page:https-www-klkoleo-com-archive-by-year-2024"",""page:https-www-klkoleo-com-news-media-klk-invites-you-to-poc-2024""]",0,False,True,Not matched to a WordPress media-library record
asset:crawl-86b38e167627,https://www.klkoleo.com/wp-content/uploads/2024/02/DavosLife-E3-full-range-FSSC-22000-01.png,image,,,,DavosLife E3 full range FSSC 22000 Certification,"Davos Life Science is proud to announce our achievement in the Food Safety System Certification 22000 (FSSC 22000). This achievement signifies our unwavering commitment to delivering the highest standards of food safety to our customers.
FSSC 22000 is an ISO-based food safety management scheme recognised by the Global Food Safety Initiative (GFSI), it meets the highest standards globally, leading to international food industry acceptance.
This certification not only benefits our customers by guaranteeing the safety and quality of Davos Life Science products, but also reinforces the company’s position as a trusted leader in the industry.
Davos Life Science is proud of this accomplishment and remains committed to exceeding industry standards in food safety. We will continue to invest in our food safety management system and strive to deliver the highest quality products to our customers every time.
About Davos Life Science
Davos Life Science is one of the leading market players in producing high quality Tocotrienols and Mixed Carotenes from non-GMO palm fruits, sourced directly from RSPO-certified plantations. Tocotrienols have 60x more antioxidative potency compared to α-tocopherol with strong anti-inflammatory properties. DavosLife E3 Tocotrienols are bioactive ingredients for dietary supplements, functional food and beverages, cosmetic and personal care products.
Davos Life Science is part of KLK OLEO, the Oleochemical Division of Kuala Lumpur-Kepong Berhad (KLK).",unclassified_crawl_asset,linked_to_in_scope_content,"[""page:https-www-klkoleo-com-news-media-davos-life-science-achieves-fssc-22000-certification-demonstrating-unwavering-commitment-to-food-safety-excellence""]",0,False,True,Not matched to a WordPress media-library record
asset:crawl-2518ec0248dc,https://www.klkoleo.com/wp-content/uploads/2024/04/KLK-OLEO-NYSCC-Suppliers-Day-2024.png,image,,,,KLK OLEO NYSCC Suppliers Day 2024,"KLK OLEO invites you to NYSCC Suppliers’ Day 2024
										08 Apr 2024
										Embark on a journey through a diverse range of sustainable beauty and personal care ingredients, spanning across cosmetics, skincare, fragrances and haircare, as well as […]
										Know More",unclassified_crawl_asset,linked_to_in_scope_content,"[""page:https-www-klkoleo-com-archive-by-year-2024"",""page:https-www-klkoleo-com-news-media-klk-oleo-invites-you-to-nyscc-suppliers-day-2024""]",0,False,True,Not matched to a WordPress media-library record
asset:crawl-8cadf5657f21,https://www.klkoleo.com/wp-content/uploads/2024/04/KLK-OLEO-Vitafoods-Europe-2024.png,image,,,,KLK OLEO Vitafoods Europe 2024,"Discover KLK OLEO’s Innovative Solutions at Vitafoods Europe 2024
										17 Apr 2024
										Join KLK OLEO/ Davos Life Science at Vitafoods Europe 2024! We are proud to present our innovative ingredient solutions designed to elevate your nutraceutical, cosmeceutical, […]
										Know More",unclassified_crawl_asset,linked_to_in_scope_content,"[""page:https-www-klkoleo-com-archive-by-year-2024"",""page:https-www-klkoleo-com-news-media-discover-klk-oleo-vitafoods-europe-2024""]",0,False,True,Not matched to a WordPress media-library record
asset:crawl-4bc9095f668b,https://www.klkoleo.com/wp-content/uploads/2024/05/DSC08424-2.jpg,image,,,,KLK celebrates double win at the 16th Global CSR & ESG Summit & Awards,"KLK Group has been honoured with two prestigious awards in the Global Category at the 16th Annual CSR & ESG Summit and Awards 2024:

Platinum Award for “Best Environmental Excellence” – recognition for KLK’s outstanding KLKCare Bumi Kita programme and its impactful work on biodiversity, conservation and sustainable community development.
Bronze Award for “Excellence in Provision of Literacy & Education” – third consecutive year receiving this distinction for their unwavering commitment to education initiatives.

These awards highlight KLK’s leadership in corporate responsibility. The company’s dedication to impactful programs like KONTANDES, partnerships with WWF for Bukit Tabin Forest Restoration, and the Earthworm Foundation’s Human Elephant Coexistence project exemplify their commitment to positive change.

The Global CSR & ESG Summit and Awards, organised by The Pinnacle Group International, celebrate organisations for their commitment to environmental, social, and governance best practices.
KLK Group takes immense pride in its ongoing journey towards corporate responsibility and remains committed to maintaining this level of excellence moving forward. Visit KLK website to learn more about their commitment to corporate responsibility: Values Matter. Society Matters.
About KLK OLEO
Built on a legacy of integrity, humility, innovation and loyalty, KLK OLEO is committed to providing the best sustainable solutions to address global demands and consumer trends. As a worldwide oleochemical producer with over 100 years of experience, KLK OLEO’s products can be found in most consumer staples, from Beauty & Personal Care, Food & Health Care, Home Care, Industries & Institutional Cleaning, Lubricants to Polymers.
KLK OLEO is the manufacturing division of KUALA LUMPUR KEPONG BERHAD (KLK). A leading international Plantations group listed on the Main Board of Bursa Malaysia Securities Berhad.",unclassified_crawl_asset,linked_to_in_scope_content,"[""page:https-www-klkoleo-com-news-media-klk-celebrates-double-win-at-the-16th-global-csr-esg-summit-awards-2024""]",0,False,True,Not matched to a WordPress media-library record
asset:crawl-e77616093eb4,https://www.klkoleo.com/wp-content/uploads/2024/05/Global-CSR-ESG-Award-01.png,image,,,,Global CSR & ESG Award,"KLK celebrates double win at the 16th Global CSR & ESG Summit & Awards 2024
										06 May 2024
										KLK Group has been honoured with two prestigious awards in the Global Category at the 16th Annual CSR & ESG Summit and Awards 2024: Platinum […]
										Know More",unclassified_crawl_asset,linked_to_in_scope_content,"[""page:https-www-klkoleo-com-archive-by-year-2024""]",0,False,True,Not matched to a WordPress media-library record
asset:crawl-21bcba784cb3,https://www.klkoleo.com/wp-content/uploads/2024/08/2024-08-Vitafood-Asia-2024-Visual-R1.png,image,,,,Vitafood Asia 2024,"Visit KLK OLEO/ Davos Life Science at Vitafoods Asia 2024
										23 Aug 2024
										Discover natural and sustainable solutions by KLK OLEO/ Davos Life Science, one of the leading players in oleochemicals and phytonutrients. Explore innovative solutions like DavosLife […]
										Know More",unclassified_crawl_asset,linked_to_in_scope_content,"[""page:https-www-klkoleo-com-archive-by-year-2024"",""page:https-www-klkoleo-com-news-media-visit-klk-oleo-davos-life-science-at-vitafoods-asia-2024""]",0,False,True,Not matched to a WordPress media-library record
asset:crawl-72ae61ba3aba,https://www.klkoleo.com/wp-content/uploads/2024/08/PALMESTER-MCT-CMH-Images-12.jpg,image,,,,PALMESTER MCT CMH,"PALMESTER | PLANTERA MCT, Healthy Lipid Source for Healthier Lifestyle",unclassified_crawl_asset,linked_to_in_scope_content,"[""page:https-www-klkoleo-com-brandhub-palmestermct""]",0,False,True,Not matched to a WordPress media-library record
asset:crawl-caf66c7a8483,https://www.klkoleo.com/wp-content/uploads/2024/10/2024-10-In-cos-Asia-2024-Visual-R1.jpg,image,,,,2024 10 In cos Asia 2024 Visual,"Visit KLK OLEO at in-cosmetics Asia 2024
										09 Oct 2024
										Explore sustainable ingredients for beauty and personal care that align with sustainability goals at in-cosmetics Asia 2024. KLK OLEO’s comprehensive solutions cater to cosmetics, skincare, […]
										Know More",unclassified_crawl_asset,linked_to_in_scope_content,"[""page:https-www-klkoleo-com-archive-by-year-2024"",""page:https-www-klkoleo-com-news-media-visit-klk-oleo-at-in-cosmetics-asia-2024""]",0,False,True,Not matched to a WordPress media-library record
asset:crawl-f1efe586c7c2,https://www.klkoleo.com/wp-content/uploads/2024/10/Collage.jpg,image,,,,KLK Malaysia’s Best Managed Companies in 2024 Collage,"KLK has once again been recognised as one of Malaysia’s Best Managed Companies in 2024. This marks the third consecutive year we have received this honour, reflecting our Company’s organisational success and contributions to the industry. The awards ceremony took place on 22 August, at Le Meridien Kuala Lumpur.
This year was particularly special, as KLK’s Executive Chairman, Tan Sri Lee Oi Hian was invited to be a guest speaker to share his insights on “Empowering the Next Generation for Business.”
Tan Sri Lee paid tribute to his father, the late Founder Chairman Tan Sri Lee Loy Seng, during his speech. He shared his experience as a second-generation leader and how he continued to build upon his father’s legacy. Additionally, he highlighted Tan Sri Lee Loy Seng’s subtle yet impactful mentorship and shared three valuable lessons:

 Core Values: “Integrity, humility, loyalty.” Values that Tan Sri Lee Loy Seng lived by, which continue to guide KLK’s dominant culture of T.H.R.I.I.L.
 Purpose in life: Finding fulfilment in life goes beyond wealth. It’s about creating a compassionate environment that impacts KLK’s 50,000 employees and their families. Tan Sri Lee Loy Seng reminded us to be good stewards of our stakeholders. Fulfilling this stewardship brings true contentment to life.
Balancing work and family: His ability to manage the demands of running a business while fostering family unity and solidarity.

 
KLK’s COO, Mr. Lee Jia Zhang, accepted the award on behalf of KLK. Ms. Lee Wen Ling, Managing Director of KLK Land, was also invited onstage to answer a few questions about the win.
When asked about the perception of the plantation industry as being part of the “old economy,” Ms. Lee responded: “I believe this view is inaccurate. As consumers become more conscious, there is a growing demand for sustainably produced products. To stay ahead, we must continue exploring and adapting, going beyond sustainability certifications to focus on areas like decarbonisation and traceability, among others.”
Also present at the award gala dinner were KLK Head of Corporate Mr. Teh Kwan Wey and Sustainability & Special Projects AGM Mr. Adrian Tan.
About KLK OLEO
Built on a legacy of integrity, humility, innovation and loyalty, KLK OLEO is committed to providing the best sustainable solutions to address global demands and consumer trends. As a worldwide oleochemical producer with over 100 years of experience, KLK OLEO’s products can be found in most consumer staples, from Beauty & Personal Care, Food & Health Care, Home Care, Industries & Institutional Cleaning, Lubricants to Polymers.
KLK OLEO is the manufacturing division of KUALA LUMPUR KEPONG BERHAD (KLK). A leading international Plantations group listed on the Main Board of Bursa Malaysia Securities Berhad.",unclassified_crawl_asset,linked_to_in_scope_content,"[""page:https-www-klkoleo-com-news-media-klk-awarded-malaysias-best-managed-companies-for-third-consecutive-year""]",0,False,True,Not matched to a WordPress media-library record
asset:crawl-903fe730d126,https://www.klkoleo.com/wp-content/uploads/2024/10/Deloitte-2024-01.png,image,,,,Deloitte 2024,"KLK awarded Malaysia’s Best Managed Companies for third consecutive year
										20 Sep 2024
										KLK has once again been recognised as one of Malaysia’s Best Managed Companies in 2024. This marks the third consecutive year we have received this […]
										Know More",unclassified_crawl_asset,linked_to_in_scope_content,"[""page:https-www-klkoleo-com-archive-by-year-2024""]",0,False,True,Not matched to a WordPress media-library record
asset:crawl-da44a0dfb35f,https://www.klkoleo.com/wp-content/uploads/2024/11/2023-Temix.png,image,,,,,"2023

										Acquisition of Temix Oleo (renamed as KLK Temix).",unclassified_crawl_asset,linked_to_in_scope_content,"[""page:https-www-klkoleo-com-timeline-post-2023"",""page:https-www-klkoleo-com-timeline-post-2023-2"",""page:https-www-klkoleo-com-timeline-post-2023-3""]",0,False,True,Not matched to a WordPress media-library record
asset:crawl-21f1f565c064,https://www.klkoleo.com/wp-content/uploads/2025/01/DSC_3698.jpg,image,,,,Press Release: KLK renews support to Malaysian Mixed Doubles Stars Goh Soon Huat and Shevon Lai,"Kuala Lumpur Kepong Berhad (“KLK” or the “Group”) is proud to announce the renewal of our sponsorship for Malaysia’s national badminton mixed doubles pair, Goh Soon Huat and Shevon Lai, through 2025. This renewal reflects KLK’s continued commitment to support local sporting talent and fostering national pride.
Since 2023, KLK has been a proud supporter of the pair, who have made remarkable strides on the international stage. In addition to renewing their sponsorship, KLK has extended support to their coach, Teo Kok Siang, ensuring the team has the resources to excel in the coming year.
As part of this partnership, Goh Soon Huat and Shevon Lai will also serve as KLK Brand Ambassadors for DavosLife Science products, including DavosLife E3 Complete Tocotrienols and Revive Skin Care BeauE Collagen.
Commenting on the partnership, KLK Chief Operating Officer, Lee Jia Zhang said, “We are incredibly proud of Goh Soon Huat and Shevon Lai for their dedication and outstanding performance over the past year. Their perseverance and sportsmanship are inspiring and we wish them the very best as they compete in the upcoming PETRONAS Malaysia Open and the 2025 season.”
Goh Soon Huat and Shevon Lai expressed their heartfelt gratitude for KLK’s continued support, saying “Our journey as independent players has been challenging, yet incredibly rewarding. Securing funding and meeting our tournament commitments has been a significant hurdle. KLK’s unwavering trust in our potential, regardless of outcomes, has been empowering. This partnership has not only boosted our confidence but has also provided us the stability to focus on our performance and represent Malaysia with pride.”
Looking ahead, the duo shared their ambitious goals: “Our immediate target for the PETRONAS Malaysia Open is to advance to the quarterfinals. Beyond that, we aim to refine our performance, maintain consistency and break into the world’s top five rankings. In 2024, we came close to securing a Super 1000 championship title in China but narrowly missed it. For 2025 we are motivated to achieve that milestone.”
KLK looks forward to celebrate more milestones with Goh Soon Huat and Shevon Lai as they continue to thrive and make Malaysia proud in the 2025 season.
KLK Chief Operating Officer Mr. Lee Jia Zhang (centre) with Shevon Lai (left) and Goh Soon Huat (right) at the signing ceremony recently
Also featured in The Star.",unclassified_crawl_asset,linked_to_in_scope_content,"[""page:https-www-klkoleo-com-news-media-press-release-klk-renews-support-to-malaysian-mixed-doubles-stars-goh-soon-huat-and-shevon-lai""]",0,False,True,Not matched to a WordPress media-library record
asset:crawl-9131a755bde9,https://www.klkoleo.com/wp-content/uploads/2025/02/2025-01-POC-2025-Visuals.png,image,,,,2025 POC 2025 Visuals,"KLK is pleased to announce our participation in this year’s Palm and Lauric Oils Price Outlook Conference & Exhibition (POC)!
Discover KLK’s diverse, nature-derived portfolio driven by innovation at POC. We are committed to go the extra mile and develop a product that enriches all human lives, today and tomorrow.
Drop by KLK’s booth for engaging conversations and a chance to reconnect!
KLK: Your Trusted Agri-Leader
More info about POC 2025
About Kuala Lumpur Kepong Berhad
Kuala Lumpur Kepong Berhad (KLK) is a leading international Plantations group established in 1906. KLK ventured into resource-based downstream with KLK Refineries and KLK OLEO in the manufacturing of specialty oils & fats, oleochemicals and its derivatives. Find out more at www.klk.com.my",unclassified_crawl_asset,linked_to_in_scope_content,"[""page:https-www-klkoleo-com-news-media-klk-invites-you-to-poc-2025""]",0,False,True,Not matched to a WordPress media-library record
asset:crawl-71e8e3b74c7b,https://www.klkoleo.com/wp-content/uploads/2025/02/2025-02-KLKOI-SQ.png,image,,,,KLK OLEO KLKOI,"KLK OLEO is pleased to announce the expansion of our business operations in India by establishing a new representative office – KLK OLEO India (KLKOI) in Mumbai.
As a global leader in oleochemical production, we offer a diverse portfolio ranging from basic oleochemical products, such as Fatty Acids, Glycerine, Fatty Alcohols and Fatty Esters, all the way down the spectrum to specialties, such as Methyl Ester Sulphonates (MES), Surfactants and Phytonutrients. Our commitment to quality and sustainability positions us as a trusted partner across various industries, including home & personal care, pharmaceuticals, food & nutrition, flavours & fragrances, lubricants, polymers and industrial chemicals.
With KLKOI, we aim to build stronger relationships with our customers, distributors, and partners across the Indian Subcontinent. Our local presence will allow us to expand our business portfolio, explore new opportunities, and tap into the growing Indian market.
We are committed to going the extra mile and developing products that enrich all human lives, today and tomorrow. Learn how our sustainable solutions can benefit your business and the environment.
KLK OLEO India Pvt Ltd 
T: +91 98199 78 060
E: info.india@klkoleo.com",unclassified_crawl_asset,linked_to_in_scope_content,"[""page:https-www-klkoleo-com-news-media-klk-oleo-strengthens-global-footprint-with-new-representative-office-in-mumbai-india""]",0,False,True,Not matched to a WordPress media-library record
asset:crawl-0302b3c77f2c,https://www.klkoleo.com/wp-content/uploads/2025/02/Factory-with-Logo.png,image,,,,KLK OLEO Factory with Logo,"KLK OLEO proudly unveils its refreshed logo as part of its ongoing journey to strengthen its brand and visual identity. Built on a strong foundation committed to RISE – Reliable, Integrated, Sustainable, Efficient, KLK OLEO remains committed to delivering the best sustainable oleochemical solutions to meet global demands and evolving consumer trends.

This rebranding goes beyond a simple visual update. It represents a significant transformation that reflects KLK OLEO’s rich heritage, strong principles, and forward-thinking vision. The new logo embraces modernity, reinforcing the company’s position as a trusted partner in helping customers navigate future challenges.
As the company embarks on this new chapter, KLK OLEO invites you to be part of its journey toward excellence.",unclassified_crawl_asset,linked_to_in_scope_content,"[""page:https-www-klkoleo-com-news-media-bridging-heritage-and-innovation-with-klk-oleos-refreshed-logo""]",0,False,True,Not matched to a WordPress media-library record
asset:crawl-1b48764e09dc,https://www.klkoleo.com/wp-content/uploads/2025/02/KLK-OLEO-Header-Logo-1.png,image,,,,KLK OLEO,Menu,unclassified_crawl_asset,linked_to_in_scope_content,"[""page:https-www-klkoleo-com"",""page:https-www-klkoleo-com-11th-icis-asian-surfactants-conference"",""page:https-www-klkoleo-com-accreditations"",""page:https-www-klkoleo-com-archive-by-year-2020"",""page:https-www-klkoleo-com-archive-by-year-2021"",""page:https-www-klkoleo-com-archive-by-year-2022"",""page:https-www-klkoleo-com-archive-by-year-2023"",""page:https-www-klkoleo-com-archive-by-year-2024"",""page:https-www-klkoleo-com-archive-by-year-2025"",""page:https-www-klkoleo-com-archive-by-year-2026"",""page:https-www-klkoleo-com-author-1gsdd"",""page:https-www-klkoleo-com-author-klkoleo"",""page:https-www-klkoleo-com-brand"",""page:https-www-klkoleo-com-brand-davoslife-biocarotene-palm-mixed-carotenes"",""page:https-www-klkoleo-com-brand-davoslife-e3-tocotrienols"",""page:https-www-klkoleo-com-brand-edenor-glycerine-pharma-grade"",""page:https-www-klkoleo-com-brand-edenor-triacetin"",""page:https-www-klkoleo-com-brand-greenbentin-ethoxylates-alkoxylates"",""page:https-www-klkoleo-com-brand-hedilub-alkoxylates-esters"",""page:https-www-klkoleo-com-brand-hedipin-alkoxylates-triglyceride-ethoxylates-esters"",""page:https-www-klkoleo-com-brand-hedjuvan-polysorbates-sorbitan-esters-and-polyethylene-glycols"",""page:https-www-klkoleo-com-brand-imbentin-ethoxylates-alkoxylates"",""page:https-www-klkoleo-com-brand-kosteran-sorbitan-esters"",""page:https-www-klkoleo-com-brand-kotilen-sorbitan-ester-ethoxylates-polysorbates"",""page:https-www-klkoleo-com-brand-palmera-fatty-acids"",""page:https-www-klkoleo-com-brand-palmera-glycerine"",""page:https-www-klkoleo-com-brand-palmere-methyl-esters"",""page:https-www-klkoleo-com-brand-palmergy-biodiesels"",""page:https-www-klkoleo-com-brand-palmerol-fatty-alcohols"",""page:https-www-klkoleo-com-brand-palmester-fatty-acid-esters"",""page:https-www-klkoleo-com-brand-palmfonate-methyl-ester-sulphonates"",""page:https-www-klkoleo-com-brand-palmocol-alkanolamides"",""page:https-www-klkoleo-com-brand-palmosalt-soap-noodles"",""page:https-www-klkoleo-com-brand-palmowax-fatty-acid-bis-amides"",""page:https-www-klkoleo-com-brand-plantera-esters"",""page:https-www-klkoleo-com-brand-plantera-fatty-acids"",""page:https-www-klkoleo-com-brand-sympare-methyl-ester-sulphonates"",""page:https-www-klkoleo-com-brand-sympatens-fatty-alcohol-fatty-acid-ethoxylates-triglyceride-ethoxylates"",""page:https-www-klkoleo-com-brand-temest-esters"",""page:https-www-klkoleo-com-brand-tensagex-alcohol-ether-sulphates"",""page:https-www-klkoleo-com-brand-tensaryl-linear-alkylbenzene-sulphonates-sulphonic-acids"",""page:https-www-klkoleo-com-brand-tensomild-sulphosuccinates"",""page:https-www-klkoleo-com-brand-tensopol-alcohol-sulphates"",""page:https-www-klkoleo-com-brand-traded-products"",""page:https-www-klkoleo-com-brandhub-palmestermct"",""page:https-www-klkoleo-com-careers"",""page:https-www-klkoleo-com-careers-2"",""page:https-www-klkoleo-com-cart"",""page:https-www-klkoleo-com-category-events"",""page:https-www-klkoleo-com-category-food-nutrition"",""page:https-www-klkoleo-com-checkout"",""page:https-www-klkoleo-com-chem-expo-india"",""page:https-www-klkoleo-com-chemexpo-india"",""page:https-www-klkoleo-com-china-international-agrochemical-crop-protection-exhibition-cac"",""page:https-www-klkoleo-com-chinaplas"",""page:https-www-klkoleo-com-company"",""page:https-www-klkoleo-com-company-klk-oleo-brief"",""page:https-www-klkoleo-com-contact-us"",""page:https-www-klkoleo-com-contact-us-staging"",""page:https-www-klkoleo-com-corporate-responsibility"",""page:https-www-klkoleo-com-cosmetics-home-care-ingredients"",""page:https-www-klkoleo-com-cphi"",""page:https-www-klkoleo-com-cphi-frankfurt"",""page:https-www-klkoleo-com-cv-form"",""page:https-www-klkoleo-com-disclaimer"",""page:https-www-klkoleo-com-environmental-management-in-klk-oleo"",""page:https-www-klkoleo-com-european-coating-show-ecs"",""page:https-www-klkoleo-com-events"",""page:https-www-klkoleo-com-food-ingredients-europe"",""page:https-www-klkoleo-com-general-enquiry"",""page:https-www-klkoleo-com-governance-and-policies"",""page:https-www-klkoleo-com-history-milestones"",""page:https-www-klkoleo-com-hub-palmester-mct-a-carrier-for-flavour-fragrances"",""page:https-www-klkoleo-com-hub-palmester-mct-a-fat-substitute-for-infant-formula"",""page:https-www-klkoleo-com-hub-palmester-mct-a-functional-ingredient-for-multiple-efficacies-in-personal-care"",""page:https-www-klkoleo-com-hub-palmester-mct-a-gut-health"",""page:https-www-klkoleo-com-hub-palmester-mct-a-pharma-excipient"",""page:https-www-klkoleo-com-hub-palmester-mct-a-solution-for-animal-nutrition"",""page:https-www-klkoleo-com-hub-palmester-mct-an-energy-booster-for-better-athletic-performance"",""page:https-www-klkoleo-com-hub-palmester-mct-beneficial-for-weight-management"",""page:https-www-klkoleo-com-hub-palmester-mct-healthy-lipid-source-for-healthier-lifestyle"",""page:https-www-klkoleo-com-hub-palmester-mct-solution-for-human-cognitive-health"",""page:https-www-klkoleo-com-hub-palmester-medium-chain-triglycerides-oil"",""page:https-www-klkoleo-com-hub-palmester-medium-chain-triglycerides-powder"",""page:https-www-klkoleo-com-in-cosmetic-global"",""page:https-www-klkoleo-com-in-cosmetics-asia"",""page:https-www-klkoleo-com-in-cosmetics-asia-2"",""page:https-www-klkoleo-com-in-cosmetics-global"",""page:https-www-klkoleo-com-in-cosmetics-korea"",""page:https-www-klkoleo-com-in-cosmetics-latin-america"",""page:https-www-klkoleo-com-k-2"",""page:https-www-klkoleo-com-karier"",""page:https-www-klkoleo-com-kl-kepong-oleomas-sdn-bhd"",""page:https-www-klkoleo-com-klk-bioenergy-sdn-bhd"",""page:https-www-klkoleo-com-klk-oleo-americas-inc"",""page:https-www-klkoleo-com-klkemmerich"",""page:https-www-klkoleo-com-klkoleo-india"",""page:https-www-klkoleo-com-klktemix"",""page:https-www-klkoleo-com-klktensachem"",""page:https-www-klkoleo-com-lubricant-expo-europe"",""page:https-www-klkoleo-com-lubricant-expo-north-america"",""page:https-www-klkoleo-com-making-cosmetics"",""page:https-www-klkoleo-com-making-cosmetics-2"",""page:https-www-klkoleo-com-more-general-form"",""page:https-www-klkoleo-com-my-account"",""page:https-www-klkoleo-com-news-category-corporate"",""page:https-www-klkoleo-com-news-category-exhibition"",""page:https-www-klkoleo-com-news-category-product"",""page:https-www-klkoleo-com-news-category-sustainability"",""page:https-www-klkoleo-com-news-media"",""page:https-www-klkoleo-com-news-media-bridging-heritage-and-innovation-with-klk-oleos-refreshed-logo"",""page:https-www-klkoleo-com-news-media-celebrating-100-years-of-excellence-in-delden"",""page:https-www-klkoleo-com-news-media-commander-of-the-order-of-leopold-ii-award"",""page:https-www-klkoleo-com-news-media-courtesy-visit-to-por-and-klkom-by-the-belgium-ambassador-to-malaysia"",""page:https-www-klkoleo-com-news-media-davos-life-science-achieves-fssc-22000-certification-demonstrating-unwavering-commitment-to-food-safety-excellence"",""page:https-www-klkoleo-com-news-media-davos-life-science-colornet-transforming-brazils-skincare-future-with-the-power-of-tocotrienols"",""page:https-www-klkoleo-com-news-media-discover-innovative-nature-derived-products-and-solutions-at-chemexpo-india"",""page:https-www-klkoleo-com-news-media-discover-klk-oleo-vitafoods-europe-2024"",""page:https-www-klkoleo-com-news-media-discover-klk-oleos-complete-beauty-and-personal-care-ingredients-at-in-cosmetics-asia"",""page:https-www-klkoleo-com-news-media-discover-klk-oleos-purpose-led-solutions-for-healthy-ageing-and-healthier-living-at-hi-korea"",""page:https-www-klkoleo-com-news-media-discover-klk-oleos-purpose-led-solutions-for-healthy-ageing-at-vitafoods-europe"",""page:https-www-klkoleo-com-news-media-discover-sustainable-beauty-solutions-at-cite-japan-2025"",""page:https-www-klkoleo-com-news-media-elevate-cognitive-health-and-nutrition-meet-klk-oleo-at-vitafoods-europe-2025"",""page:https-www-klkoleo-com-news-media-elevate-cognitive-health-and-sustainable-food-solutions-at-fi-europe-2025"",""page:https-www-klkoleo-com-news-media-elevate-your-products-with-klk-oleo-at-the-upcoming-supplyside-west"",""page:https-www-klkoleo-com-news-media-embark-on-a-journey-to-conscious-beauty-with-klk-oleo"",""page:https-www-klkoleo-com-news-media-embrace-natural-beauty-with-klk-oleo-in-the-upcoming-in-cosmetics-korea"",""page:https-www-klkoleo-com-news-media-explore-klk-oleos-innovative-ingredients-solutions-at-vitafoods-asia-2025"",""page:https-www-klkoleo-com-news-media-explore-klk-oleos-sustainable-oleochemical-solutions-at-cosmetics-home-care-ingredients-chci"",""page:https-www-klkoleo-com-news-media-first-rooftop-solar-photovoltaics-system-in-klk-oleo"",""page:https-www-klkoleo-com-news-media-fuel-smarter-with-sustainable-mct"",""page:https-www-klkoleo-com-news-media-get-in-touch-with-klk-at-the-upcoming-ofic-2022"",""page:https-www-klkoleo-com-news-media-get-in-touch-with-us-at-the-upcoming-in-cosmetics-latin-america"",""page:https-www-klkoleo-com-news-media-innovating-agrochemical-solutions-for-a-greener-tomorrow"",""page:https-www-klkoleo-com-news-media-join-klk-oleo-at-cosmetics-home-care-ingredients-chci-explore-sustainable-solutions"",""page:https-www-klkoleo-com-news-media-join-us-at-nyscc-suppliers-day"",""page:https-www-klkoleo-com-news-media-k-2025"",""page:https-www-klkoleo-com-news-media-kl-kepong-oleomas-winner-of-the-second-highest-investment-in-selangor-by-domestic-company-2021"",""page:https-www-klkoleo-com-news-media-klk-awarded-malaysias-best-managed-companies-for-third-consecutive-year"",""page:https-www-klkoleo-com-news-media-klk-awarded-unilevers-clean-future-brilliance-award"",""page:https-www-klkoleo-com-news-media-klk-celebrates-double-win-at-the-16th-global-csr-esg-summit-awards-2024"",""page:https-www-klkoleo-com-news-media-klk-invites-you-to-poc-2024"",""page:https-www-klkoleo-com-news-media-klk-invites-you-to-poc-2025"",""page:https-www-klkoleo-com-news-media-klk-invites-you-to-poc-2026"",""page:https-www-klkoleo-com-news-media-klk-is-proud-to-be-one-of-malaysias-best-managed-companies-2022"",""page:https-www-klkoleo-com-news-media-klk-is-recognised-malaysias-best-managed-companies-2023"",""page:https-www-klkoleo-com-news-media-klk-oleo-appoints-ralf-ewering-as-chief-sustainability-officer-europe"",""page:https-www-klkoleo-com-news-media-klk-oleo-breaks-ground-for-new-expansion-site-in-west-port-2"",""page:https-www-klkoleo-com-news-media-klk-oleo-davos-life-science-invites-you-to-vitafoods-asia"",""page:https-www-klkoleo-com-news-media-klk-oleo-expands-business-footprint-to-the-americas"",""page:https-www-klkoleo-com-news-media-klk-oleo-inter-lubric-china-2023"",""page:https-www-klkoleo-com-news-media-klk-oleo-invites-you-to-chemexpo-india-2025"",""page:https-www-klkoleo-com-news-media-klk-oleo-invites-you-to-chinaplas-2025"",""page:https-www-klkoleo-com-news-media-klk-oleo-invites-you-to-in-cosmetics-asia-2023"",""page:https-www-klkoleo-com-news-media-klk-oleo-invites-you-to-in-cosmetics-global-2020"",""page:https-www-klkoleo-com-news-media-klk-oleo-invites-you-to-in-cosmetics-global-2025"",""page:https-www-klkoleo-com-news-media-klk-oleo-invites-you-to-nyscc-suppliers-day-2022"",""page:https-www-klkoleo-com-news-media-klk-oleo-invites-you-to-nyscc-suppliers-day-2024"",""page:https-www-klkoleo-com-news-media-klk-oleo-invites-you-to-pinc-2023"",""page:https-www-klkoleo-com-news-media-klk-oleo-invites-you-to-poc-2022"",""page:https-www-klkoleo-com-news-media-klk-oleo-invites-you-to-vietnamplas-2025"",""page:https-www-klkoleo-com-news-media-klk-oleo-invites-you-to-vitafoods-europe-2022"",""page:https-www-klkoleo-com-news-media-klk-oleo-invites-you-to-vitafoods-virtual-expo"",""page:https-www-klkoleo-com-news-media-klk-oleo-planted-200-trees-at-lower-kinabatangan-wildlife-sanctuary"",""page:https-www-klkoleo-com-news-media-klk-oleo-received-thriving-in-adversity-award-at-export-excellence-awards-eea-2022"",""page:https-www-klkoleo-com-news-media-klk-oleo-showcase-davoslife-e3-tocotrienols-and-palmester-mct-at-health-ingredients-europe-hi-2022"",""page:https-www-klkoleo-com-news-media-klk-oleo-strengthens-global-footprint-with-new-representative-office-in-mumbai-india"",""page:https-www-klkoleo-com-news-media-klk-oleo-to-showcase-in-cite-japan"",""page:https-www-klkoleo-com-news-media-klk-oleo-to-showcase-purpose-led-solutions-for-healthy-ageing-healthier-living-at-vitafoods-asia-2023"",""page:https-www-klkoleo-com-news-media-klk-oleo-was-voted-as-one-of-malaysias-most-preferred-graduate-employers-to-work-in-2022"",""page:https-www-klkoleo-com-news-media-klk-oleo-will-feature-healthy-ageing-and-healthier-living-solutions-at-supplyside-west"",""page:https-www-klkoleo-com-news-media-klk-received-company-of-the-year-award-for-excellence-in-sustainability-and-csr-initiatives-plantation"",""page:https-www-klkoleo-com-news-media-klk-received-company-of-the-year-award-for-leadership-in-community-education-scholarship-welfare"",""page:https-www-klkoleo-com-news-media-klk-receives-gold-rating-from-ram-sustainability"",""page:https-www-klkoleo-com-news-media-klk-receives-gold-rating-from-ram-sustainability-2"",""page:https-www-klkoleo-com-news-media-klk-receives-two-awards-at-the-15th-annual-global-csr-esg-summit-and-awards-2023"",""page:https-www-klkoleo-com-news-media-klk-recognised-as-the-most-outstanding-company-in-the-plantation-sector-by-asiamoney"",""page:https-www-klkoleo-com-news-media-klkom-is-setting-the-milestone-in-energy-recycling"",""page:https-www-klkoleo-com-news-media-klks-ceo-tan-sri-dato-seri-lee-oi-hian-named-the-edge-billion-ringgit-club-2022s-outstanding-ceo-value-creator"",""page:https-www-klkoleo-com-news-media-new-homepage-for-klk-oleo-life-science"",""page:https-www-klkoleo-com-news-media-new-surfactants-from-klkoms-sulphation-plants"",""page:https-www-klkoleo-com-news-media-nyscc-suppliers-day-2023"",""page:https-www-klkoleo-com-news-media-palm-oleo-awarded-msosh-gold-class-i-award"",""page:https-www-klkoleo-com-news-media-palm-oleo-won-msosh-award"",""page:https-www-klkoleo-com-news-media-pchi-2026"",""page:https-www-klkoleo-com-news-media-press-release-klk-oleo-completes-acquisition-of-temix-oleo"",""page:https-www-klkoleo-com-news-media-press-release-klk-oleo-to-acquire-italy-based-temix-oleo"",""page:https-www-klkoleo-com-news-media-press-release-klk-renews-support-to-malaysian-mixed-doubles-stars-goh-soon-huat-and-shevon-lai"",""page:https-www-klkoleo-com-news-media-press-release-peng-soon-liu-ying-receive-support-from-klk-to-pursue-their-olympic-dream"",""page:https-www-klkoleo-com-news-media-ram-sustainability-upgrades-klks-overall-sustainability-rating-to-gold1-from-gold2"",""page:https-www-klkoleo-com-news-media-sustainable-ingredients-touching-lives-positively-everyday"",""page:https-www-klkoleo-com-news-media-tpoz-recognised-as-amongst-top-10-model-companies-adopting-holistic-safety-culture"",""page:https-www-klkoleo-com-news-media-trusted-partner-for-healthy-ageing-and-healthier-living"",""page:https-www-klkoleo-com-news-media-visit-klk-oleo-at-in-cosmetics-asia-2024"",""page:https-www-klkoleo-com-news-media-visit-klk-oleo-at-in-cosmetics-korea-2024"",""page:https-www-klkoleo-com-news-media-visit-klk-oleo-at-in-cosmetics-latin-america-2026"",""page:https-www-klkoleo-com-news-media-visit-klk-oleo-at-wt-middle-east-2025"",""page:https-www-klkoleo-com-news-media-visit-klk-oleo-davos-life-science-at-vitafoods-asia-2024"",""page:https-www-klkoleo-com-news-media-visit-us-at-k-2022"",""page:https-www-klkoleo-com-news-media-visit-us-at-poc2023"",""page:https-www-klkoleo-com-news-media-vitafoods-europe-2026"",""page:https-www-klkoleo-com-nyscc-suppliers-day"",""page:https-www-klkoleo-com-oils-fats-international-congress-2"",""page:https-www-klkoleo-com-palm-and-lauric-oils-price-outlook-conference-exhibition-2"",""page:https-www-klkoleo-com-palm-oleo-klang-sdn-bhd"",""page:https-www-klkoleo-com-palm-oleo-sdn-bhd"",""page:https-www-klkoleo-com-palmocol-alkanolamide"",""page:https-www-klkoleo-com-personal-care-and-homecare-ingredients-pchi"",""page:https-www-klkoleo-com-pipoc"",""page:https-www-klkoleo-com-post-type-r3d"",""page:https-www-klkoleo-com-product-enquiry"",""page:https-www-klkoleo-com-product-enquiry-beauty-personal-care"",""page:https-www-klkoleo-com-product-enquiry-food-nutrition"",""page:https-www-klkoleo-com-product-enquiry-home-care-ii-cleaning"",""page:https-www-klkoleo-com-product-enquiry-lubricants"",""page:https-www-klkoleo-com-product-enquiry-palmester-mct"",""page:https-www-klkoleo-com-product-enquiry-polymer"",""page:https-www-klkoleo-com-products-amides"",""page:https-www-klkoleo-com-products-anionic-surfactants"",""page:https-www-klkoleo-com-products-banner"",""page:https-www-klkoleo-com-products-esters"",""page:https-www-klkoleo-com-products-fatty-acids"",""page:https-www-klkoleo-com-products-fatty-alcohols"",""page:https-www-klkoleo-com-products-glycerine"",""page:https-www-klkoleo-com-products-nonionic-surfactants"",""page:https-www-klkoleo-com-products-phytonutrients"",""page:https-www-klkoleo-com-pt-klk-dumai"",""page:https-www-klkoleo-com-ptperindustriansawitsynergi"",""page:https-www-klkoleo-com-r3d-1841"",""page:https-www-klkoleo-com-r3d-category-sustainability"",""page:https-www-klkoleo-com-r3d-chinese-davoslife-revive-leaflet"",""page:https-www-klkoleo-com-r3d-chinese-klk-oleo-corporate-profile-rise"",""page:https-www-klkoleo-com-r3d-chinese-klk-oleo-sympare-mes"",""page:https-www-klkoleo-com-r3d-davoslife-ageless-serum-fact-yvettes-overberg-testimonial"",""page:https-www-klkoleo-com-r3d-davoslife-e3-tocotrienols"",""page:https-www-klkoleo-com-r3d-davoslife-e3-tocotrienols-brochure"",""page:https-www-klkoleo-com-r3d-davoslife-e3-tocotrienols-for-personal-care"",""page:https-www-klkoleo-com-r3d-davoslife-e3-tocotrienols-new-age-bioactive"",""page:https-www-klkoleo-com-r3d-davoslife-revive-leaflet"",""page:https-www-klkoleo-com-r3d-de-assembly-terms-and-conditions-klk-emmerich"",""page:https-www-klkoleo-com-r3d-de-assembly-terms-and-conditions-klke-dusseldorf"",""page:https-www-klkoleo-com-r3d-de-code-of-conduct-for-supplier-klk-emmerich"",""page:https-www-klkoleo-com-r3d-de-general-terms-and-conditions-of-purchase-klk-emmerich"",""page:https-www-klkoleo-com-r3d-de-general-terms-and-conditions-of-sale-klk-emmerich"",""page:https-www-klkoleo-com-r3d-de-safety-guide-klk-emmerich"",""page:https-www-klkoleo-com-r3d-embrace-natural-beauty-with-klk-oleo"",""page:https-www-klkoleo-com-r3d-eng-anti-corruption-policy-klk-group"",""page:https-www-klkoleo-com-r3d-eng-code-of-conduct-and-ethics-for-the-company-group-klk-group"",""page:https-www-klkoleo-com-r3d-eng-code-of-conduct-for-suppliers-klk-emmerich"",""page:https-www-klkoleo-com-r3d-eng-code-of-ethics-klktemix"",""page:https-www-klkoleo-com-r3d-eng-general-conditions-of-sale-klktemix"",""page:https-www-klkoleo-com-r3d-eng-general-terms-and-conditions-for-the-purchase-of-goods-and-or-services-klk-oleo-group"",""page:https-www-klkoleo-com-r3d-eng-general-terms-and-conditions-of-purchase-klk-emmerich"",""page:https-www-klkoleo-com-r3d-eng-general-terms-and-conditions-of-purchase-klk-kolb-specialties"",""page:https-www-klkoleo-com-r3d-eng-general-terms-and-conditions-of-sale-klk-emmerich"",""page:https-www-klkoleo-com-r3d-eng-general-terms-and-conditions-of-sale-klk-tensachem"",""page:https-www-klkoleo-com-r3d-eng-general-terms-and-conditions-of-sale-or-supply-davos-malaysia"",""page:https-www-klkoleo-com-r3d-eng-general-terms-and-conditions-of-sale-or-supply-davos-singapore"",""page:https-www-klkoleo-com-r3d-eng-general-terms-and-conditions-of-sale-or-supply-klk-bioenergy"",""page:https-www-klkoleo-com-r3d-eng-general-terms-and-conditions-of-sale-or-supply-klk-kolb-specialties"",""page:https-www-klkoleo-com-r3d-eng-general-terms-and-conditions-of-sale-or-supply-klkepong-oleomas"",""page:https-www-klkoleo-com-r3d-eng-general-terms-and-conditions-of-sale-or-supply-klkoleo-shanghai"",""page:https-www-klkoleo-com-r3d-eng-general-terms-and-conditions-of-sale-or-supply-palmoleo"",""page:https-www-klkoleo-com-r3d-eng-general-terms-and-conditions-of-sale-or-supply-palmoleo-klang"",""page:https-www-klkoleo-com-r3d-eng-general-terms-and-conditions-of-sale-or-supply-taikopalmoleo"",""page:https-www-klkoleo-com-r3d-eng-general-terms-and-conditions-of-technical-purchase-of-goods-works-services-klkkolbspecialties-drkolb"",""page:https-www-klkoleo-com-r3d-eng-quality-environmental-safety-and-food-safety-policy-klktemix"",""page:https-www-klkoleo-com-r3d-eng-supplier-code-of-conduct-klk-group"",""page:https-www-klkoleo-com-r3d-eng-sustainability-policy-klk-group"",""page:https-www-klkoleo-com-r3d-eng-whistleblowing-policy-klk-group"",""page:https-www-klkoleo-com-r3d-italian-general-conditions-of-sale-klktemix"",""page:https-www-klkoleo-com-r3d-italian-whistleblowing-policy-klktemix"",""page:https-www-klkoleo-com-r3d-klk-oleo-agrochemical-industry"",""page:https-www-klkoleo-com-r3d-klk-oleo-aidigro-ga-925"",""page:https-www-klkoleo-com-r3d-klk-oleo-beauty-and-personal-care-brochure"",""page:https-www-klkoleo-com-r3d-klk-oleo-corporate-brochure"",""page:https-www-klkoleo-com-r3d-klk-oleo-green-solutions-for-plastic-industries"",""page:https-www-klkoleo-com-r3d-klk-oleo-green-solutions-for-plastic-industries-2"",""page:https-www-klkoleo-com-r3d-klk-oleo-palmester-biolubricant-base-oil-for-mwf-neat-oil-applications"",""page:https-www-klkoleo-com-r3d-klk-oleo-palmester-biolubricant-base-oil-for-mwf-soluble-oil-applications"",""page:https-www-klkoleo-com-r3d-klk-oleo-palmester-biolubricants-for-fire-resistant-hydraulic-fluid"",""page:https-www-klkoleo-com-r3d-klk-oleo-palmester-mct-davoslife-e3-tocotrienols"",""page:https-www-klkoleo-com-r3d-klk-oleo-palmfonate-mes"",""page:https-www-klkoleo-com-r3d-klk-oleo-palmfonate-mes-brochure"",""page:https-www-klkoleo-com-r3d-klk-oleo-polysorbates-sorbitan-esters-brochure"",""page:https-www-klkoleo-com-r3d-klk-oleo-sympare-mes-brochure"",""page:https-www-klkoleo-com-r3d-klk-oleo-tailored-solutions-transformative-beauty"",""page:https-www-klkoleo-com-r3d-klk-oleo-tailored-solutions-transformative-beauty-copy"",""page:https-www-klkoleo-com-r3d-klk-oleos-traceability"",""page:https-www-klkoleo-com-r3d-klk-refineries-corporate-brochure"",""page:https-www-klkoleo-com-r3d-klk-sustainability-report-2021"",""page:https-www-klkoleo-com-r3d-klkcare-report-2023"",""page:https-www-klkoleo-com-r3d-lets-talk-about-sustainable-palm-oil"",""page:https-www-klkoleo-com-r3d-madhev-retirement-photo-book"",""page:https-www-klkoleo-com-r3d-methyl-ester-sulphonates-mes-a-living-innovation"",""page:https-www-klkoleo-com-r3d-palmester-3575-medium-chain-triglycerides-mct"",""page:https-www-klkoleo-com-r3d-palmester-3970-for-automotive-lubricant-applications"",""page:https-www-klkoleo-com-r3d-palmester-3976-pentaerythritol-tetrastearate-pets-for-polycarbonate-application"",""page:https-www-klkoleo-com-r3d-palmester-biolubricant-base-oils-english"",""page:https-www-klkoleo-com-r3d-palmester-biolubricants-for-frhf-applications"",""page:https-www-klkoleo-com-r3d-palmester-biolubricants-for-frhf-applications-copy"",""page:https-www-klkoleo-com-r3d-palmester-mct-food-nutrition-industry"",""page:https-www-klkoleo-com-r3d-palmfonate-methyl-ester-sulphonate"",""page:https-www-klkoleo-com-r3d-palmocol-alkanolamides-cares-like-no-other"",""page:https-www-klkoleo-com-r3d-palmowax-ethylene-bis-stearamide-ebs-for-abs-application"",""page:https-www-klkoleo-com-r3d-sustainability-progress-report-3rd"",""page:https-www-klkoleo-com-r3d-sustainability-report"",""page:https-www-klkoleo-com-r3d-tensianol-syndets-bases"",""page:https-www-klkoleo-com-report"",""page:https-www-klkoleo-com-report-2014"",""page:https-www-klkoleo-com-report-2015"",""page:https-www-klkoleo-com-report-2016"",""page:https-www-klkoleo-com-report-2017"",""page:https-www-klkoleo-com-report-2018"",""page:https-www-klkoleo-com-report-2019"",""page:https-www-klkoleo-com-report-2023"",""page:https-www-klkoleo-com-request-quote"",""page:https-www-klkoleo-com-sepawacongress"",""page:https-www-klkoleo-com-sepawacongress-2"",""page:https-www-klkoleo-com-standard-terms-and-conditions"",""page:https-www-klkoleo-com-stle-annual-meeting-exhibition"",""page:https-www-klkoleo-com-stolthavenwestport"",""page:https-www-klkoleo-com-supplier-code-of-conduct"",""page:https-www-klkoleo-com-supply-chain-management"",""page:https-www-klkoleo-com-supplyside-global"",""page:https-www-klkoleo-com-sustainability-principled-by-integrity"",""page:https-www-klkoleo-com-taiko-palm-oleo-zhangjiagang-co-ltd"",""page:https-www-klkoleo-com-test-2"",""page:https-www-klkoleo-com-test-career"",""page:https-www-klkoleo-com-timeline-post"",""page:https-www-klkoleo-com-timeline-post-1711"",""page:https-www-klkoleo-com-timeline-post-1906"",""page:https-www-klkoleo-com-timeline-post-1906-2"",""page:https-www-klkoleo-com-timeline-post-1906-3"",""page:https-www-klkoleo-com-timeline-post-1960"",""page:https-www-klkoleo-com-timeline-post-1960-2"",""page:https-www-klkoleo-com-timeline-post-1960-3"",""page:https-www-klkoleo-com-timeline-post-1973"",""page:https-www-klkoleo-com-timeline-post-1973-2"",""page:https-www-klkoleo-com-timeline-post-1973-3"",""page:https-www-klkoleo-com-timeline-post-1991"",""page:https-www-klkoleo-com-timeline-post-1991-2"",""page:https-www-klkoleo-com-timeline-post-1991-3"",""page:https-www-klkoleo-com-timeline-post-1994"",""page:https-www-klkoleo-com-timeline-post-1994-2"",""page:https-www-klkoleo-com-timeline-post-1994-3"",""page:https-www-klkoleo-com-timeline-post-1996"",""page:https-www-klkoleo-com-timeline-post-1996-2"",""page:https-www-klkoleo-com-timeline-post-1996-3"",""page:https-www-klkoleo-com-timeline-post-1997"",""page:https-www-klkoleo-com-timeline-post-1997-2"",""page:https-www-klkoleo-com-timeline-post-1997-3"",""page:https-www-klkoleo-com-timeline-post-2004"",""page:https-www-klkoleo-com-timeline-post-2004-2"",""page:https-www-klkoleo-com-timeline-post-2004-3"",""page:https-www-klkoleo-com-timeline-post-2005"",""page:https-www-klkoleo-com-timeline-post-2005-2"",""page:https-www-klkoleo-com-timeline-post-2005-3"",""page:https-www-klkoleo-com-timeline-post-2005-4"",""page:https-www-klkoleo-com-timeline-post-2005-5"",""page:https-www-klkoleo-com-timeline-post-2005-6"",""page:https-www-klkoleo-com-timeline-post-2006"",""page:https-www-klkoleo-com-timeline-post-2006-2"",""page:https-www-klkoleo-com-timeline-post-2006-3"",""page:https-www-klkoleo-com-timeline-post-2006-4"",""page:https-www-klkoleo-com-timeline-post-2006-5"",""page:https-www-klkoleo-com-timeline-post-2006-6"",""page:https-www-klkoleo-com-timeline-post-2007"",""page:https-www-klkoleo-com-timeline-post-2007-2"",""page:https-www-klkoleo-com-timeline-post-2007-3"",""page:https-www-klkoleo-com-timeline-post-2007-4"",""page:https-www-klkoleo-com-timeline-post-2007-5"",""page:https-www-klkoleo-com-timeline-post-2007-6"",""page:https-www-klkoleo-com-timeline-post-2009"",""page:https-www-klkoleo-com-timeline-post-2009-2"",""page:https-www-klkoleo-com-timeline-post-2009-3"",""page:https-www-klkoleo-com-timeline-post-2009-4"",""page:https-www-klkoleo-com-timeline-post-2009-5"",""page:https-www-klkoleo-com-timeline-post-2009-6"",""page:https-www-klkoleo-com-timeline-post-2010"",""page:https-www-klkoleo-com-timeline-post-2010-2"",""page:https-www-klkoleo-com-timeline-post-2010-3"",""page:https-www-klkoleo-com-timeline-post-2011"",""page:https-www-klkoleo-com-timeline-post-2011-2"",""page:https-www-klkoleo-com-timeline-post-2011-3"",""page:https-www-klkoleo-com-timeline-post-2012"",""page:https-www-klkoleo-com-timeline-post-2012-2"",""page:https-www-klkoleo-com-timeline-post-2012-3"",""page:https-www-klkoleo-com-timeline-post-2014"",""page:https-www-klkoleo-com-timeline-post-2014-2"",""page:https-www-klkoleo-com-timeline-post-2014-3"",""page:https-www-klkoleo-com-timeline-post-2015"",""page:https-www-klkoleo-com-timeline-post-2015-2"",""page:https-www-klkoleo-com-timeline-post-2015-3"",""page:https-www-klkoleo-com-timeline-post-2016"",""page:https-www-klkoleo-com-timeline-post-2016-2"",""page:https-www-klkoleo-com-timeline-post-2016-3"",""page:https-www-klkoleo-com-timeline-post-2016-4"",""page:https-www-klkoleo-com-timeline-post-2016-5"",""page:https-www-klkoleo-com-timeline-post-2016-6"",""page:https-www-klkoleo-com-timeline-post-2016-7"",""page:https-www-klkoleo-com-timeline-post-2016-8"",""page:https-www-klkoleo-com-timeline-post-2018"",""page:https-www-klkoleo-com-timeline-post-2018-2"",""page:https-www-klkoleo-com-timeline-post-2018-3"",""page:https-www-klkoleo-com-timeline-post-2018-4"",""page:https-www-klkoleo-com-timeline-post-2018-5"",""page:https-www-klkoleo-com-timeline-post-2018-6"",""page:https-www-klkoleo-com-timeline-post-2018-7"",""page:https-www-klkoleo-com-timeline-post-2018-8"",""page:https-www-klkoleo-com-timeline-post-2018-9"",""page:https-www-klkoleo-com-timeline-post-2020"",""page:https-www-klkoleo-com-timeline-post-2020-2"",""page:https-www-klkoleo-com-timeline-post-2020-3"",""page:https-www-klkoleo-com-timeline-post-2021"",""page:https-www-klkoleo-com-timeline-post-2021-2"",""page:https-www-klkoleo-com-timeline-post-2021-3"",""page:https-www-klkoleo-com-timeline-post-2023"",""page:https-www-klkoleo-com-timeline-post-2023-2"",""page:https-www-klkoleo-com-timeline-post-2023-3"",""page:https-www-klkoleo-com-timeline-post-2023-4"",""page:https-www-klkoleo-com-timeline-post-2023-5"",""page:https-www-klkoleo-com-timeline-post-2023-6"",""page:https-www-klkoleo-com-timeline-post-2024"",""page:https-www-klkoleo-com-timeline-post-2024-2"",""page:https-www-klkoleo-com-timeline-post-2025"",""page:https-www-klkoleo-com-timeline-post-2025-2"",""page:https-www-klkoleo-com-timeline-post-2025-3"",""page:https-www-klkoleo-com-timeline-post-angestellte"",""page:https-www-klkoleo-com-timeline-post-bildung"",""page:https-www-klkoleo-com-timeline-post-community"",""page:https-www-klkoleo-com-timeline-post-e4-b8-80-e4-bd-93-e5-8c-96"",""page:https-www-klkoleo-com-timeline-post-e5-8f-af-e4-bf-a1-e8-b5-96-e7-9a-84"",""page:https-www-klkoleo-com-timeline-post-e5-8f-af-e6-8c-81-e7-bb-ad-e7-9a-84"",""page:https-www-klkoleo-com-timeline-post-e5-91-98-e5-b7-a5"",""page:https-www-klkoleo-com-timeline-post-e6-95-99-e8-82-b2"",""page:https-www-klkoleo-com-timeline-post-e7-8e-af-e5-a2-83"",""page:https-www-klkoleo-com-timeline-post-e7-a4-be-e5-8c-ba"",""page:https-www-klkoleo-com-timeline-post-e9-ab-98-e6-95-88-e7-9a-84"",""page:https-www-klkoleo-com-timeline-post-education"",""page:https-www-klkoleo-com-timeline-post-efficient"",""page:https-www-klkoleo-com-timeline-post-effizient"",""page:https-www-klkoleo-com-timeline-post-employees"",""page:https-www-klkoleo-com-timeline-post-environment"",""page:https-www-klkoleo-com-timeline-post-gesellschaft"",""page:https-www-klkoleo-com-timeline-post-integrated"",""page:https-www-klkoleo-com-timeline-post-integriert"",""page:https-www-klkoleo-com-timeline-post-klk-founder"",""page:https-www-klkoleo-com-timeline-post-klk-founder-2"",""page:https-www-klkoleo-com-timeline-post-klk-founder-3"",""page:https-www-klkoleo-com-timeline-post-nachhaltig"",""page:https-www-klkoleo-com-timeline-post-reliable"",""page:https-www-klkoleo-com-timeline-post-sustainability"",""page:https-www-klkoleo-com-timeline-post-umwelt"",""page:https-www-klkoleo-com-timeline-post-zuverlassig"",""page:https-www-klkoleo-com-uniti-expo"",""page:https-www-klkoleo-com-uniti-mineral-oil-technology-congress"",""page:https-www-klkoleo-com-vietnamplas"",""page:https-www-klkoleo-com-vitafoods-asia"",""page:https-www-klkoleo-com-vitafoods-asia-3"",""page:https-www-klkoleo-com-vitafoods-europe"",""page:https-www-klkoleo-com-vitafoods-europe-2"",""page:https-www-klkoleo-com-world-tobacco-middle-east"",""page:https-www-klkoleo-com-wpostahs-slider-category-commitments"",""page:https-www-klkoleo-com-wpostahs-slider-category-commitments-de"",""page:https-www-klkoleo-com-wpostahs-slider-category-e7-a4-be-e4-bc-9a-e8-b4-a3-e4-bb-bb"",""page:https-www-klkoleo-com-wpostahs-slider-category-milestones"",""page:https-www-klkoleo-com-wpostahs-slider-category-milestones-cn"",""page:https-www-klkoleo-com-wpostahs-slider-category-milestones-de"",""page:https-www-klkoleo-com-wpostahs-slider-category-rise"",""page:https-www-klkoleo-com-wpostahs-slider-category-rise-cn"",""page:https-www-klkoleo-com-wpostahs-slider-category-rise-de""]",0,False,True,Not matched to a WordPress media-library record
asset:crawl-a4770a62d5f7,https://www.klkoleo.com/wp-content/uploads/2025/03/2025-02-Exhibition-CAC-2025-02s.png,image,,,,KLK OLEO AIDIGRO,"KLK OLEO will be participating in the upcoming China International Agrochemical & Crop Protection Exhibition (CAC) from 17 – 19 March, 2025!
We will be showcasing AIDIGRO, a comprehensive formulation solutions for agrochemicals.

AIDIGRO GA 925
An effective alternative adjuvant for Glufosinate-Ammonium system

Enhance Efficacy
Lesser Foam
Cost Efficient

AIDIGRO SV
Green Solvent for Agrochemicals

Enhance pesticide efficacy
Lower volatility & higher flash point
Reduce phytotoxicity
REACH registered

Visit us at Booth 72F30 to learn more how our natural products can help you confidently grow responsible, sustainable agriculture.
More info on CAC 2025",unclassified_crawl_asset,linked_to_in_scope_content,"[""page:https-www-klkoleo-com-news-media-innovating-agrochemical-solutions-for-a-greener-tomorrow""]",0,False,True,Not matched to a WordPress media-library record
asset:crawl-29948e4004e4,https://www.klkoleo.com/wp-content/uploads/2025/03/2025-02-Exhibition-CAC-2025-s.png,image,,,,KLK OLEO at CAC 2025,"KLK OLEO will be participating in the upcoming China International Agrochemical & Crop Protection Exhibition (CAC) from 17 – 19 March, 2025!
We will be showcasing AIDIGRO, a comprehensive formulation solutions for agrochemicals.

AIDIGRO GA 925
An effective alternative adjuvant for Glufosinate-Ammonium system

Enhance Efficacy
Lesser Foam
Cost Efficient

AIDIGRO SV
Green Solvent for Agrochemicals

Enhance pesticide efficacy
Lower volatility & higher flash point
Reduce phytotoxicity
REACH registered

Visit us at Booth 72F30 to learn more how our natural products can help you confidently grow responsible, sustainable agriculture.
More info on CAC 2025",unclassified_crawl_asset,linked_to_in_scope_content,"[""page:https-www-klkoleo-com-news-media-innovating-agrochemical-solutions-for-a-greener-tomorrow""]",0,False,True,Not matched to a WordPress media-library record
asset:crawl-343a4e269c46,https://www.klkoleo.com/wp-content/uploads/2025/03/2025-03-17-In-Cos-Global-LinkedIn-03.jpg,image,,,,KLK OLEO In Cos Global LinkedIn,"Scientifically proven to boost skin’s resilience against modern pollution, it is a safe, effective and gentle natural bioactive to use for anti-blue light and anti-pollution formulations.",unclassified_crawl_asset,linked_to_in_scope_content,"[""page:https-www-klkoleo-com-news-media-klk-oleo-invites-you-to-in-cosmetics-global-2025""]",0,False,True,Not matched to a WordPress media-library record
asset:crawl-a42ac099a4a7,https://www.klkoleo.com/wp-content/uploads/2025/04/2025-03-ChemExpo-India-2025-4320-px-R2-01.jpg,image,,,,KLK OLEO ChemExpo India 2025,"KLK OLEO is one of the key players in the global oleochemical industry, manufacturing high-quality sustainable products from natural renewable raw materials for diverse end-use applications.
With integrated oleochemicals complexes in key sourcing and supply markets (Malaysia, Indonesia, China, and Europe), the company’s extensive production portfolio includes basic oleochemicals— Fatty Acids, Glycerine, Fatty Alcohols, and Fatty Esters—to specialties such as Methyl Ester Sulphonates (MES), Surfactants and Phytonutrients.
Discover how KLK OLEO can be your trusted partner for oleo-based products and solutions at ChemExpo India 2025 (Hall 3, Booth 3C07).

More info about ChemExpo India 2025
Find out more about KLK OLEO’s sustainable ingredients here",unclassified_crawl_asset,linked_to_in_scope_content,"[""page:https-www-klkoleo-com-news-media-klk-oleo-invites-you-to-chemexpo-india-2025""]",0,False,True,Not matched to a WordPress media-library record
asset:crawl-f162fc6b0353,https://www.klkoleo.com/wp-content/uploads/2025/04/2025-03-ChemExpo-India-2025-4320-px-R2-02.jpg,image,,,,KLK OLEO ChemExpo India 2025 02,"KLK OLEO is one of the key players in the global oleochemical industry, manufacturing high-quality sustainable products from natural renewable raw materials for diverse end-use applications.
With integrated oleochemicals complexes in key sourcing and supply markets (Malaysia, Indonesia, China, and Europe), the company’s extensive production portfolio includes basic oleochemicals— Fatty Acids, Glycerine, Fatty Alcohols, and Fatty Esters—to specialties such as Methyl Ester Sulphonates (MES), Surfactants and Phytonutrients.
Discover how KLK OLEO can be your trusted partner for oleo-based products and solutions at ChemExpo India 2025 (Hall 3, Booth 3C07).

More info about ChemExpo India 2025
Find out more about KLK OLEO’s sustainable ingredients here",unclassified_crawl_asset,linked_to_in_scope_content,"[""page:https-www-klkoleo-com-news-media-klk-oleo-invites-you-to-chemexpo-india-2025""]",0,False,True,Not matched to a WordPress media-library record
asset:crawl-52f44ae8d99d,https://www.klkoleo.com/wp-content/uploads/2025/04/2025-03-Chinaplas-2025-4320px-R1-01.jpg,image,,,,KLK OLEO Chinaplas 2025,"As a global player in oleochemicals, KLK OLEO is committed to providing the best sustainable solutions. They offer renewable-sourced EBS, EBO, OPA, PETS, oleochemicals and specialty chemicals that are used in plastic products as raw materials, and to impart wide-ranging benefits, from process optimisation to improved part performance.

KLK OLEO’s vertically and horizontally integrated operations ensure reliable, traceable, and sustainable products throughout the supply chain.
Product Showcase



PALMOWAX EBS
(Ethylene Bis-Stearamide)
PALMOWAX EBO
(Ethylene Bis-Oleamide)
PALMOWAX OPA
(Oleyl Palmitamide)


PALMESTER PETS
(Pentaerythritol Tetrastearate)
PALMESTER 810TM
(Trimellitates)


PALMERE Methyl Esters
PALMERA Fatty Acids



Visit KLK OLEO at Chinaplas 2025 – Booth 13A31 and learn how KLK OLEO can help your products achieve higher standards and greater recognition.
More info about Chinaplas 2025
Find out more about KLK OLEO’s Green Solutions for Plastic Industries",unclassified_crawl_asset,linked_to_in_scope_content,"[""page:https-www-klkoleo-com-news-media-klk-oleo-invites-you-to-chinaplas-2025""]",0,False,True,Not matched to a WordPress media-library record
asset:crawl-706b6bd1f446,https://www.klkoleo.com/wp-content/uploads/2025/04/2025-04-CITE-Japan-2025-Visual-4320px-R2-01.jpg,image,,,,CITE Japan 2025 Visual,"Unlock the potential of beauty and personal care with KLK OLEO’s diverse portfolio of multifunctional ingredients, aimed at enhancing beauty and personal care formulations. Their offerings include emollients, anti-ageing agents, pearlescing agents, foam boosters, viscosity modifiers, humectants, green surfactants, opacifiers, emulsifiers and many more.
Featured products include

PALMESTER Emollients, – Provide a lightweight, non-greasy feel.
DavosLife E3 Tocotrienols – Perfect to boost skin resilience against modern pollution.
SYMPARE MES – Combines effective cleansing with gentle care, ideal for clean beauty formulations.

Visitors can learn more at Booth N12-10, where KLK OLEO will highlight solutions to design products more sustainably.
More info about CITE Japan
More info about KLK OLEO in Beauty & Personal Care",unclassified_crawl_asset,linked_to_in_scope_content,"[""page:https-www-klkoleo-com-news-media-discover-sustainable-beauty-solutions-at-cite-japan-2025""]",0,False,True,Not matched to a WordPress media-library record
asset:crawl-96ca65166037,https://www.klkoleo.com/wp-content/uploads/2025/04/Application.png,image,,,,Chinaplas Application,"As a global player in oleochemicals, KLK OLEO is committed to providing the best sustainable solutions. They offer renewable-sourced EBS, EBO, OPA, PETS, oleochemicals and specialty chemicals that are used in plastic products as raw materials, and to impart wide-ranging benefits, from process optimisation to improved part performance.

KLK OLEO’s vertically and horizontally integrated operations ensure reliable, traceable, and sustainable products throughout the supply chain.
Product Showcase



PALMOWAX EBS
(Ethylene Bis-Stearamide)
PALMOWAX EBO
(Ethylene Bis-Oleamide)
PALMOWAX OPA
(Oleyl Palmitamide)


PALMESTER PETS
(Pentaerythritol Tetrastearate)
PALMESTER 810TM
(Trimellitates)


PALMERE Methyl Esters
PALMERA Fatty Acids



Visit KLK OLEO at Chinaplas 2025 – Booth 13A31 and learn how KLK OLEO can help your products achieve higher standards and greater recognition.
More info about Chinaplas 2025
Find out more about KLK OLEO’s Green Solutions for Plastic Industries",unclassified_crawl_asset,linked_to_in_scope_content,"[""page:https-www-klkoleo-com-news-media-klk-oleo-invites-you-to-chinaplas-2025""]",0,False,True,Not matched to a WordPress media-library record
asset:crawl-60f5e16c08dc,https://www.klkoleo.com/wp-content/uploads/2025/05/2025-04-Vitafoods-Europe-2025-Visual-4320px-R1-01.jpg,image,,,,2025 04 Vitafoods Europe 2025 Visual,"We look forward to connecting with you at Booth CC B13 and partnering to create a healthier, more vibrant future!
More info on KLK OLEO at Vitafoods Europe
Find out more about innovative food and nutrition ingredients offered by KLK OLEO",unclassified_crawl_asset,linked_to_in_scope_content,"[""page:https-www-klkoleo-com-news-media-elevate-cognitive-health-and-nutrition-meet-klk-oleo-at-vitafoods-europe-2025""]",0,False,True,Not matched to a WordPress media-library record
asset:crawl-82737c2b1404,https://www.klkoleo.com/wp-content/uploads/2025/05/2025-05-NYSCC-Suppliers-Day-2025-Visual-4320px-R3-01.jpg,image,,,,NYSCC Suppliers Day 2025 Visual,"Visit KLK OLEO at Level 3 — Booth 2061 to explore the innovative world of natural beauty ingredients. These all-natural oleochemical ingredients are formulated for high performance and enhanced sustainability in beauty and personal care applications.
Featured products:

Weightless Beauty with PALMESTER Emollients: Sustainable alternatives to silicon oils that provide a lightweight, non-greasy after-feel.
Boost Skin’s Resilience Against Modern Pollution with DavosLife E3 Tocotrienols: A natural bioactive that can boost skin resilience against modern pollution.
Elevate Hair Washing Experience with SYMPARE MES: Combines effective cleansing with gentle care, ideal for clean beauty formulations.

More info about KLK OLEO at NYSCC Suppliers’ Day
More info about KLK OLEO in Beauty & Personal Care",unclassified_crawl_asset,linked_to_in_scope_content,"[""page:https-www-klkoleo-com-news-media-join-us-at-nyscc-suppliers-day""]",0,False,True,Not matched to a WordPress media-library record
asset:crawl-4fbd226f4ff5,https://www.klkoleo.com/wp-content/uploads/2025/06/2025-05-CHCI-2025-Visual-4320px-R1-01.jpg,image,,,,KLK OLEO CHCI 2025,"Join KLK OLEO at Cosmetics & Home Care Ingredients (CHCI) explore sustainable solutions!
										04 Jun 2025
										Visit KLK OLEO at Booth A421 to explore the sustainable products and solutions that deliver proven performance, are environmentally friendly, and support innovative formulations. Featured […]
										Know More",unclassified_crawl_asset,linked_to_in_scope_content,"[""page:https-www-klkoleo-com-archive-by-year-2025"",""page:https-www-klkoleo-com-news-media-join-klk-oleo-at-cosmetics-home-care-ingredients-chci-explore-sustainable-solutions""]",0,False,True,Not matched to a WordPress media-library record
asset:crawl-172a828058b4,https://www.klkoleo.com/wp-content/uploads/2025/07/2005-Stolthaven-100x100.png,image,,,,2005 Stolthaven,"2005

										投资于马来西亚的Stolthaven (Westport)，该公司是一家贮存码头运营商，旨在优化油化学品供应链。",unclassified_crawl_asset,linked_to_in_scope_content,"[""page:https-www-klkoleo-com-timeline-post-2005-4"",""page:https-www-klkoleo-com-timeline-post-2005-5"",""page:https-www-klkoleo-com-timeline-post-2005-6""]",0,False,True,Not matched to a WordPress media-library record
asset:crawl-b44674c3c4ec,https://www.klkoleo.com/wp-content/uploads/2025/07/2005-Stolthaven-150x150.png,image,,,,2005 Stolthaven,"2005

										投资于马来西亚的Stolthaven (Westport)，该公司是一家贮存码头运营商，旨在优化油化学品供应链。",unclassified_crawl_asset,linked_to_in_scope_content,"[""page:https-www-klkoleo-com-timeline-post-2005-4"",""page:https-www-klkoleo-com-timeline-post-2005-5"",""page:https-www-klkoleo-com-timeline-post-2005-6""]",0,False,True,Not matched to a WordPress media-library record
asset:crawl-7b2a49379c39,https://www.klkoleo.com/wp-content/uploads/2025/07/2005-Stolthaven.png,image,,,,2005,"2005
									
							
											Investing in Stolthaven (Westport) in Malaysia, a storage terminal operator, to optimise the oleochemical supply chain.",unclassified_crawl_asset,linked_to_in_scope_content,"[""page:https-www-klkoleo-com-history-milestones"",""page:https-www-klkoleo-com-timeline-post-2005-4"",""page:https-www-klkoleo-com-timeline-post-2005-5"",""page:https-www-klkoleo-com-timeline-post-2005-6""]",0,False,True,Not matched to a WordPress media-library record
asset:crawl-131fd5439220,https://www.klkoleo.com/wp-content/uploads/2025/07/2024-Stolthaven-100x100.png,image,,,,2024 Stolthaven,"2024

					Stolthaven (Westport) 2号码头（T2）正式启用，进一步支持了集团的油脂化学业务。",unclassified_crawl_asset,linked_to_in_scope_content,"[""page:https-www-klkoleo-com-timeline-post-2024"",""page:https-www-klkoleo-com-timeline-post-2024-2""]",0,False,True,Not matched to a WordPress media-library record
asset:crawl-e06365509116,https://www.klkoleo.com/wp-content/uploads/2025/07/2024-Stolthaven-150x150.png,image,,,,2024 Stolthaven,"2024

					Stolthaven (Westport) 2号码头（T2）正式启用，进一步支持了集团的油脂化学业务。",unclassified_crawl_asset,linked_to_in_scope_content,"[""page:https-www-klkoleo-com-timeline-post-2024"",""page:https-www-klkoleo-com-timeline-post-2024-2""]",0,False,True,Not matched to a WordPress media-library record
asset:crawl-8f008abc8f2a,https://www.klkoleo.com/wp-content/uploads/2025/07/2024-Stolthaven.png,image,,,,2024 Stolthaven,"2024

					Stolthaven (Westport) 2号码头（T2）正式启用，进一步支持了集团的油脂化学业务。",unclassified_crawl_asset,linked_to_in_scope_content,"[""page:https-www-klkoleo-com-timeline-post-2024"",""page:https-www-klkoleo-com-timeline-post-2024-2""]",0,False,True,Not matched to a WordPress media-library record
asset:crawl-5fff83792312,https://www.klkoleo.com/wp-content/uploads/2025/07/2025-KLKOI-100x100.png,image,,,,2025 KLKOI,"2025

										Growing KLK OLEO’s business footprint in India with a new international sales office, KLK OLEO India (KLKOI), located in Mumbai.",unclassified_crawl_asset,linked_to_in_scope_content,"[""page:https-www-klkoleo-com-timeline-post-2023-4"",""page:https-www-klkoleo-com-timeline-post-2025-3""]",0,False,True,Not matched to a WordPress media-library record
asset:crawl-ff3864ec5cde,https://www.klkoleo.com/wp-content/uploads/2025/07/2025-KLKOI-150x150.png,image,,,,2025 KLKOI,"2025

										Growing KLK OLEO’s business footprint in India with a new international sales office, KLK OLEO India (KLKOI), located in Mumbai.",unclassified_crawl_asset,linked_to_in_scope_content,"[""page:https-www-klkoleo-com-timeline-post-2023-4"",""page:https-www-klkoleo-com-timeline-post-2025-3""]",0,False,True,Not matched to a WordPress media-library record
asset:crawl-007b6e0b8837,https://www.klkoleo.com/wp-content/uploads/2025/07/2025-KLKOI.png,image,,,,2025 KLKOI,"2025

										Growing KLK OLEO’s business footprint in India with a new international sales office, KLK OLEO India (KLKOI), located in Mumbai.",unclassified_crawl_asset,linked_to_in_scope_content,"[""page:https-www-klkoleo-com-timeline-post-2023-4"",""page:https-www-klkoleo-com-timeline-post-2025-3""]",0,False,True,Not matched to a WordPress media-library record
asset:crawl-341f164e5169,https://www.klkoleo.com/wp-content/uploads/2025/07/2025-Refreshed-Logo-1-100x100.png,image,,,,2025 Refreshed Logo,"2025

					揭开KLK OLEO全新标志。",unclassified_crawl_asset,linked_to_in_scope_content,"[""page:https-www-klkoleo-com-timeline-post-2025"",""page:https-www-klkoleo-com-timeline-post-2025-2""]",0,False,True,Not matched to a WordPress media-library record
asset:crawl-bfe1f3bbc7b7,https://www.klkoleo.com/wp-content/uploads/2025/07/2025-Refreshed-Logo-1-150x150.png,image,,,,2025 Refreshed Logo,"2025

					揭开KLK OLEO全新标志。",unclassified_crawl_asset,linked_to_in_scope_content,"[""page:https-www-klkoleo-com-timeline-post-2025"",""page:https-www-klkoleo-com-timeline-post-2025-2""]",0,False,True,Not matched to a WordPress media-library record
asset:crawl-71daf2ce8b20,https://www.klkoleo.com/wp-content/uploads/2025/07/2025-Refreshed-Logo-1-300x300.png,image,,,,2025 Refreshed Logo,"2025

					揭开KLK OLEO全新标志。",unclassified_crawl_asset,linked_to_in_scope_content,"[""page:https-www-klkoleo-com-timeline-post-2025"",""page:https-www-klkoleo-com-timeline-post-2025-2""]",0,False,True,Not matched to a WordPress media-library record
asset:crawl-b80361f9ae00,https://www.klkoleo.com/wp-content/uploads/2025/07/2025-Refreshed-Logo-1.png,image,,,,2025 Refreshed Logo,"2025

					揭开KLK OLEO全新标志。",unclassified_crawl_asset,linked_to_in_scope_content,"[""page:https-www-klkoleo-com-timeline-post-2025"",""page:https-www-klkoleo-com-timeline-post-2025-2""]",0,False,True,Not matched to a WordPress media-library record
asset:crawl-694459f9fe4a,https://www.klkoleo.com/wp-content/uploads/2025/08/2025-09-VietnamPlas-01-100x100.png,image,,,,2025 09 VietnamPlas 01,"KLK OLEO invites you to VietnamPlas 2025
										09 Aug 2025
										Built on a strong foundation committed to RISE – Reliable, Integrated, Sustainable, Efficient, KLK OLEO is dedicated to providing innovative and sustainable plant-based oleochemical ingredients […]
										Know More",unclassified_crawl_asset,linked_to_in_scope_content,"[""page:https-www-klkoleo-com-archive-by-year-2025""]",0,False,True,Not matched to a WordPress media-library record
asset:crawl-9011063a5bf9,https://www.klkoleo.com/wp-content/uploads/2025/08/2025-09-VietnamPlas-01-150x150.png,image,,,,2025 09 VietnamPlas 01,"KLK OLEO invites you to VietnamPlas 2025
										09 Aug 2025
										Built on a strong foundation committed to RISE – Reliable, Integrated, Sustainable, Efficient, KLK OLEO is dedicated to providing innovative and sustainable plant-based oleochemical ingredients […]
										Know More",unclassified_crawl_asset,linked_to_in_scope_content,"[""page:https-www-klkoleo-com-archive-by-year-2025""]",0,False,True,Not matched to a WordPress media-library record
asset:crawl-db2f893bdb57,https://www.klkoleo.com/wp-content/uploads/2025/08/2025-09-VietnamPlas-01-300x300.png,image,,,,2025 09 VietnamPlas 01,"KLK OLEO invites you to VietnamPlas 2025
										09 Aug 2025
										Built on a strong foundation committed to RISE – Reliable, Integrated, Sustainable, Efficient, KLK OLEO is dedicated to providing innovative and sustainable plant-based oleochemical ingredients […]
										Know More",unclassified_crawl_asset,linked_to_in_scope_content,"[""page:https-www-klkoleo-com-archive-by-year-2025""]",0,False,True,Not matched to a WordPress media-library record
asset:crawl-09092a88a62d,https://www.klkoleo.com/wp-content/uploads/2025/08/2025-09-VietnamPlas-01-600x600.png,image,,,,2025 09 VietnamPlas 01,"KLK OLEO invites you to VietnamPlas 2025
										09 Aug 2025
										Built on a strong foundation committed to RISE – Reliable, Integrated, Sustainable, Efficient, KLK OLEO is dedicated to providing innovative and sustainable plant-based oleochemical ingredients […]
										Know More",unclassified_crawl_asset,linked_to_in_scope_content,"[""page:https-www-klkoleo-com-archive-by-year-2025""]",0,False,True,Not matched to a WordPress media-library record
asset:crawl-bd234456250a,https://www.klkoleo.com/wp-content/uploads/2025/08/2025-09-VietnamPlas-01-768x768.png,image,,,,2025 09 VietnamPlas 01,"KLK OLEO invites you to VietnamPlas 2025
										09 Aug 2025
										Built on a strong foundation committed to RISE – Reliable, Integrated, Sustainable, Efficient, KLK OLEO is dedicated to providing innovative and sustainable plant-based oleochemical ingredients […]
										Know More",unclassified_crawl_asset,linked_to_in_scope_content,"[""page:https-www-klkoleo-com-archive-by-year-2025""]",0,False,True,Not matched to a WordPress media-library record
asset:crawl-3caa3f094c9c,https://www.klkoleo.com/wp-content/uploads/2025/08/2025-09-VietnamPlas-01.png,image,,,,2025 09 VietnamPlas 01,"KLK OLEO invites you to VietnamPlas 2025
										09 Aug 2025
										Built on a strong foundation committed to RISE – Reliable, Integrated, Sustainable, Efficient, KLK OLEO is dedicated to providing innovative and sustainable plant-based oleochemical ingredients […]
										Know More",unclassified_crawl_asset,linked_to_in_scope_content,"[""page:https-www-klkoleo-com-archive-by-year-2025""]",0,False,True,Not matched to a WordPress media-library record
asset:crawl-d3c88d64bfdf,https://www.klkoleo.com/wp-content/uploads/2025/08/2025-09-VietnamPlas-02-100x100.png,image,,,,2025 09 VietnamPlas 02,"Built on a strong foundation committed to RISE – Reliable, Integrated, Sustainable, Efficient, KLK OLEO is dedicated to providing innovative and sustainable plant-based oleochemical ingredients and green solutions tailored for the plastics industry.
Visit KLK OLEO at Booth A204 and discover products that are designed to enhance performance and sustainability.

More info about VietnamPlas 2025
Find out more about KLK OLEO’s innovative and sustainable plant-based oleochemical ingredients and green solutions tailored for the plastics industry",unclassified_crawl_asset,linked_to_in_scope_content,"[""page:https-www-klkoleo-com-news-media-klk-oleo-invites-you-to-vietnamplas-2025""]",0,False,True,Not matched to a WordPress media-library record
asset:crawl-64409146d9d1,https://www.klkoleo.com/wp-content/uploads/2025/08/2025-09-VietnamPlas-02-150x150.png,image,,,,2025 09 VietnamPlas 02,"Built on a strong foundation committed to RISE – Reliable, Integrated, Sustainable, Efficient, KLK OLEO is dedicated to providing innovative and sustainable plant-based oleochemical ingredients and green solutions tailored for the plastics industry.
Visit KLK OLEO at Booth A204 and discover products that are designed to enhance performance and sustainability.

More info about VietnamPlas 2025
Find out more about KLK OLEO’s innovative and sustainable plant-based oleochemical ingredients and green solutions tailored for the plastics industry",unclassified_crawl_asset,linked_to_in_scope_content,"[""page:https-www-klkoleo-com-news-media-klk-oleo-invites-you-to-vietnamplas-2025""]",0,False,True,Not matched to a WordPress media-library record
asset:crawl-f90f8c81de43,https://www.klkoleo.com/wp-content/uploads/2025/08/2025-09-VietnamPlas-02-300x300.png,image,,,,2025 09 VietnamPlas 02,"Built on a strong foundation committed to RISE – Reliable, Integrated, Sustainable, Efficient, KLK OLEO is dedicated to providing innovative and sustainable plant-based oleochemical ingredients and green solutions tailored for the plastics industry.
Visit KLK OLEO at Booth A204 and discover products that are designed to enhance performance and sustainability.

More info about VietnamPlas 2025
Find out more about KLK OLEO’s innovative and sustainable plant-based oleochemical ingredients and green solutions tailored for the plastics industry",unclassified_crawl_asset,linked_to_in_scope_content,"[""page:https-www-klkoleo-com-news-media-klk-oleo-invites-you-to-vietnamplas-2025""]",0,False,True,Not matched to a WordPress media-library record
asset:crawl-2b4888e1055c,https://www.klkoleo.com/wp-content/uploads/2025/08/2025-09-VietnamPlas-02-600x600.png,image,,,,2025 09 VietnamPlas 02,"Built on a strong foundation committed to RISE – Reliable, Integrated, Sustainable, Efficient, KLK OLEO is dedicated to providing innovative and sustainable plant-based oleochemical ingredients and green solutions tailored for the plastics industry.
Visit KLK OLEO at Booth A204 and discover products that are designed to enhance performance and sustainability.

More info about VietnamPlas 2025
Find out more about KLK OLEO’s innovative and sustainable plant-based oleochemical ingredients and green solutions tailored for the plastics industry",unclassified_crawl_asset,linked_to_in_scope_content,"[""page:https-www-klkoleo-com-news-media-klk-oleo-invites-you-to-vietnamplas-2025""]",0,False,True,Not matched to a WordPress media-library record
asset:crawl-4c29dc31b497,https://www.klkoleo.com/wp-content/uploads/2025/08/2025-09-VietnamPlas-02-768x768.png,image,,,,2025 09 VietnamPlas 02,"Built on a strong foundation committed to RISE – Reliable, Integrated, Sustainable, Efficient, KLK OLEO is dedicated to providing innovative and sustainable plant-based oleochemical ingredients and green solutions tailored for the plastics industry.
Visit KLK OLEO at Booth A204 and discover products that are designed to enhance performance and sustainability.

More info about VietnamPlas 2025
Find out more about KLK OLEO’s innovative and sustainable plant-based oleochemical ingredients and green solutions tailored for the plastics industry",unclassified_crawl_asset,linked_to_in_scope_content,"[""page:https-www-klkoleo-com-news-media-klk-oleo-invites-you-to-vietnamplas-2025""]",0,False,True,Not matched to a WordPress media-library record
asset:crawl-57959ba645f9,https://www.klkoleo.com/wp-content/uploads/2025/08/2025-09-VietnamPlas-02.png,image,,,,2025 09 VietnamPlas 02,"Built on a strong foundation committed to RISE – Reliable, Integrated, Sustainable, Efficient, KLK OLEO is dedicated to providing innovative and sustainable plant-based oleochemical ingredients and green solutions tailored for the plastics industry.
Visit KLK OLEO at Booth A204 and discover products that are designed to enhance performance and sustainability.

More info about VietnamPlas 2025
Find out more about KLK OLEO’s innovative and sustainable plant-based oleochemical ingredients and green solutions tailored for the plastics industry",unclassified_crawl_asset,linked_to_in_scope_content,"[""page:https-www-klkoleo-com-news-media-klk-oleo-invites-you-to-vietnamplas-2025""]",0,False,True,Not matched to a WordPress media-library record
asset:crawl-09c1202f54fd,https://www.klkoleo.com/wp-content/uploads/2025/08/KLK-OLEO-VietnamPlas-Visual-1024x575.jpg,image,,,,KLK OLEO VietnamPlas Visual,"Built on a strong foundation committed to RISE – Reliable, Integrated, Sustainable, Efficient, KLK OLEO is dedicated to providing innovative and sustainable plant-based oleochemical ingredients and green solutions tailored for the plastics industry.
Visit KLK OLEO at Booth A204 and discover products that are designed to enhance performance and sustainability.

More info about VietnamPlas 2025
Find out more about KLK OLEO’s innovative and sustainable plant-based oleochemical ingredients and green solutions tailored for the plastics industry",unclassified_crawl_asset,linked_to_in_scope_content,"[""page:https-www-klkoleo-com-news-media-klk-oleo-invites-you-to-vietnamplas-2025""]",0,False,True,Not matched to a WordPress media-library record
asset:crawl-0619f6b9cdd8,https://www.klkoleo.com/wp-content/uploads/2025/08/KLK-OLEO-VietnamPlas-Visual-300x168.jpg,image,,,,KLK OLEO VietnamPlas Visual,"Built on a strong foundation committed to RISE – Reliable, Integrated, Sustainable, Efficient, KLK OLEO is dedicated to providing innovative and sustainable plant-based oleochemical ingredients and green solutions tailored for the plastics industry.
Visit KLK OLEO at Booth A204 and discover products that are designed to enhance performance and sustainability.

More info about VietnamPlas 2025
Find out more about KLK OLEO’s innovative and sustainable plant-based oleochemical ingredients and green solutions tailored for the plastics industry",unclassified_crawl_asset,linked_to_in_scope_content,"[""page:https-www-klkoleo-com-news-media-klk-oleo-invites-you-to-vietnamplas-2025""]",0,False,True,Not matched to a WordPress media-library record
asset:crawl-b001d309c968,https://www.klkoleo.com/wp-content/uploads/2025/08/KLK-OLEO-VietnamPlas-Visual-600x337.jpg,image,,,,KLK OLEO VietnamPlas Visual,"Built on a strong foundation committed to RISE – Reliable, Integrated, Sustainable, Efficient, KLK OLEO is dedicated to providing innovative and sustainable plant-based oleochemical ingredients and green solutions tailored for the plastics industry.
Visit KLK OLEO at Booth A204 and discover products that are designed to enhance performance and sustainability.

More info about VietnamPlas 2025
Find out more about KLK OLEO’s innovative and sustainable plant-based oleochemical ingredients and green solutions tailored for the plastics industry",unclassified_crawl_asset,linked_to_in_scope_content,"[""page:https-www-klkoleo-com-news-media-klk-oleo-invites-you-to-vietnamplas-2025""]",0,False,True,Not matched to a WordPress media-library record
asset:crawl-15c6e80ef788,https://www.klkoleo.com/wp-content/uploads/2025/08/KLK-OLEO-VietnamPlas-Visual-768x431.jpg,image,,,,KLK OLEO VietnamPlas Visual,"Built on a strong foundation committed to RISE – Reliable, Integrated, Sustainable, Efficient, KLK OLEO is dedicated to providing innovative and sustainable plant-based oleochemical ingredients and green solutions tailored for the plastics industry.
Visit KLK OLEO at Booth A204 and discover products that are designed to enhance performance and sustainability.

More info about VietnamPlas 2025
Find out more about KLK OLEO’s innovative and sustainable plant-based oleochemical ingredients and green solutions tailored for the plastics industry",unclassified_crawl_asset,linked_to_in_scope_content,"[""page:https-www-klkoleo-com-news-media-klk-oleo-invites-you-to-vietnamplas-2025""]",0,False,True,Not matched to a WordPress media-library record
asset:crawl-44a4c55e9fb2,https://www.klkoleo.com/wp-content/uploads/2025/08/KLK-OLEO-VietnamPlas-Visual.jpg,image,,,,KLK OLEO VietnamPlas Visual,"Built on a strong foundation committed to RISE – Reliable, Integrated, Sustainable, Efficient, KLK OLEO is dedicated to providing innovative and sustainable plant-based oleochemical ingredients and green solutions tailored for the plastics industry.
Visit KLK OLEO at Booth A204 and discover products that are designed to enhance performance and sustainability.

More info about VietnamPlas 2025
Find out more about KLK OLEO’s innovative and sustainable plant-based oleochemical ingredients and green solutions tailored for the plastics industry",unclassified_crawl_asset,linked_to_in_scope_content,"[""page:https-www-klkoleo-com-news-media-klk-oleo-invites-you-to-vietnamplas-2025""]",0,False,True,Not matched to a WordPress media-library record
asset:crawl-132a2703c7b9,https://www.klkoleo.com/wp-content/uploads/2025/08/KLK-OLEO-Vitafoods-Asia-01-100x100.jpg,image,,,,KLK OLEO Vitafoods Asia 01,"Explore KLK OLEO’s Innovative Ingredients Solutions at Vitafoods Asia 2025
										05 Aug 2025
										Join KLK OLEO at Vitafoods Asia and experience our diverse portfolio of bioactive ingredients tailored for nutraceutical and cosmeceutical applications, and specialty ingredients designed for […]
										Know More",unclassified_crawl_asset,linked_to_in_scope_content,"[""page:https-www-klkoleo-com-archive-by-year-2025"",""page:https-www-klkoleo-com-news-media-explore-klk-oleos-innovative-ingredients-solutions-at-vitafoods-asia-2025""]",0,False,True,Not matched to a WordPress media-library record
asset:crawl-66039d6229ec,https://www.klkoleo.com/wp-content/uploads/2025/08/KLK-OLEO-Vitafoods-Asia-01-1024x1024.jpg,image,,,,KLK OLEO Vitafoods Asia 01,"Explore KLK OLEO’s Innovative Ingredients Solutions at Vitafoods Asia 2025
										05 Aug 2025
										Join KLK OLEO at Vitafoods Asia and experience our diverse portfolio of bioactive ingredients tailored for nutraceutical and cosmeceutical applications, and specialty ingredients designed for […]
										Know More",unclassified_crawl_asset,linked_to_in_scope_content,"[""page:https-www-klkoleo-com-archive-by-year-2025"",""page:https-www-klkoleo-com-news-media-explore-klk-oleos-innovative-ingredients-solutions-at-vitafoods-asia-2025""]",0,False,True,Not matched to a WordPress media-library record
asset:crawl-ee4293ca3073,https://www.klkoleo.com/wp-content/uploads/2025/08/KLK-OLEO-Vitafoods-Asia-01-150x150.jpg,image,,,,KLK OLEO Vitafoods Asia 01,"Explore KLK OLEO’s Innovative Ingredients Solutions at Vitafoods Asia 2025
										05 Aug 2025
										Join KLK OLEO at Vitafoods Asia and experience our diverse portfolio of bioactive ingredients tailored for nutraceutical and cosmeceutical applications, and specialty ingredients designed for […]
										Know More",unclassified_crawl_asset,linked_to_in_scope_content,"[""page:https-www-klkoleo-com-archive-by-year-2025"",""page:https-www-klkoleo-com-news-media-explore-klk-oleos-innovative-ingredients-solutions-at-vitafoods-asia-2025""]",0,False,True,Not matched to a WordPress media-library record
asset:crawl-76e3c5c57967,https://www.klkoleo.com/wp-content/uploads/2025/08/KLK-OLEO-Vitafoods-Asia-01-1536x1536.jpg,image,,,,KLK OLEO Vitafoods Asia 01,"Explore KLK OLEO’s Innovative Ingredients Solutions at Vitafoods Asia 2025
										05 Aug 2025
										Join KLK OLEO at Vitafoods Asia and experience our diverse portfolio of bioactive ingredients tailored for nutraceutical and cosmeceutical applications, and specialty ingredients designed for […]
										Know More",unclassified_crawl_asset,linked_to_in_scope_content,"[""page:https-www-klkoleo-com-archive-by-year-2025"",""page:https-www-klkoleo-com-news-media-explore-klk-oleos-innovative-ingredients-solutions-at-vitafoods-asia-2025""]",0,False,True,Not matched to a WordPress media-library record
asset:crawl-ce54073f4bc3,https://www.klkoleo.com/wp-content/uploads/2025/08/KLK-OLEO-Vitafoods-Asia-01-2048x2048.jpg,image,,,,KLK OLEO Vitafoods Asia 01,"Explore KLK OLEO’s Innovative Ingredients Solutions at Vitafoods Asia 2025
										05 Aug 2025
										Join KLK OLEO at Vitafoods Asia and experience our diverse portfolio of bioactive ingredients tailored for nutraceutical and cosmeceutical applications, and specialty ingredients designed for […]
										Know More",unclassified_crawl_asset,linked_to_in_scope_content,"[""page:https-www-klkoleo-com-archive-by-year-2025"",""page:https-www-klkoleo-com-news-media-explore-klk-oleos-innovative-ingredients-solutions-at-vitafoods-asia-2025""]",0,False,True,Not matched to a WordPress media-library record
asset:crawl-2f028b366731,https://www.klkoleo.com/wp-content/uploads/2025/08/KLK-OLEO-Vitafoods-Asia-01-300x300.jpg,image,,,,KLK OLEO Vitafoods Asia 01,"Explore KLK OLEO’s Innovative Ingredients Solutions at Vitafoods Asia 2025
										05 Aug 2025
										Join KLK OLEO at Vitafoods Asia and experience our diverse portfolio of bioactive ingredients tailored for nutraceutical and cosmeceutical applications, and specialty ingredients designed for […]
										Know More",unclassified_crawl_asset,linked_to_in_scope_content,"[""page:https-www-klkoleo-com-archive-by-year-2025"",""page:https-www-klkoleo-com-news-media-explore-klk-oleos-innovative-ingredients-solutions-at-vitafoods-asia-2025""]",0,False,True,Not matched to a WordPress media-library record
asset:crawl-6e2618aa83c8,https://www.klkoleo.com/wp-content/uploads/2025/08/KLK-OLEO-Vitafoods-Asia-01-600x600.jpg,image,,,,KLK OLEO Vitafoods Asia 01,"Explore KLK OLEO’s Innovative Ingredients Solutions at Vitafoods Asia 2025
										05 Aug 2025
										Join KLK OLEO at Vitafoods Asia and experience our diverse portfolio of bioactive ingredients tailored for nutraceutical and cosmeceutical applications, and specialty ingredients designed for […]
										Know More",unclassified_crawl_asset,linked_to_in_scope_content,"[""page:https-www-klkoleo-com-archive-by-year-2025"",""page:https-www-klkoleo-com-news-media-explore-klk-oleos-innovative-ingredients-solutions-at-vitafoods-asia-2025""]",0,False,True,Not matched to a WordPress media-library record
asset:crawl-f1c03c2f7766,https://www.klkoleo.com/wp-content/uploads/2025/08/KLK-OLEO-Vitafoods-Asia-01-768x768.jpg,image,,,,KLK OLEO Vitafoods Asia 01,"Explore KLK OLEO’s Innovative Ingredients Solutions at Vitafoods Asia 2025
										05 Aug 2025
										Join KLK OLEO at Vitafoods Asia and experience our diverse portfolio of bioactive ingredients tailored for nutraceutical and cosmeceutical applications, and specialty ingredients designed for […]
										Know More",unclassified_crawl_asset,linked_to_in_scope_content,"[""page:https-www-klkoleo-com-archive-by-year-2025"",""page:https-www-klkoleo-com-news-media-explore-klk-oleos-innovative-ingredients-solutions-at-vitafoods-asia-2025""]",0,False,True,Not matched to a WordPress media-library record
asset:crawl-30738dcc6c8f,https://www.klkoleo.com/wp-content/uploads/2025/09/2025-10-K-Visual-1080px-01-100x100.png,image,,,,KLK OLEO K 2025,"Shape the Future of Plastics with KLK OLEO at K 2025
										04 Sep 2025
										Explore KLK OLEO’s innovative and sustainable plant-based oleochemical ingredients and green solutions tailored for the plastics industry. KLK OLEO offers renewable-sourced oleochemicals and specialty chemicals […]
										Know More",unclassified_crawl_asset,linked_to_in_scope_content,"[""page:https-www-klkoleo-com-archive-by-year-2025""]",0,False,True,Not matched to a WordPress media-library record
asset:crawl-feeb6125d89c,https://www.klkoleo.com/wp-content/uploads/2025/09/2025-10-K-Visual-1080px-01-1024x1024.png,image,,,,KLK OLEO K 2025,"Shape the Future of Plastics with KLK OLEO at K 2025
										04 Sep 2025
										Explore KLK OLEO’s innovative and sustainable plant-based oleochemical ingredients and green solutions tailored for the plastics industry. KLK OLEO offers renewable-sourced oleochemicals and specialty chemicals […]
										Know More",unclassified_crawl_asset,linked_to_in_scope_content,"[""page:https-www-klkoleo-com-archive-by-year-2025""]",0,False,True,Not matched to a WordPress media-library record
asset:crawl-0cc6f803d029,https://www.klkoleo.com/wp-content/uploads/2025/09/2025-10-K-Visual-1080px-01-150x150.png,image,,,,KLK OLEO K 2025,"Shape the Future of Plastics with KLK OLEO at K 2025
										04 Sep 2025
										Explore KLK OLEO’s innovative and sustainable plant-based oleochemical ingredients and green solutions tailored for the plastics industry. KLK OLEO offers renewable-sourced oleochemicals and specialty chemicals […]
										Know More",unclassified_crawl_asset,linked_to_in_scope_content,"[""page:https-www-klkoleo-com-archive-by-year-2025""]",0,False,True,Not matched to a WordPress media-library record
asset:crawl-8355ba51a8d9,https://www.klkoleo.com/wp-content/uploads/2025/09/2025-10-K-Visual-1080px-01-300x300.png,image,,,,KLK OLEO K 2025,"Shape the Future of Plastics with KLK OLEO at K 2025
										04 Sep 2025
										Explore KLK OLEO’s innovative and sustainable plant-based oleochemical ingredients and green solutions tailored for the plastics industry. KLK OLEO offers renewable-sourced oleochemicals and specialty chemicals […]
										Know More",unclassified_crawl_asset,linked_to_in_scope_content,"[""page:https-www-klkoleo-com-archive-by-year-2025""]",0,False,True,Not matched to a WordPress media-library record
asset:crawl-2fb56643c3b9,https://www.klkoleo.com/wp-content/uploads/2025/09/2025-10-K-Visual-1080px-01-600x600.png,image,,,,KLK OLEO K 2025,"Shape the Future of Plastics with KLK OLEO at K 2025
										04 Sep 2025
										Explore KLK OLEO’s innovative and sustainable plant-based oleochemical ingredients and green solutions tailored for the plastics industry. KLK OLEO offers renewable-sourced oleochemicals and specialty chemicals […]
										Know More",unclassified_crawl_asset,linked_to_in_scope_content,"[""page:https-www-klkoleo-com-archive-by-year-2025""]",0,False,True,Not matched to a WordPress media-library record
asset:crawl-88e3a60138db,https://www.klkoleo.com/wp-content/uploads/2025/09/2025-10-K-Visual-1080px-01-768x768.png,image,,,,KLK OLEO K 2025,"Shape the Future of Plastics with KLK OLEO at K 2025
										04 Sep 2025
										Explore KLK OLEO’s innovative and sustainable plant-based oleochemical ingredients and green solutions tailored for the plastics industry. KLK OLEO offers renewable-sourced oleochemicals and specialty chemicals […]
										Know More",unclassified_crawl_asset,linked_to_in_scope_content,"[""page:https-www-klkoleo-com-archive-by-year-2025""]",0,False,True,Not matched to a WordPress media-library record
asset:crawl-1f1231fac9de,https://www.klkoleo.com/wp-content/uploads/2025/09/2025-10-K-Visual-1080px-01.png,image,,,,KLK OLEO K 2025,"Shape the Future of Plastics with KLK OLEO at K 2025
										04 Sep 2025
										Explore KLK OLEO’s innovative and sustainable plant-based oleochemical ingredients and green solutions tailored for the plastics industry. KLK OLEO offers renewable-sourced oleochemicals and specialty chemicals […]
										Know More",unclassified_crawl_asset,linked_to_in_scope_content,"[""page:https-www-klkoleo-com-archive-by-year-2025"",""page:https-www-klkoleo-com-news-media-k-2025""]",0,False,True,Not matched to a WordPress media-library record
asset:crawl-94abe69441e1,https://www.klkoleo.com/wp-content/uploads/2025/09/2025-11-In-Cosmetics-Asia-01-100x100.jpg,image,,,,KLK OLEO In Cosmetics Asia 2025,"Embark on a Journey to Conscious Beauty with KLK OLEO
										30 Sep 2025
										Visit KLK OLEO at Booth D40 and Spotlight On to discover naturally derived oleochemical solutions that offer diverse benefits, ranging from anti-ageing agents and emollients […]
										Know More",unclassified_crawl_asset,linked_to_in_scope_content,"[""page:https-www-klkoleo-com-archive-by-year-2025""]",0,False,True,Not matched to a WordPress media-library record
asset:crawl-ecbdcea3c168,https://www.klkoleo.com/wp-content/uploads/2025/09/2025-11-In-Cosmetics-Asia-01-1024x1024.jpg,image,,,,KLK OLEO In Cosmetics Asia 2025,"Embark on a Journey to Conscious Beauty with KLK OLEO
										30 Sep 2025
										Visit KLK OLEO at Booth D40 and Spotlight On to discover naturally derived oleochemical solutions that offer diverse benefits, ranging from anti-ageing agents and emollients […]
										Know More",unclassified_crawl_asset,linked_to_in_scope_content,"[""page:https-www-klkoleo-com-archive-by-year-2025""]",0,False,True,Not matched to a WordPress media-library record
asset:crawl-587b826f18cc,https://www.klkoleo.com/wp-content/uploads/2025/09/2025-11-In-Cosmetics-Asia-01-150x150.jpg,image,,,,KLK OLEO In Cosmetics Asia 2025,"Embark on a Journey to Conscious Beauty with KLK OLEO
										30 Sep 2025
										Visit KLK OLEO at Booth D40 and Spotlight On to discover naturally derived oleochemical solutions that offer diverse benefits, ranging from anti-ageing agents and emollients […]
										Know More",unclassified_crawl_asset,linked_to_in_scope_content,"[""page:https-www-klkoleo-com-archive-by-year-2025""]",0,False,True,Not matched to a WordPress media-library record
asset:crawl-327bb370b04d,https://www.klkoleo.com/wp-content/uploads/2025/09/2025-11-In-Cosmetics-Asia-01-300x300.jpg,image,,,,KLK OLEO In Cosmetics Asia 2025,"Embark on a Journey to Conscious Beauty with KLK OLEO
										30 Sep 2025
										Visit KLK OLEO at Booth D40 and Spotlight On to discover naturally derived oleochemical solutions that offer diverse benefits, ranging from anti-ageing agents and emollients […]
										Know More",unclassified_crawl_asset,linked_to_in_scope_content,"[""page:https-www-klkoleo-com-archive-by-year-2025""]",0,False,True,Not matched to a WordPress media-library record
asset:crawl-48370234efc2,https://www.klkoleo.com/wp-content/uploads/2025/09/2025-11-In-Cosmetics-Asia-01-600x600.jpg,image,,,,KLK OLEO In Cosmetics Asia 2025,"Embark on a Journey to Conscious Beauty with KLK OLEO
										30 Sep 2025
										Visit KLK OLEO at Booth D40 and Spotlight On to discover naturally derived oleochemical solutions that offer diverse benefits, ranging from anti-ageing agents and emollients […]
										Know More",unclassified_crawl_asset,linked_to_in_scope_content,"[""page:https-www-klkoleo-com-archive-by-year-2025""]",0,False,True,Not matched to a WordPress media-library record
asset:crawl-cbfbd3815f6f,https://www.klkoleo.com/wp-content/uploads/2025/09/2025-11-In-Cosmetics-Asia-01-768x768.jpg,image,,,,KLK OLEO In Cosmetics Asia 2025,"Embark on a Journey to Conscious Beauty with KLK OLEO
										30 Sep 2025
										Visit KLK OLEO at Booth D40 and Spotlight On to discover naturally derived oleochemical solutions that offer diverse benefits, ranging from anti-ageing agents and emollients […]
										Know More",unclassified_crawl_asset,linked_to_in_scope_content,"[""page:https-www-klkoleo-com-archive-by-year-2025""]",0,False,True,Not matched to a WordPress media-library record
asset:crawl-1a15956f7136,https://www.klkoleo.com/wp-content/uploads/2025/09/2025-11-In-Cosmetics-Asia-01.jpg,image,,,,KLK OLEO In Cosmetics Asia 2025,"Embark on a Journey to Conscious Beauty with KLK OLEO
										30 Sep 2025
										Visit KLK OLEO at Booth D40 and Spotlight On to discover naturally derived oleochemical solutions that offer diverse benefits, ranging from anti-ageing agents and emollients […]
										Know More",unclassified_crawl_asset,linked_to_in_scope_content,"[""page:https-www-klkoleo-com-archive-by-year-2025""]",0,False,True,Not matched to a WordPress media-library record
asset:crawl-9ec5f847cd2b,https://www.klkoleo.com/wp-content/uploads/2025/09/2025-11-In-Cosmetics-Asia_Banner-300x169.png,image,,,,KLK OLEO In Cosmetics Asia Banner,"Visit KLK OLEO at Booth D40 and Spotlight On to discover naturally derived oleochemical solutions that offer diverse benefits, ranging from anti-ageing agents and emollients to emulsifiers, foam boosters, humectants, opacifiers, pearlescents, solubilisers, surfactants, viscosity modifiers and many more.
Featured products:

Multifunctional Beauty with PALMESTER Emollients: Sustainable alternatives to silicon oils that provide a lightweight, non-greasy after-feel.
Elevate Hair Washing Experience with Sympare MES – Combines effective cleansing with gentle care, ideal for clean beauty formulations.

 
Experience DavosLife Luscious Lip Jelly at Spotlight On Biotech Beauty!

DavosLife Luscious Lip Jelly is a pH colour-changing lip care product, professionally formulated with DavosLife E3 Tocotrienols to enhance protection against skin damage caused by free radicals and inflammation, while offering a moisture-plumped look and personalised colour.

 
More info about KLK OLEO at in-cosmetics Asia
More info about KLK OLEO in Beauty & Personal Care",unclassified_crawl_asset,linked_to_in_scope_content,"[""page:https-www-klkoleo-com-news-media-embark-on-a-journey-to-conscious-beauty-with-klk-oleo""]",0,False,True,Not matched to a WordPress media-library record
asset:crawl-7d409af201ee,https://www.klkoleo.com/wp-content/uploads/2025/09/2025-11-In-Cosmetics-Asia_Banner.png,image,,,,KLK OLEO In Cosmetics Asia Banner,"Visit KLK OLEO at Booth D40 and Spotlight On to discover naturally derived oleochemical solutions that offer diverse benefits, ranging from anti-ageing agents and emollients to emulsifiers, foam boosters, humectants, opacifiers, pearlescents, solubilisers, surfactants, viscosity modifiers and many more.
Featured products:

Multifunctional Beauty with PALMESTER Emollients: Sustainable alternatives to silicon oils that provide a lightweight, non-greasy after-feel.
Elevate Hair Washing Experience with Sympare MES – Combines effective cleansing with gentle care, ideal for clean beauty formulations.

 
Experience DavosLife Luscious Lip Jelly at Spotlight On Biotech Beauty!

DavosLife Luscious Lip Jelly is a pH colour-changing lip care product, professionally formulated with DavosLife E3 Tocotrienols to enhance protection against skin damage caused by free radicals and inflammation, while offering a moisture-plumped look and personalised colour.

 
More info about KLK OLEO at in-cosmetics Asia
More info about KLK OLEO in Beauty & Personal Care",unclassified_crawl_asset,linked_to_in_scope_content,"[""page:https-www-klkoleo-com-news-media-embark-on-a-journey-to-conscious-beauty-with-klk-oleo""]",0,False,True,Not matched to a WordPress media-library record
asset:crawl-14872e9b2a06,https://www.klkoleo.com/wp-content/uploads/2025/10/2025-11-11-12-World-Tobacco-Middle-East-100x100.jpg,image,,,,KLK OLEO-World Tobacco Middle East,"Visit KLK OLEO at WT Middle East 2025
										22 Oct 2025
										KLK OLEO will be participating in the upcoming World Tobacco Middle East 2025 from 11-12 November 2025! Product Showcase: EDENOR | PALMESTER Triacetin: Exceptionally high […]
										Know More",unclassified_crawl_asset,linked_to_in_scope_content,"[""page:https-www-klkoleo-com-archive-by-year-2025"",""page:https-www-klkoleo-com-news-media-visit-klk-oleo-at-wt-middle-east-2025""]",0,False,True,Not matched to a WordPress media-library record
asset:crawl-fe3570a2ecab,https://www.klkoleo.com/wp-content/uploads/2025/10/2025-11-11-12-World-Tobacco-Middle-East-1024x1024.jpg,image,,,,KLK OLEO-World Tobacco Middle East,"Visit KLK OLEO at WT Middle East 2025
										22 Oct 2025
										KLK OLEO will be participating in the upcoming World Tobacco Middle East 2025 from 11-12 November 2025! Product Showcase: EDENOR | PALMESTER Triacetin: Exceptionally high […]
										Know More",unclassified_crawl_asset,linked_to_in_scope_content,"[""page:https-www-klkoleo-com-archive-by-year-2025"",""page:https-www-klkoleo-com-news-media-visit-klk-oleo-at-wt-middle-east-2025""]",0,False,True,Not matched to a WordPress media-library record
asset:crawl-1d1eacb28396,https://www.klkoleo.com/wp-content/uploads/2025/10/2025-11-11-12-World-Tobacco-Middle-East-150x150.jpg,image,,,,KLK OLEO-World Tobacco Middle East,"Visit KLK OLEO at WT Middle East 2025
										22 Oct 2025
										KLK OLEO will be participating in the upcoming World Tobacco Middle East 2025 from 11-12 November 2025! Product Showcase: EDENOR | PALMESTER Triacetin: Exceptionally high […]
										Know More",unclassified_crawl_asset,linked_to_in_scope_content,"[""page:https-www-klkoleo-com-archive-by-year-2025"",""page:https-www-klkoleo-com-news-media-visit-klk-oleo-at-wt-middle-east-2025""]",0,False,True,Not matched to a WordPress media-library record
asset:crawl-346a3553dc98,https://www.klkoleo.com/wp-content/uploads/2025/10/2025-11-11-12-World-Tobacco-Middle-East-300x300.jpg,image,,,,KLK OLEO-World Tobacco Middle East,"Visit KLK OLEO at WT Middle East 2025
										22 Oct 2025
										KLK OLEO will be participating in the upcoming World Tobacco Middle East 2025 from 11-12 November 2025! Product Showcase: EDENOR | PALMESTER Triacetin: Exceptionally high […]
										Know More",unclassified_crawl_asset,linked_to_in_scope_content,"[""page:https-www-klkoleo-com-archive-by-year-2025"",""page:https-www-klkoleo-com-news-media-visit-klk-oleo-at-wt-middle-east-2025""]",0,False,True,Not matched to a WordPress media-library record
asset:crawl-43893ce6d468,https://www.klkoleo.com/wp-content/uploads/2025/10/2025-11-11-12-World-Tobacco-Middle-East-600x600.jpg,image,,,,KLK OLEO-World Tobacco Middle East,"Visit KLK OLEO at WT Middle East 2025
										22 Oct 2025
										KLK OLEO will be participating in the upcoming World Tobacco Middle East 2025 from 11-12 November 2025! Product Showcase: EDENOR | PALMESTER Triacetin: Exceptionally high […]
										Know More",unclassified_crawl_asset,linked_to_in_scope_content,"[""page:https-www-klkoleo-com-archive-by-year-2025"",""page:https-www-klkoleo-com-news-media-visit-klk-oleo-at-wt-middle-east-2025""]",0,False,True,Not matched to a WordPress media-library record
asset:crawl-484f7cbac06c,https://www.klkoleo.com/wp-content/uploads/2025/10/2025-11-11-12-World-Tobacco-Middle-East-768x768.jpg,image,,,,KLK OLEO-World Tobacco Middle East,"Visit KLK OLEO at WT Middle East 2025
										22 Oct 2025
										KLK OLEO will be participating in the upcoming World Tobacco Middle East 2025 from 11-12 November 2025! Product Showcase: EDENOR | PALMESTER Triacetin: Exceptionally high […]
										Know More",unclassified_crawl_asset,linked_to_in_scope_content,"[""page:https-www-klkoleo-com-archive-by-year-2025"",""page:https-www-klkoleo-com-news-media-visit-klk-oleo-at-wt-middle-east-2025""]",0,False,True,Not matched to a WordPress media-library record
asset:crawl-2d04307b8e2c,https://www.klkoleo.com/wp-content/uploads/2025/10/2025-11-11-12-World-Tobacco-Middle-East.jpg,image,,,,KLK OLEO-World Tobacco Middle East,"Visit KLK OLEO at WT Middle East 2025
										22 Oct 2025
										KLK OLEO will be participating in the upcoming World Tobacco Middle East 2025 from 11-12 November 2025! Product Showcase: EDENOR | PALMESTER Triacetin: Exceptionally high […]
										Know More",unclassified_crawl_asset,linked_to_in_scope_content,"[""page:https-www-klkoleo-com-archive-by-year-2025"",""page:https-www-klkoleo-com-news-media-visit-klk-oleo-at-wt-middle-east-2025""]",0,False,True,Not matched to a WordPress media-library record
asset:crawl-11cb41a7ccc3,https://www.klkoleo.com/wp-content/uploads/2025/10/Latest-News-02-1024x471.png,image,,,,KLK OLEO Life Science,"The newly established business unit KLK OLEO Life Science now has its own homepage.
Visit www.klkoleo.com/lifescience to learn more about:

Our group and quality standards
Detailed product information
Overview of our production sites
Downloadable resources and contact details

 
Dive into the ENHEX and Hedjuvan portfolios, manufactured under GMP EXCiPACT-certified processes, and discover the new Hedjuvan Circular product family, designed with a reduced product carbon footprint (PCF).
A new chapter has begun. Let’s navigate it together.",unclassified_crawl_asset,linked_to_in_scope_content,"[""page:https-www-klkoleo-com-news-media-new-homepage-for-klk-oleo-life-science""]",0,False,True,Not matched to a WordPress media-library record
asset:crawl-5b5cfa7e7664,https://www.klkoleo.com/wp-content/uploads/2025/10/Latest-News-02-1536x707.png,image,,,,KLK OLEO Life Science,"The newly established business unit KLK OLEO Life Science now has its own homepage.
Visit www.klkoleo.com/lifescience to learn more about:

Our group and quality standards
Detailed product information
Overview of our production sites
Downloadable resources and contact details

 
Dive into the ENHEX and Hedjuvan portfolios, manufactured under GMP EXCiPACT-certified processes, and discover the new Hedjuvan Circular product family, designed with a reduced product carbon footprint (PCF).
A new chapter has begun. Let’s navigate it together.",unclassified_crawl_asset,linked_to_in_scope_content,"[""page:https-www-klkoleo-com-news-media-new-homepage-for-klk-oleo-life-science""]",0,False,True,Not matched to a WordPress media-library record
asset:crawl-8dfb60f74175,https://www.klkoleo.com/wp-content/uploads/2025/10/Latest-News-02-300x138.png,image,,,,KLK OLEO Life Science,"The newly established business unit KLK OLEO Life Science now has its own homepage.
Visit www.klkoleo.com/lifescience to learn more about:

Our group and quality standards
Detailed product information
Overview of our production sites
Downloadable resources and contact details

 
Dive into the ENHEX and Hedjuvan portfolios, manufactured under GMP EXCiPACT-certified processes, and discover the new Hedjuvan Circular product family, designed with a reduced product carbon footprint (PCF).
A new chapter has begun. Let’s navigate it together.",unclassified_crawl_asset,linked_to_in_scope_content,"[""page:https-www-klkoleo-com-news-media-new-homepage-for-klk-oleo-life-science""]",0,False,True,Not matched to a WordPress media-library record
asset:crawl-b0a271d584bc,https://www.klkoleo.com/wp-content/uploads/2025/10/Latest-News-02-600x276.png,image,,,,KLK OLEO Life Science,"The newly established business unit KLK OLEO Life Science now has its own homepage.
Visit www.klkoleo.com/lifescience to learn more about:

Our group and quality standards
Detailed product information
Overview of our production sites
Downloadable resources and contact details

 
Dive into the ENHEX and Hedjuvan portfolios, manufactured under GMP EXCiPACT-certified processes, and discover the new Hedjuvan Circular product family, designed with a reduced product carbon footprint (PCF).
A new chapter has begun. Let’s navigate it together.",unclassified_crawl_asset,linked_to_in_scope_content,"[""page:https-www-klkoleo-com-news-media-new-homepage-for-klk-oleo-life-science""]",0,False,True,Not matched to a WordPress media-library record
asset:crawl-47fde902c104,https://www.klkoleo.com/wp-content/uploads/2025/10/Latest-News-02-768x353.png,image,,,,KLK OLEO Life Science,"The newly established business unit KLK OLEO Life Science now has its own homepage.
Visit www.klkoleo.com/lifescience to learn more about:

Our group and quality standards
Detailed product information
Overview of our production sites
Downloadable resources and contact details

 
Dive into the ENHEX and Hedjuvan portfolios, manufactured under GMP EXCiPACT-certified processes, and discover the new Hedjuvan Circular product family, designed with a reduced product carbon footprint (PCF).
A new chapter has begun. Let’s navigate it together.",unclassified_crawl_asset,linked_to_in_scope_content,"[""page:https-www-klkoleo-com-news-media-new-homepage-for-klk-oleo-life-science""]",0,False,True,Not matched to a WordPress media-library record
asset:crawl-4b8f12800bd2,https://www.klkoleo.com/wp-content/uploads/2025/10/Latest-News-02.png,image,,,,KLK OLEO Life Science,"The newly established business unit KLK OLEO Life Science now has its own homepage.
Visit www.klkoleo.com/lifescience to learn more about:

Our group and quality standards
Detailed product information
Overview of our production sites
Downloadable resources and contact details

 
Dive into the ENHEX and Hedjuvan portfolios, manufactured under GMP EXCiPACT-certified processes, and discover the new Hedjuvan Circular product family, designed with a reduced product carbon footprint (PCF).
A new chapter has begun. Let’s navigate it together.",unclassified_crawl_asset,linked_to_in_scope_content,"[""page:https-www-klkoleo-com-news-media-new-homepage-for-klk-oleo-life-science""]",0,False,True,Not matched to a WordPress media-library record
asset:crawl-1437192956ec,https://www.klkoleo.com/wp-content/uploads/2025/10/Latest-News-SQ-100x100.jpg,image,,,,KLK OLEO Life Science,"New Homepage for KLK OLEO Life Science
										27 Oct 2025
										  The newly established business unit KLK OLEO Life Science now has its own homepage. Visit www.klkoleo.com/lifescience to learn more about: Our group and quality standards Detailed […]
										Know More",unclassified_crawl_asset,linked_to_in_scope_content,"[""page:https-www-klkoleo-com-archive-by-year-2025""]",0,False,True,Not matched to a WordPress media-library record
asset:crawl-c64081113059,https://www.klkoleo.com/wp-content/uploads/2025/10/Latest-News-SQ-1024x1024.jpg,image,,,,KLK OLEO Life Science,"New Homepage for KLK OLEO Life Science
										27 Oct 2025
										  The newly established business unit KLK OLEO Life Science now has its own homepage. Visit www.klkoleo.com/lifescience to learn more about: Our group and quality standards Detailed […]
										Know More",unclassified_crawl_asset,linked_to_in_scope_content,"[""page:https-www-klkoleo-com-archive-by-year-2025""]",0,False,True,Not matched to a WordPress media-library record
asset:crawl-51ea6335e3f2,https://www.klkoleo.com/wp-content/uploads/2025/10/Latest-News-SQ-150x150.jpg,image,,,,KLK OLEO Life Science,"New Homepage for KLK OLEO Life Science
										27 Oct 2025
										  The newly established business unit KLK OLEO Life Science now has its own homepage. Visit www.klkoleo.com/lifescience to learn more about: Our group and quality standards Detailed […]
										Know More",unclassified_crawl_asset,linked_to_in_scope_content,"[""page:https-www-klkoleo-com-archive-by-year-2025""]",0,False,True,Not matched to a WordPress media-library record
asset:crawl-4c7ff1e5e74b,https://www.klkoleo.com/wp-content/uploads/2025/10/Latest-News-SQ-1536x1536.jpg,image,,,,KLK OLEO Life Science,"New Homepage for KLK OLEO Life Science
										27 Oct 2025
										  The newly established business unit KLK OLEO Life Science now has its own homepage. Visit www.klkoleo.com/lifescience to learn more about: Our group and quality standards Detailed […]
										Know More",unclassified_crawl_asset,linked_to_in_scope_content,"[""page:https-www-klkoleo-com-archive-by-year-2025""]",0,False,True,Not matched to a WordPress media-library record
asset:crawl-2730f68537e3,https://www.klkoleo.com/wp-content/uploads/2025/10/Latest-News-SQ-2048x2048.jpg,image,,,,KLK OLEO Life Science,"New Homepage for KLK OLEO Life Science
										27 Oct 2025
										  The newly established business unit KLK OLEO Life Science now has its own homepage. Visit www.klkoleo.com/lifescience to learn more about: Our group and quality standards Detailed […]
										Know More",unclassified_crawl_asset,linked_to_in_scope_content,"[""page:https-www-klkoleo-com-archive-by-year-2025""]",0,False,True,Not matched to a WordPress media-library record
asset:crawl-a01ee5b20dbe,https://www.klkoleo.com/wp-content/uploads/2025/10/Latest-News-SQ-300x300.jpg,image,,,,KLK OLEO Life Science,"New Homepage for KLK OLEO Life Science
										27 Oct 2025
										  The newly established business unit KLK OLEO Life Science now has its own homepage. Visit www.klkoleo.com/lifescience to learn more about: Our group and quality standards Detailed […]
										Know More",unclassified_crawl_asset,linked_to_in_scope_content,"[""page:https-www-klkoleo-com-archive-by-year-2025""]",0,False,True,Not matched to a WordPress media-library record
asset:crawl-a053e77bf257,https://www.klkoleo.com/wp-content/uploads/2025/10/Latest-News-SQ-600x600.jpg,image,,,,KLK OLEO Life Science,"New Homepage for KLK OLEO Life Science
										27 Oct 2025
										  The newly established business unit KLK OLEO Life Science now has its own homepage. Visit www.klkoleo.com/lifescience to learn more about: Our group and quality standards Detailed […]
										Know More",unclassified_crawl_asset,linked_to_in_scope_content,"[""page:https-www-klkoleo-com-archive-by-year-2025""]",0,False,True,Not matched to a WordPress media-library record
asset:crawl-a1ed8e7792d2,https://www.klkoleo.com/wp-content/uploads/2025/10/Latest-News-SQ-768x768.jpg,image,,,,KLK OLEO Life Science,"New Homepage for KLK OLEO Life Science
										27 Oct 2025
										  The newly established business unit KLK OLEO Life Science now has its own homepage. Visit www.klkoleo.com/lifescience to learn more about: Our group and quality standards Detailed […]
										Know More",unclassified_crawl_asset,linked_to_in_scope_content,"[""page:https-www-klkoleo-com-archive-by-year-2025""]",0,False,True,Not matched to a WordPress media-library record
asset:crawl-caac3fdcd6c7,https://www.klkoleo.com/wp-content/uploads/2025/11/2025-11-Fi-Europe-04-100x100.jpg,image,,,,Davos Life Science and KLK Refineries will be attending Fi Europe 2025,"Elevate Cognitive Health and Sustainable Food Solutions at Fi Europe 2025
										13 Nov 2025
										Join KLK OLEO at Fi Europe and explore innovations in cognitive health and sustainable food solutions for healthy ageing and healthier living. Featured products: DavosLife […]
										Know More",unclassified_crawl_asset,linked_to_in_scope_content,"[""page:https-www-klkoleo-com-archive-by-year-2025"",""page:https-www-klkoleo-com-news-media"",""page:https-www-klkoleo-com-news-media-elevate-cognitive-health-and-sustainable-food-solutions-at-fi-europe-2025""]",0,False,True,Not matched to a WordPress media-library record
asset:crawl-197573b1ef9e,https://www.klkoleo.com/wp-content/uploads/2025/11/2025-11-Fi-Europe-04-1024x1024.jpg,image,,,,Davos Life Science and KLK Refineries will be attending Fi Europe 2025,"Elevate Cognitive Health and Sustainable Food Solutions at Fi Europe 2025
										13 Nov 2025
										Join KLK OLEO at Fi Europe and explore innovations in cognitive health and sustainable food solutions for healthy ageing and healthier living. Featured products: DavosLife […]
										Know More",unclassified_crawl_asset,linked_to_in_scope_content,"[""page:https-www-klkoleo-com-archive-by-year-2025"",""page:https-www-klkoleo-com-news-media"",""page:https-www-klkoleo-com-news-media-elevate-cognitive-health-and-sustainable-food-solutions-at-fi-europe-2025""]",0,False,True,Not matched to a WordPress media-library record
asset:crawl-8c705c30d273,https://www.klkoleo.com/wp-content/uploads/2025/11/2025-11-Fi-Europe-04-150x150.jpg,image,,,,Davos Life Science and KLK Refineries will be attending Fi Europe 2025,"Elevate Cognitive Health and Sustainable Food Solutions at Fi Europe 2025
										13 Nov 2025
										Join KLK OLEO at Fi Europe and explore innovations in cognitive health and sustainable food solutions for healthy ageing and healthier living. Featured products: DavosLife […]
										Know More",unclassified_crawl_asset,linked_to_in_scope_content,"[""page:https-www-klkoleo-com-archive-by-year-2025"",""page:https-www-klkoleo-com-news-media"",""page:https-www-klkoleo-com-news-media-elevate-cognitive-health-and-sustainable-food-solutions-at-fi-europe-2025""]",0,False,True,Not matched to a WordPress media-library record
asset:crawl-8643e7827350,https://www.klkoleo.com/wp-content/uploads/2025/11/2025-11-Fi-Europe-04-1536x1536.jpg,image,,,,Davos Life Science and KLK Refineries will be attending Fi Europe 2025,"Elevate Cognitive Health and Sustainable Food Solutions at Fi Europe 2025
										13 Nov 2025
										Join KLK OLEO at Fi Europe and explore innovations in cognitive health and sustainable food solutions for healthy ageing and healthier living. Featured products: DavosLife […]
										Know More",unclassified_crawl_asset,linked_to_in_scope_content,"[""page:https-www-klkoleo-com-archive-by-year-2025"",""page:https-www-klkoleo-com-news-media"",""page:https-www-klkoleo-com-news-media-elevate-cognitive-health-and-sustainable-food-solutions-at-fi-europe-2025""]",0,False,True,Not matched to a WordPress media-library record
asset:crawl-ef24eecde5a2,https://www.klkoleo.com/wp-content/uploads/2025/11/2025-11-Fi-Europe-04-2048x2048.jpg,image,,,,Davos Life Science and KLK Refineries will be attending Fi Europe 2025,"Elevate Cognitive Health and Sustainable Food Solutions at Fi Europe 2025
										13 Nov 2025
										Join KLK OLEO at Fi Europe and explore innovations in cognitive health and sustainable food solutions for healthy ageing and healthier living. Featured products: DavosLife […]
										Know More",unclassified_crawl_asset,linked_to_in_scope_content,"[""page:https-www-klkoleo-com-archive-by-year-2025"",""page:https-www-klkoleo-com-news-media"",""page:https-www-klkoleo-com-news-media-elevate-cognitive-health-and-sustainable-food-solutions-at-fi-europe-2025""]",0,False,True,Not matched to a WordPress media-library record
asset:crawl-17cfc3a49971,https://www.klkoleo.com/wp-content/uploads/2025/11/2025-11-Fi-Europe-04-300x300.jpg,image,,,,Davos Life Science and KLK Refineries will be attending Fi Europe 2025,"Elevate Cognitive Health and Sustainable Food Solutions at Fi Europe 2025
										13 Nov 2025
										Join KLK OLEO at Fi Europe and explore innovations in cognitive health and sustainable food solutions for healthy ageing and healthier living. Featured products: DavosLife […]
										Know More",unclassified_crawl_asset,linked_to_in_scope_content,"[""page:https-www-klkoleo-com-archive-by-year-2025"",""page:https-www-klkoleo-com-news-media"",""page:https-www-klkoleo-com-news-media-elevate-cognitive-health-and-sustainable-food-solutions-at-fi-europe-2025""]",0,False,True,Not matched to a WordPress media-library record
asset:crawl-145dcaaf9f41,https://www.klkoleo.com/wp-content/uploads/2025/11/2025-11-Fi-Europe-04-600x600.jpg,image,,,,Davos Life Science and KLK Refineries will be attending Fi Europe 2025,"Elevate Cognitive Health and Sustainable Food Solutions at Fi Europe 2025
										13 Nov 2025
										Join KLK OLEO at Fi Europe and explore innovations in cognitive health and sustainable food solutions for healthy ageing and healthier living. Featured products: DavosLife […]
										Know More",unclassified_crawl_asset,linked_to_in_scope_content,"[""page:https-www-klkoleo-com-archive-by-year-2025"",""page:https-www-klkoleo-com-news-media"",""page:https-www-klkoleo-com-news-media-elevate-cognitive-health-and-sustainable-food-solutions-at-fi-europe-2025""]",0,False,True,Not matched to a WordPress media-library record
asset:crawl-d22117ddb37e,https://www.klkoleo.com/wp-content/uploads/2025/11/2025-11-Fi-Europe-04-768x768.jpg,image,,,,Davos Life Science and KLK Refineries will be attending Fi Europe 2025,"Elevate Cognitive Health and Sustainable Food Solutions at Fi Europe 2025
										13 Nov 2025
										Join KLK OLEO at Fi Europe and explore innovations in cognitive health and sustainable food solutions for healthy ageing and healthier living. Featured products: DavosLife […]
										Know More",unclassified_crawl_asset,linked_to_in_scope_content,"[""page:https-www-klkoleo-com-archive-by-year-2025"",""page:https-www-klkoleo-com-news-media"",""page:https-www-klkoleo-com-news-media-elevate-cognitive-health-and-sustainable-food-solutions-at-fi-europe-2025""]",0,False,True,Not matched to a WordPress media-library record
asset:crawl-17730cf313f4,https://www.klkoleo.com/wp-content/uploads/2026/01/2026-02-POC-2026-LinkedIn-1-100x100.webp,image,,,,KLK invites you to join them at POC2026,"KLK invites you to POC 2026
										15 Jan 2026
										KLK is pleased to announce our participation in this year’s Palm and Lauric Oils Price Outlook Conference & Exhibition (POC)! Experience the innovation of Living […]
										Know More",unclassified_crawl_asset,linked_to_in_scope_content,"[""page:https-www-klkoleo-com-archive-by-year-2026"",""page:https-www-klkoleo-com-news-media"",""page:https-www-klkoleo-com-news-media-klk-invites-you-to-poc-2026""]",0,False,True,Not matched to a WordPress media-library record
asset:crawl-8922782c0799,https://www.klkoleo.com/wp-content/uploads/2026/01/2026-02-POC-2026-LinkedIn-1-1024x1024.webp,image,,,,KLK invites you to join them at POC2026,"KLK invites you to POC 2026
										15 Jan 2026
										KLK is pleased to announce our participation in this year’s Palm and Lauric Oils Price Outlook Conference & Exhibition (POC)! Experience the innovation of Living […]
										Know More",unclassified_crawl_asset,linked_to_in_scope_content,"[""page:https-www-klkoleo-com-archive-by-year-2026"",""page:https-www-klkoleo-com-news-media"",""page:https-www-klkoleo-com-news-media-klk-invites-you-to-poc-2026""]",0,False,True,Not matched to a WordPress media-library record
asset:crawl-a5cef0169ada,https://www.klkoleo.com/wp-content/uploads/2026/01/2026-02-POC-2026-LinkedIn-1-150x150.webp,image,,,,KLK invites you to join them at POC2026,"KLK invites you to POC 2026
										15 Jan 2026
										KLK is pleased to announce our participation in this year’s Palm and Lauric Oils Price Outlook Conference & Exhibition (POC)! Experience the innovation of Living […]
										Know More",unclassified_crawl_asset,linked_to_in_scope_content,"[""page:https-www-klkoleo-com-archive-by-year-2026"",""page:https-www-klkoleo-com-news-media"",""page:https-www-klkoleo-com-news-media-klk-invites-you-to-poc-2026""]",0,False,True,Not matched to a WordPress media-library record
asset:crawl-24fd05d8d259,https://www.klkoleo.com/wp-content/uploads/2026/01/2026-02-POC-2026-LinkedIn-1-300x300.webp,image,,,,KLK invites you to join them at POC2026,"KLK invites you to POC 2026
										15 Jan 2026
										KLK is pleased to announce our participation in this year’s Palm and Lauric Oils Price Outlook Conference & Exhibition (POC)! Experience the innovation of Living […]
										Know More",unclassified_crawl_asset,linked_to_in_scope_content,"[""page:https-www-klkoleo-com-archive-by-year-2026"",""page:https-www-klkoleo-com-news-media"",""page:https-www-klkoleo-com-news-media-klk-invites-you-to-poc-2026""]",0,False,True,Not matched to a WordPress media-library record
asset:crawl-7b4566216351,https://www.klkoleo.com/wp-content/uploads/2026/01/2026-02-POC-2026-LinkedIn-1-600x600.webp,image,,,,KLK invites you to join them at POC2026,"KLK invites you to POC 2026
										15 Jan 2026
										KLK is pleased to announce our participation in this year’s Palm and Lauric Oils Price Outlook Conference & Exhibition (POC)! Experience the innovation of Living […]
										Know More",unclassified_crawl_asset,linked_to_in_scope_content,"[""page:https-www-klkoleo-com-archive-by-year-2026"",""page:https-www-klkoleo-com-news-media"",""page:https-www-klkoleo-com-news-media-klk-invites-you-to-poc-2026""]",0,False,True,Not matched to a WordPress media-library record
asset:crawl-f09e178bfc13,https://www.klkoleo.com/wp-content/uploads/2026/01/2026-02-POC-2026-LinkedIn-1-768x768.webp,image,,,,KLK invites you to join them at POC2026,"KLK invites you to POC 2026
										15 Jan 2026
										KLK is pleased to announce our participation in this year’s Palm and Lauric Oils Price Outlook Conference & Exhibition (POC)! Experience the innovation of Living […]
										Know More",unclassified_crawl_asset,linked_to_in_scope_content,"[""page:https-www-klkoleo-com-archive-by-year-2026"",""page:https-www-klkoleo-com-news-media"",""page:https-www-klkoleo-com-news-media-klk-invites-you-to-poc-2026""]",0,False,True,Not matched to a WordPress media-library record
asset:crawl-891665a89a62,https://www.klkoleo.com/wp-content/uploads/2026/01/2026-02-POC-2026-LinkedIn-1.webp,image,,,,KLK invites you to join them at POC2026,"KLK invites you to POC 2026
										15 Jan 2026
										KLK is pleased to announce our participation in this year’s Palm and Lauric Oils Price Outlook Conference & Exhibition (POC)! Experience the innovation of Living […]
										Know More",unclassified_crawl_asset,linked_to_in_scope_content,"[""page:https-www-klkoleo-com-archive-by-year-2026"",""page:https-www-klkoleo-com-news-media"",""page:https-www-klkoleo-com-news-media-klk-invites-you-to-poc-2026""]",0,False,True,Not matched to a WordPress media-library record
asset:crawl-1d6c586fb6d0,https://www.klkoleo.com/wp-content/uploads/2026/03/2026-03-PCHI-Mobile-1229x1536.jpg,image,,,,2026 03 PCHI Mobile,"Visit KLK OLEO at Booth 8K23 to explore sustainable, high-performing oleochemical solutions designed to elevate personal care and home care products.
Featured products:

Sympare Sense: Suitable for cold-processing and post-addition
Sympare Glow: Superior sensoriality with unrivalled versatility
Sympare MES: Primary cleansing base that delivers effective cleansing with gentle care
Sympare Glide: Modular shampoo system tailored to your needs

 
More info about KLK OLEO at PCHi 2026
Find out more about KLK OLEO’s sustainable Beauty and Personal Care ingredients and Home Care, Industries & Institutional (I&I) Cleaning ingredients",unclassified_crawl_asset,linked_to_in_scope_content,"[""page:https-www-klkoleo-com-news-media-pchi-2026""]",0,False,True,Not matched to a WordPress media-library record
asset:crawl-cb761eec2876,https://www.klkoleo.com/wp-content/uploads/2026/03/2026-03-PCHI-Mobile-1638x2048.jpg,image,,,,2026 03 PCHI Mobile,"Visit KLK OLEO at Booth 8K23 to explore sustainable, high-performing oleochemical solutions designed to elevate personal care and home care products.
Featured products:

Sympare Sense: Suitable for cold-processing and post-addition
Sympare Glow: Superior sensoriality with unrivalled versatility
Sympare MES: Primary cleansing base that delivers effective cleansing with gentle care
Sympare Glide: Modular shampoo system tailored to your needs

 
More info about KLK OLEO at PCHi 2026
Find out more about KLK OLEO’s sustainable Beauty and Personal Care ingredients and Home Care, Industries & Institutional (I&I) Cleaning ingredients",unclassified_crawl_asset,linked_to_in_scope_content,"[""page:https-www-klkoleo-com-news-media-pchi-2026""]",0,False,True,Not matched to a WordPress media-library record
asset:crawl-488662d66d27,https://www.klkoleo.com/wp-content/uploads/2026/03/2026-03-PCHI-Mobile-240x300.jpg,image,,,,2026 03 PCHI Mobile,"Visit KLK OLEO at Booth 8K23 to explore sustainable, high-performing oleochemical solutions designed to elevate personal care and home care products.
Featured products:

Sympare Sense: Suitable for cold-processing and post-addition
Sympare Glow: Superior sensoriality with unrivalled versatility
Sympare MES: Primary cleansing base that delivers effective cleansing with gentle care
Sympare Glide: Modular shampoo system tailored to your needs

 
More info about KLK OLEO at PCHi 2026
Find out more about KLK OLEO’s sustainable Beauty and Personal Care ingredients and Home Care, Industries & Institutional (I&I) Cleaning ingredients",unclassified_crawl_asset,linked_to_in_scope_content,"[""page:https-www-klkoleo-com-news-media-pchi-2026""]",0,False,True,Not matched to a WordPress media-library record
asset:crawl-1274c539473a,https://www.klkoleo.com/wp-content/uploads/2026/03/2026-03-PCHI-Mobile-600x750.jpg,image,,,,2026 03 PCHI Mobile,"Visit KLK OLEO at Booth 8K23 to explore sustainable, high-performing oleochemical solutions designed to elevate personal care and home care products.
Featured products:

Sympare Sense: Suitable for cold-processing and post-addition
Sympare Glow: Superior sensoriality with unrivalled versatility
Sympare MES: Primary cleansing base that delivers effective cleansing with gentle care
Sympare Glide: Modular shampoo system tailored to your needs

 
More info about KLK OLEO at PCHi 2026
Find out more about KLK OLEO’s sustainable Beauty and Personal Care ingredients and Home Care, Industries & Institutional (I&I) Cleaning ingredients",unclassified_crawl_asset,linked_to_in_scope_content,"[""page:https-www-klkoleo-com-news-media-pchi-2026""]",0,False,True,Not matched to a WordPress media-library record
asset:crawl-b6522d4a1f2c,https://www.klkoleo.com/wp-content/uploads/2026/03/2026-03-PCHI-Mobile-768x960.jpg,image,,,,2026 03 PCHI Mobile,"Visit KLK OLEO at Booth 8K23 to explore sustainable, high-performing oleochemical solutions designed to elevate personal care and home care products.
Featured products:

Sympare Sense: Suitable for cold-processing and post-addition
Sympare Glow: Superior sensoriality with unrivalled versatility
Sympare MES: Primary cleansing base that delivers effective cleansing with gentle care
Sympare Glide: Modular shampoo system tailored to your needs

 
More info about KLK OLEO at PCHi 2026
Find out more about KLK OLEO’s sustainable Beauty and Personal Care ingredients and Home Care, Industries & Institutional (I&I) Cleaning ingredients",unclassified_crawl_asset,linked_to_in_scope_content,"[""page:https-www-klkoleo-com-news-media-pchi-2026""]",0,False,True,Not matched to a WordPress media-library record
asset:crawl-8c426feffd2e,https://www.klkoleo.com/wp-content/uploads/2026/03/2026-03-PCHI-Mobile-819x1024.jpg,image,,,,2026 03 PCHI Mobile,"Visit KLK OLEO at Booth 8K23 to explore sustainable, high-performing oleochemical solutions designed to elevate personal care and home care products.
Featured products:

Sympare Sense: Suitable for cold-processing and post-addition
Sympare Glow: Superior sensoriality with unrivalled versatility
Sympare MES: Primary cleansing base that delivers effective cleansing with gentle care
Sympare Glide: Modular shampoo system tailored to your needs

 
More info about KLK OLEO at PCHi 2026
Find out more about KLK OLEO’s sustainable Beauty and Personal Care ingredients and Home Care, Industries & Institutional (I&I) Cleaning ingredients",unclassified_crawl_asset,linked_to_in_scope_content,"[""page:https-www-klkoleo-com-news-media-pchi-2026""]",0,False,True,Not matched to a WordPress media-library record
asset:crawl-eea2ea9c5fd2,https://www.klkoleo.com/wp-content/uploads/2026/03/2026-03-PCHI-Mobile-scaled.jpg,image,,,,2026 03 PCHI Mobile,"Visit KLK OLEO at Booth 8K23 to explore sustainable, high-performing oleochemical solutions designed to elevate personal care and home care products.
Featured products:

Sympare Sense: Suitable for cold-processing and post-addition
Sympare Glow: Superior sensoriality with unrivalled versatility
Sympare MES: Primary cleansing base that delivers effective cleansing with gentle care
Sympare Glide: Modular shampoo system tailored to your needs

 
More info about KLK OLEO at PCHi 2026
Find out more about KLK OLEO’s sustainable Beauty and Personal Care ingredients and Home Care, Industries & Institutional (I&I) Cleaning ingredients",unclassified_crawl_asset,linked_to_in_scope_content,"[""page:https-www-klkoleo-com-news-media-pchi-2026""]",0,False,True,Not matched to a WordPress media-library record
asset:crawl-b1e5f17023a5,https://www.klkoleo.com/wp-content/uploads/2026/03/KLK-OLEO-PCHI-News-100x100.jpg,image,,,,KLK OLEO PCHI News,"Discover KLK OLEO’s Sustainable Personal Care and Home Care Solutions at PCHi
										03 Mar 2026
										Visit KLK OLEO at Booth 8K23 to explore sustainable, high-performing oleochemical solutions designed to elevate personal care and home care products. Featured products: Sympare Sense: […]
										Know More",unclassified_crawl_asset,linked_to_in_scope_content,"[""page:https-www-klkoleo-com-archive-by-year-2026"",""page:https-www-klkoleo-com-news-media""]",0,False,True,Not matched to a WordPress media-library record
asset:crawl-3ceb1ad7d295,https://www.klkoleo.com/wp-content/uploads/2026/03/KLK-OLEO-PCHI-News-1024x1024.jpg,image,,,,KLK OLEO PCHI News,"Discover KLK OLEO’s Sustainable Personal Care and Home Care Solutions at PCHi				
				
				
				
									
					
						
									Read More",unclassified_crawl_asset,linked_to_in_scope_content,"[""page:https-www-klkoleo-com"",""page:https-www-klkoleo-com-archive-by-year-2026"",""page:https-www-klkoleo-com-news-media"",""page:https-www-klkoleo-com-r3d-de-assembly-terms-and-conditions-klke-dusseldorf"",""page:https-www-klkoleo-com-r3d-de-general-terms-and-conditions-of-purchase-klk-emmerich"",""page:https-www-klkoleo-com-r3d-de-general-terms-and-conditions-of-sale-klk-emmerich"",""page:https-www-klkoleo-com-r3d-de-safety-guide-klk-emmerich"",""page:https-www-klkoleo-com-r3d-eng-anti-corruption-policy-klk-group"",""page:https-www-klkoleo-com-r3d-eng-code-of-conduct-and-ethics-for-the-company-group-klk-group"",""page:https-www-klkoleo-com-r3d-eng-code-of-conduct-for-suppliers-klk-emmerich"",""page:https-www-klkoleo-com-r3d-eng-general-conditions-of-sale-klktemix"",""page:https-www-klkoleo-com-r3d-eng-general-terms-and-conditions-for-the-purchase-of-goods-and-or-services-klk-oleo-group"",""page:https-www-klkoleo-com-r3d-eng-general-terms-and-conditions-of-sale-klk-emmerich"",""page:https-www-klkoleo-com-r3d-eng-general-terms-and-conditions-of-sale-klk-tensachem"",""page:https-www-klkoleo-com-r3d-eng-general-terms-and-conditions-of-sale-or-supply-klk-kolb-specialties"",""page:https-www-klkoleo-com-r3d-eng-general-terms-and-conditions-of-sale-or-supply-palmoleo-klang"",""page:https-www-klkoleo-com-r3d-eng-quality-environmental-safety-and-food-safety-policy-klktemix"",""page:https-www-klkoleo-com-r3d-eng-supplier-code-of-conduct-klk-group"",""page:https-www-klkoleo-com-r3d-klk-oleo-beauty-and-personal-care-brochure"",""page:https-www-klkoleo-com-r3d-klk-oleo-palmester-biolubricant-base-oil-for-mwf-neat-oil-applications"",""page:https-www-klkoleo-com-r3d-klk-oleos-traceability"",""page:https-www-klkoleo-com-r3d-klk-sustainability-report-2021""]",0,False,True,Not matched to a WordPress media-library record
asset:crawl-d8cb099ef69e,https://www.klkoleo.com/wp-content/uploads/2026/03/KLK-OLEO-PCHI-News-150x150.jpg,image,,,,KLK OLEO PCHI News,"Discover KLK OLEO’s Sustainable Personal Care and Home Care Solutions at PCHi
										03 Mar 2026
										Visit KLK OLEO at Booth 8K23 to explore sustainable, high-performing oleochemical solutions designed to elevate personal care and home care products. Featured products: Sympare Sense: […]
										Know More",unclassified_crawl_asset,linked_to_in_scope_content,"[""page:https-www-klkoleo-com-archive-by-year-2026"",""page:https-www-klkoleo-com-news-media""]",0,False,True,Not matched to a WordPress media-library record
asset:crawl-53b8bb2e2aa7,https://www.klkoleo.com/wp-content/uploads/2026/03/KLK-OLEO-PCHI-News-1536x1536.jpg,image,,,,KLK OLEO PCHI News,"Discover KLK OLEO’s Sustainable Personal Care and Home Care Solutions at PCHi
										03 Mar 2026
										Visit KLK OLEO at Booth 8K23 to explore sustainable, high-performing oleochemical solutions designed to elevate personal care and home care products. Featured products: Sympare Sense: […]
										Know More",unclassified_crawl_asset,linked_to_in_scope_content,"[""page:https-www-klkoleo-com-archive-by-year-2026"",""page:https-www-klkoleo-com-news-media""]",0,False,True,Not matched to a WordPress media-library record
asset:crawl-e12107dba256,https://www.klkoleo.com/wp-content/uploads/2026/03/KLK-OLEO-PCHI-News-2048x2048.jpg,image,,,,KLK OLEO PCHI News,"Discover KLK OLEO’s Sustainable Personal Care and Home Care Solutions at PCHi
										03 Mar 2026
										Visit KLK OLEO at Booth 8K23 to explore sustainable, high-performing oleochemical solutions designed to elevate personal care and home care products. Featured products: Sympare Sense: […]
										Know More",unclassified_crawl_asset,linked_to_in_scope_content,"[""page:https-www-klkoleo-com-archive-by-year-2026"",""page:https-www-klkoleo-com-news-media""]",0,False,True,Not matched to a WordPress media-library record
asset:crawl-7f965aa1b66e,https://www.klkoleo.com/wp-content/uploads/2026/03/KLK-OLEO-PCHI-News-300x300.jpg,image,,,,KLK OLEO PCHI News,"Discover KLK OLEO’s Sustainable Personal Care and Home Care Solutions at PCHi
										03 Mar 2026
										Visit KLK OLEO at Booth 8K23 to explore sustainable, high-performing oleochemical solutions designed to elevate personal care and home care products. Featured products: Sympare Sense: […]
										Know More",unclassified_crawl_asset,linked_to_in_scope_content,"[""page:https-www-klkoleo-com-archive-by-year-2026"",""page:https-www-klkoleo-com-news-media""]",0,False,True,Not matched to a WordPress media-library record
asset:crawl-b4ed829c00d9,https://www.klkoleo.com/wp-content/uploads/2026/03/KLK-OLEO-PCHI-News-600x600.jpg,image,,,,KLK OLEO PCHI News,"Discover KLK OLEO’s Sustainable Personal Care and Home Care Solutions at PCHi
										03 Mar 2026
										Visit KLK OLEO at Booth 8K23 to explore sustainable, high-performing oleochemical solutions designed to elevate personal care and home care products. Featured products: Sympare Sense: […]
										Know More",unclassified_crawl_asset,linked_to_in_scope_content,"[""page:https-www-klkoleo-com-archive-by-year-2026"",""page:https-www-klkoleo-com-news-media""]",0,False,True,Not matched to a WordPress media-library record
asset:crawl-2b94a3ec588a,https://www.klkoleo.com/wp-content/uploads/2026/03/KLK-OLEO-PCHI-News-768x768.jpg,image,,,,KLK OLEO PCHI News,"Discover KLK OLEO’s Sustainable Personal Care and Home Care Solutions at PCHi
										03 Mar 2026
										Visit KLK OLEO at Booth 8K23 to explore sustainable, high-performing oleochemical solutions designed to elevate personal care and home care products. Featured products: Sympare Sense: […]
										Know More",unclassified_crawl_asset,linked_to_in_scope_content,"[""page:https-www-klkoleo-com-archive-by-year-2026"",""page:https-www-klkoleo-com-news-media""]",0,False,True,Not matched to a WordPress media-library record
asset:crawl-5a82aedc7039,https://www.klkoleo.com/wp-content/uploads/2026/04/2026-04-ChemExpo-India_1080px-01-100x100.png,image,,,,KLK OLEO at ChemExpo India 2026,"Discover innovative nature-derived products and solutions at ChemExpo India!
										06 Apr 2026
										As one of the world’s leading oleochemical producers, KLK OLEO’s products touch everyday lives across Beauty & Personal Care, Home Care, Industries & Institutional (I&I) […]
										Know More",unclassified_crawl_asset,linked_to_in_scope_content,"[""page:https-www-klkoleo-com-archive-by-year-2026"",""page:https-www-klkoleo-com-news-media""]",0,False,True,Not matched to a WordPress media-library record
asset:crawl-aafcd3625e3b,https://www.klkoleo.com/wp-content/uploads/2026/04/2026-04-ChemExpo-India_1080px-01-1024x1024.png,image,,,,KLK OLEO at ChemExpo India 2026,"Discover innovative nature-derived products and solutions at ChemExpo India!				
				
				
				
									
					
						
									Read More",unclassified_crawl_asset,linked_to_in_scope_content,"[""page:https-www-klkoleo-com"",""page:https-www-klkoleo-com-archive-by-year-2026"",""page:https-www-klkoleo-com-news-media"",""page:https-www-klkoleo-com-r3d-de-assembly-terms-and-conditions-klke-dusseldorf"",""page:https-www-klkoleo-com-r3d-de-general-terms-and-conditions-of-purchase-klk-emmerich"",""page:https-www-klkoleo-com-r3d-de-general-terms-and-conditions-of-sale-klk-emmerich"",""page:https-www-klkoleo-com-r3d-de-safety-guide-klk-emmerich"",""page:https-www-klkoleo-com-r3d-eng-anti-corruption-policy-klk-group"",""page:https-www-klkoleo-com-r3d-eng-code-of-conduct-and-ethics-for-the-company-group-klk-group"",""page:https-www-klkoleo-com-r3d-eng-code-of-conduct-for-suppliers-klk-emmerich"",""page:https-www-klkoleo-com-r3d-eng-general-conditions-of-sale-klktemix"",""page:https-www-klkoleo-com-r3d-eng-general-terms-and-conditions-for-the-purchase-of-goods-and-or-services-klk-oleo-group"",""page:https-www-klkoleo-com-r3d-eng-general-terms-and-conditions-of-sale-klk-emmerich"",""page:https-www-klkoleo-com-r3d-eng-general-terms-and-conditions-of-sale-klk-tensachem"",""page:https-www-klkoleo-com-r3d-eng-general-terms-and-conditions-of-sale-or-supply-klk-kolb-specialties"",""page:https-www-klkoleo-com-r3d-eng-general-terms-and-conditions-of-sale-or-supply-palmoleo-klang"",""page:https-www-klkoleo-com-r3d-eng-quality-environmental-safety-and-food-safety-policy-klktemix"",""page:https-www-klkoleo-com-r3d-eng-supplier-code-of-conduct-klk-group"",""page:https-www-klkoleo-com-r3d-klk-oleo-beauty-and-personal-care-brochure"",""page:https-www-klkoleo-com-r3d-klk-oleo-palmester-biolubricant-base-oil-for-mwf-neat-oil-applications"",""page:https-www-klkoleo-com-r3d-klk-oleos-traceability"",""page:https-www-klkoleo-com-r3d-klk-sustainability-report-2021""]",0,False,True,Not matched to a WordPress media-library record
asset:crawl-dc135407cb28,https://www.klkoleo.com/wp-content/uploads/2026/04/2026-04-ChemExpo-India_1080px-01-150x150.png,image,,,,KLK OLEO at ChemExpo India 2026,"Discover innovative nature-derived products and solutions at ChemExpo India!
										06 Apr 2026
										As one of the world’s leading oleochemical producers, KLK OLEO’s products touch everyday lives across Beauty & Personal Care, Home Care, Industries & Institutional (I&I) […]
										Know More",unclassified_crawl_asset,linked_to_in_scope_content,"[""page:https-www-klkoleo-com-archive-by-year-2026"",""page:https-www-klkoleo-com-news-media""]",0,False,True,Not matched to a WordPress media-library record
asset:crawl-8807bd534ecb,https://www.klkoleo.com/wp-content/uploads/2026/04/2026-04-ChemExpo-India_1080px-01-300x300.png,image,,,,KLK OLEO at ChemExpo India 2026,"Discover innovative nature-derived products and solutions at ChemExpo India!
										06 Apr 2026
										As one of the world’s leading oleochemical producers, KLK OLEO’s products touch everyday lives across Beauty & Personal Care, Home Care, Industries & Institutional (I&I) […]
										Know More",unclassified_crawl_asset,linked_to_in_scope_content,"[""page:https-www-klkoleo-com-archive-by-year-2026"",""page:https-www-klkoleo-com-news-media""]",0,False,True,Not matched to a WordPress media-library record
asset:crawl-0fc46b1ec563,https://www.klkoleo.com/wp-content/uploads/2026/04/2026-04-ChemExpo-India_1080px-01-600x600.png,image,,,,KLK OLEO at ChemExpo India 2026,"Discover innovative nature-derived products and solutions at ChemExpo India!
										06 Apr 2026
										As one of the world’s leading oleochemical producers, KLK OLEO’s products touch everyday lives across Beauty & Personal Care, Home Care, Industries & Institutional (I&I) […]
										Know More",unclassified_crawl_asset,linked_to_in_scope_content,"[""page:https-www-klkoleo-com-archive-by-year-2026"",""page:https-www-klkoleo-com-news-media""]",0,False,True,Not matched to a WordPress media-library record
asset:crawl-7d27574d5686,https://www.klkoleo.com/wp-content/uploads/2026/04/2026-04-ChemExpo-India_1080px-01-768x768.png,image,,,,KLK OLEO at ChemExpo India 2026,"Discover innovative nature-derived products and solutions at ChemExpo India!
										06 Apr 2026
										As one of the world’s leading oleochemical producers, KLK OLEO’s products touch everyday lives across Beauty & Personal Care, Home Care, Industries & Institutional (I&I) […]
										Know More",unclassified_crawl_asset,linked_to_in_scope_content,"[""page:https-www-klkoleo-com-archive-by-year-2026"",""page:https-www-klkoleo-com-news-media""]",0,False,True,Not matched to a WordPress media-library record
asset:crawl-3524c059c22b,https://www.klkoleo.com/wp-content/uploads/2026/04/2026-04-ChemExpo-India_1080px-01.png,image,,,,KLK OLEO at ChemExpo India 2026,"Discover innovative nature-derived products and solutions at ChemExpo India!
										06 Apr 2026
										As one of the world’s leading oleochemical producers, KLK OLEO’s products touch everyday lives across Beauty & Personal Care, Home Care, Industries & Institutional (I&I) […]
										Know More",unclassified_crawl_asset,linked_to_in_scope_content,"[""page:https-www-klkoleo-com-archive-by-year-2026"",""page:https-www-klkoleo-com-news-media"",""page:https-www-klkoleo-com-news-media-discover-innovative-nature-derived-products-and-solutions-at-chemexpo-india""]",0,False,True,Not matched to a WordPress media-library record
asset:crawl-a1303526a6de,https://www.klkoleo.com/wp-content/uploads/2026/04/KLK-OLEO-Vitafoods-Europe-2026-100x100.jpg,image,,,,KLK OLEO Vitafoods Europe 2026,"Discover KLK OLEO’s Science-Led Innovations at Vitafoods Europe 2026
										21 Apr 2026
										Join KLK OLEO at Vitafoods Europe (Booth 3D240) to discover the full health potential of every bioactive ingredient. Healthy Ageing with DavosLife E3 Tocotrienols Spotlight […]
										Know More",unclassified_crawl_asset,linked_to_in_scope_content,"[""page:https-www-klkoleo-com-news-media"",""page:https-www-klkoleo-com-news-media-vitafoods-europe-2026""]",0,False,True,Not matched to a WordPress media-library record
asset:crawl-658dd84f76f0,https://www.klkoleo.com/wp-content/uploads/2026/04/KLK-OLEO-Vitafoods-Europe-2026-1024x1024.jpg,image,,,,KLK OLEO Vitafoods Europe 2026,"Discover KLK OLEO’s Science-Led Innovations at Vitafoods Europe 2026				
				
				
				
									
					
						
									Read More",unclassified_crawl_asset,linked_to_in_scope_content,"[""page:https-www-klkoleo-com"",""page:https-www-klkoleo-com-news-media"",""page:https-www-klkoleo-com-news-media-vitafoods-europe-2026"",""page:https-www-klkoleo-com-r3d-de-assembly-terms-and-conditions-klke-dusseldorf"",""page:https-www-klkoleo-com-r3d-de-general-terms-and-conditions-of-purchase-klk-emmerich"",""page:https-www-klkoleo-com-r3d-de-general-terms-and-conditions-of-sale-klk-emmerich"",""page:https-www-klkoleo-com-r3d-de-safety-guide-klk-emmerich"",""page:https-www-klkoleo-com-r3d-eng-anti-corruption-policy-klk-group"",""page:https-www-klkoleo-com-r3d-eng-code-of-conduct-and-ethics-for-the-company-group-klk-group"",""page:https-www-klkoleo-com-r3d-eng-code-of-conduct-for-suppliers-klk-emmerich"",""page:https-www-klkoleo-com-r3d-eng-general-conditions-of-sale-klktemix"",""page:https-www-klkoleo-com-r3d-eng-general-terms-and-conditions-for-the-purchase-of-goods-and-or-services-klk-oleo-group"",""page:https-www-klkoleo-com-r3d-eng-general-terms-and-conditions-of-sale-klk-emmerich"",""page:https-www-klkoleo-com-r3d-eng-general-terms-and-conditions-of-sale-klk-tensachem"",""page:https-www-klkoleo-com-r3d-eng-general-terms-and-conditions-of-sale-or-supply-klk-kolb-specialties"",""page:https-www-klkoleo-com-r3d-eng-general-terms-and-conditions-of-sale-or-supply-palmoleo-klang"",""page:https-www-klkoleo-com-r3d-eng-quality-environmental-safety-and-food-safety-policy-klktemix"",""page:https-www-klkoleo-com-r3d-eng-supplier-code-of-conduct-klk-group"",""page:https-www-klkoleo-com-r3d-klk-oleo-beauty-and-personal-care-brochure"",""page:https-www-klkoleo-com-r3d-klk-oleo-palmester-biolubricant-base-oil-for-mwf-neat-oil-applications"",""page:https-www-klkoleo-com-r3d-klk-oleos-traceability"",""page:https-www-klkoleo-com-r3d-klk-sustainability-report-2021""]",0,False,True,Not matched to a WordPress media-library record
asset:crawl-6a600cd595ec,https://www.klkoleo.com/wp-content/uploads/2026/04/KLK-OLEO-Vitafoods-Europe-2026-150x150.jpg,image,,,,KLK OLEO Vitafoods Europe 2026,"Discover KLK OLEO’s Science-Led Innovations at Vitafoods Europe 2026
										21 Apr 2026
										Join KLK OLEO at Vitafoods Europe (Booth 3D240) to discover the full health potential of every bioactive ingredient. Healthy Ageing with DavosLife E3 Tocotrienols Spotlight […]
										Know More",unclassified_crawl_asset,linked_to_in_scope_content,"[""page:https-www-klkoleo-com-news-media"",""page:https-www-klkoleo-com-news-media-vitafoods-europe-2026""]",0,False,True,Not matched to a WordPress media-library record
asset:crawl-c7b310e6368e,https://www.klkoleo.com/wp-content/uploads/2026/04/KLK-OLEO-Vitafoods-Europe-2026-1536x1536.jpg,image,,,,KLK OLEO Vitafoods Europe 2026,"Discover KLK OLEO’s Science-Led Innovations at Vitafoods Europe 2026
										21 Apr 2026
										Join KLK OLEO at Vitafoods Europe (Booth 3D240) to discover the full health potential of every bioactive ingredient. Healthy Ageing with DavosLife E3 Tocotrienols Spotlight […]
										Know More",unclassified_crawl_asset,linked_to_in_scope_content,"[""page:https-www-klkoleo-com-news-media"",""page:https-www-klkoleo-com-news-media-vitafoods-europe-2026""]",0,False,True,Not matched to a WordPress media-library record
asset:crawl-3afa1ca2b7b7,https://www.klkoleo.com/wp-content/uploads/2026/04/KLK-OLEO-Vitafoods-Europe-2026-2048x2048.jpg,image,,,,KLK OLEO Vitafoods Europe 2026,"Discover KLK OLEO’s Science-Led Innovations at Vitafoods Europe 2026
										21 Apr 2026
										Join KLK OLEO at Vitafoods Europe (Booth 3D240) to discover the full health potential of every bioactive ingredient. Healthy Ageing with DavosLife E3 Tocotrienols Spotlight […]
										Know More",unclassified_crawl_asset,linked_to_in_scope_content,"[""page:https-www-klkoleo-com-news-media"",""page:https-www-klkoleo-com-news-media-vitafoods-europe-2026""]",0,False,True,Not matched to a WordPress media-library record
asset:crawl-f8a38285a5f0,https://www.klkoleo.com/wp-content/uploads/2026/04/KLK-OLEO-Vitafoods-Europe-2026-300x300.jpg,image,,,,KLK OLEO Vitafoods Europe 2026,"Discover KLK OLEO’s Science-Led Innovations at Vitafoods Europe 2026
										21 Apr 2026
										Join KLK OLEO at Vitafoods Europe (Booth 3D240) to discover the full health potential of every bioactive ingredient. Healthy Ageing with DavosLife E3 Tocotrienols Spotlight […]
										Know More",unclassified_crawl_asset,linked_to_in_scope_content,"[""page:https-www-klkoleo-com-archive-by-year-2026"",""page:https-www-klkoleo-com-news-media"",""page:https-www-klkoleo-com-news-media-vitafoods-europe-2026""]",0,False,True,Not matched to a WordPress media-library record
asset:crawl-4952b7435de9,https://www.klkoleo.com/wp-content/uploads/2026/04/KLK-OLEO-Vitafoods-Europe-2026-600x600.jpg,image,,,,KLK OLEO Vitafoods Europe 2026,"Discover KLK OLEO’s Science-Led Innovations at Vitafoods Europe 2026
										21 Apr 2026
										Join KLK OLEO at Vitafoods Europe (Booth 3D240) to discover the full health potential of every bioactive ingredient. Healthy Ageing with DavosLife E3 Tocotrienols Spotlight […]
										Know More",unclassified_crawl_asset,linked_to_in_scope_content,"[""page:https-www-klkoleo-com-news-media"",""page:https-www-klkoleo-com-news-media-vitafoods-europe-2026""]",0,False,True,Not matched to a WordPress media-library record
asset:crawl-6bd040510ba1,https://www.klkoleo.com/wp-content/uploads/2026/04/KLK-OLEO-Vitafoods-Europe-2026-768x768.jpg,image,,,,KLK OLEO Vitafoods Europe 2026,"Discover KLK OLEO’s Science-Led Innovations at Vitafoods Europe 2026
										21 Apr 2026
										Join KLK OLEO at Vitafoods Europe (Booth 3D240) to discover the full health potential of every bioactive ingredient. Healthy Ageing with DavosLife E3 Tocotrienols Spotlight […]
										Know More",unclassified_crawl_asset,linked_to_in_scope_content,"[""page:https-www-klkoleo-com-news-media"",""page:https-www-klkoleo-com-news-media-vitafoods-europe-2026""]",0,False,True,Not matched to a WordPress media-library record
asset:crawl-f56c110ea4a2,https://www.klkoleo.com/wp-content/uploads/2026/06/KKS-Site-100th-Anniversary-eBanner-100x100.jpg,image,,,,KKS Site 100th Anniversary eBanner,"Celebrating 100 Years of Excellence in Delden
										10 Jun 2026
										For a full century, the site along the Langestraat has been a familiar landmark for anyone passing through this corner of Twente. The chimney that […]
										Know More",unclassified_crawl_asset,linked_to_in_scope_content,"[""page:https-www-klkoleo-com-news-media""]",0,False,True,Not matched to a WordPress media-library record
asset:crawl-4e1799b73ca5,https://www.klkoleo.com/wp-content/uploads/2026/06/KKS-Site-100th-Anniversary-eBanner-1024x1024.jpg,image,,,,KKS Site 100th Anniversary eBanner,"Celebrating 100 Years of Excellence in Delden				
				
				
				
									
					
						
									Read More",unclassified_crawl_asset,linked_to_in_scope_content,"[""page:https-www-klkoleo-com"",""page:https-www-klkoleo-com-news-media"",""page:https-www-klkoleo-com-r3d-de-assembly-terms-and-conditions-klke-dusseldorf"",""page:https-www-klkoleo-com-r3d-de-general-terms-and-conditions-of-purchase-klk-emmerich"",""page:https-www-klkoleo-com-r3d-de-general-terms-and-conditions-of-sale-klk-emmerich"",""page:https-www-klkoleo-com-r3d-de-safety-guide-klk-emmerich"",""page:https-www-klkoleo-com-r3d-eng-anti-corruption-policy-klk-group"",""page:https-www-klkoleo-com-r3d-eng-code-of-conduct-and-ethics-for-the-company-group-klk-group"",""page:https-www-klkoleo-com-r3d-eng-code-of-conduct-for-suppliers-klk-emmerich"",""page:https-www-klkoleo-com-r3d-eng-general-conditions-of-sale-klktemix"",""page:https-www-klkoleo-com-r3d-eng-general-terms-and-conditions-for-the-purchase-of-goods-and-or-services-klk-oleo-group"",""page:https-www-klkoleo-com-r3d-eng-general-terms-and-conditions-of-sale-klk-emmerich"",""page:https-www-klkoleo-com-r3d-eng-general-terms-and-conditions-of-sale-klk-tensachem"",""page:https-www-klkoleo-com-r3d-eng-general-terms-and-conditions-of-sale-or-supply-klk-kolb-specialties"",""page:https-www-klkoleo-com-r3d-eng-general-terms-and-conditions-of-sale-or-supply-palmoleo-klang"",""page:https-www-klkoleo-com-r3d-eng-quality-environmental-safety-and-food-safety-policy-klktemix"",""page:https-www-klkoleo-com-r3d-eng-supplier-code-of-conduct-klk-group"",""page:https-www-klkoleo-com-r3d-klk-oleo-beauty-and-personal-care-brochure"",""page:https-www-klkoleo-com-r3d-klk-oleo-palmester-biolubricant-base-oil-for-mwf-neat-oil-applications"",""page:https-www-klkoleo-com-r3d-klk-oleos-traceability"",""page:https-www-klkoleo-com-r3d-klk-sustainability-report-2021""]",0,False,True,Not matched to a WordPress media-library record
asset:crawl-1818068d1992,https://www.klkoleo.com/wp-content/uploads/2026/06/KKS-Site-100th-Anniversary-eBanner-150x150.jpg,image,,,,KKS Site 100th Anniversary eBanner,"Celebrating 100 Years of Excellence in Delden
										10 Jun 2026
										For a full century, the site along the Langestraat has been a familiar landmark for anyone passing through this corner of Twente. The chimney that […]
										Know More",unclassified_crawl_asset,linked_to_in_scope_content,"[""page:https-www-klkoleo-com-news-media""]",0,False,True,Not matched to a WordPress media-library record
asset:crawl-797ba3e7791d,https://www.klkoleo.com/wp-content/uploads/2026/06/KKS-Site-100th-Anniversary-eBanner-1536x1536.jpg,image,,,,KKS Site 100th Anniversary eBanner,"Celebrating 100 Years of Excellence in Delden
										10 Jun 2026
										For a full century, the site along the Langestraat has been a familiar landmark for anyone passing through this corner of Twente. The chimney that […]
										Know More",unclassified_crawl_asset,linked_to_in_scope_content,"[""page:https-www-klkoleo-com-news-media""]",0,False,True,Not matched to a WordPress media-library record
asset:crawl-dbbb656bbb83,https://www.klkoleo.com/wp-content/uploads/2026/06/KKS-Site-100th-Anniversary-eBanner-2048x2048.jpg,image,,,,KKS Site 100th Anniversary eBanner,"Celebrating 100 Years of Excellence in Delden
										10 Jun 2026
										For a full century, the site along the Langestraat has been a familiar landmark for anyone passing through this corner of Twente. The chimney that […]
										Know More",unclassified_crawl_asset,linked_to_in_scope_content,"[""page:https-www-klkoleo-com-news-media""]",0,False,True,Not matched to a WordPress media-library record
asset:crawl-f21a83b93d7a,https://www.klkoleo.com/wp-content/uploads/2026/06/KKS-Site-100th-Anniversary-eBanner-300x300.jpg,image,,,,KKS Site 100th Anniversary eBanner,"Celebrating 100 Years of Excellence in Delden
										10 Jun 2026
										For a full century, the site along the Langestraat has been a familiar landmark for anyone passing through this corner of Twente. The chimney that […]
										Know More",unclassified_crawl_asset,linked_to_in_scope_content,"[""page:https-www-klkoleo-com-archive-by-year-2026"",""page:https-www-klkoleo-com-news-media""]",0,False,True,Not matched to a WordPress media-library record
asset:crawl-5e71fc9490e9,https://www.klkoleo.com/wp-content/uploads/2026/06/KKS-Site-100th-Anniversary-eBanner-600x600.jpg,image,,,,KKS Site 100th Anniversary eBanner,"Celebrating 100 Years of Excellence in Delden
										10 Jun 2026
										For a full century, the site along the Langestraat has been a familiar landmark for anyone passing through this corner of Twente. The chimney that […]
										Know More",unclassified_crawl_asset,linked_to_in_scope_content,"[""page:https-www-klkoleo-com-news-media""]",0,False,True,Not matched to a WordPress media-library record
asset:crawl-ce3508045ee4,https://www.klkoleo.com/wp-content/uploads/2026/06/KKS-Site-100th-Anniversary-eBanner-768x768.jpg,image,,,,KKS Site 100th Anniversary eBanner,"Celebrating 100 Years of Excellence in Delden
										10 Jun 2026
										For a full century, the site along the Langestraat has been a familiar landmark for anyone passing through this corner of Twente. The chimney that […]
										Know More",unclassified_crawl_asset,linked_to_in_scope_content,"[""page:https-www-klkoleo-com-news-media""]",0,False,True,Not matched to a WordPress media-library record
asset:crawl-c2c928c36647,https://www.klkoleo.com/wp-content/uploads/2026/06/KLK-Kolb-100-Years-Anniversary-1024x819.png,image,,,,KLK Kolb 100 Years Anniversary,"For a full century, the site along the Langestraat has been a familiar landmark for anyone passing through this corner of Twente. The chimney that once bore the name Servo is long gone, but the chemical company behind it, today known as KLK Kolb Specialties B.V., part of KLK OLEO Surfactants, remains deeply woven into the fabric of the region. A centenary worth celebrating.
The seven-hectare site is a world of its own. Laboratories, research facilities and towering reactors holding tens of thousands of litres operate virtually without pause, the only exception being public holidays. Visitors quickly learn the rules: beyond a clearly marked yellow line, only specially approved mobile phones are permitted. Safety is non-negotiable in this industry.
From Delden into Every Home
The plant does not manufacture finished consumer products. Instead, it produces surfactants, which are surface-active agents that allow oil and water to mix, or make substances soluble that would otherwise refuse to dissolve. These chemical building blocks end up in shampoos, laundry detergents, wall paints and textiles. In other words, there is a good chance something made in Delden is sitting in your home right now.
From a Steam Laundry to a Global Group
The story begins in 1926, when two local entrepreneurs, Kuiper and Rozenbroek, set up shop in a disused steam laundry after their original plan to build in Enschede fell through. They served the Twente textile industry, and during the Second World War even pivoted to food production when circumstances demanded it.
Decades of growth, restructuring and ownership changes followed. Locally the site is still affectionately called Servo, even though that name was officially retired in 2000 and the iconic chimney demolished in 2018. Today the company is owned by Swiss-based Kolb Distribution Ltd., itself part of KLK OLEO, the oleochemical arm of Malaysian conglomerate Kuala Lumpur Kepong Berhad.
More Than Just a Factory
The site is unusually well-equipped for an industrial location. It has its own volunteer fire brigade, a dedicated wastewater treatment plant, and most remarkably, a private railway spur that branches off the Zutphen–Oldenzaal line and runs directly onto the premises. Freight trains have used this connection for decades to deliver raw materials straight to the factory floor.
The railway has not always run without incident. In the early 1980s a wrongly set switch accidentally directed a passenger train onto the site. It was stopped in time, nobody was hurt, and the story has since become part of company folklore.
Three Generations, Fifty-Year Careers
Walk through the site with a long-serving colleague and you quickly sense that this is more than just a workplace. Over 200 people are employed here, the vast majority from Delden and the wider Twente area, with many of them cycling in each morning. Staff turnover is remarkably low: three employees recently marked 40 years of service, and last year one colleague reached 50. There are families where three generations have worked on the same site, and farmers’ sons who once looked for a temporary job and never left. That kind of loyalty speaks for itself.
Centenary Celebrations
The anniversary programme ran across several days. A business reception took place on Thursday 30 April, followed on Friday 1 May by a gathering for retirees and former staff, with dignitaries including the mayor, a provincial executive and the Count of Twickel in attendance, and an evening party for current employees.
On Saturday 2 May, the site opened its doors to the general public. As production continues around the clock and safety rules are strict, visitors were guided around the grounds by bus. The programme included live demonstrations by the company fire brigade and a kids’ science lab.
From a small chemical supplier for the local textile industry to a global player in specialty chemistry; one hundred years of growth, resilience and community. The story of KLK Kolb Specialties is far from over, and the next hundred years have already begun.",unclassified_crawl_asset,linked_to_in_scope_content,"[""page:https-www-klkoleo-com-news-media-celebrating-100-years-of-excellence-in-delden""]",0,False,True,Not matched to a WordPress media-library record
asset:crawl-47f9a80ce1a9,https://www.klkoleo.com/wp-content/uploads/2026/06/KLK-Kolb-100-Years-Anniversary-1536x1229.png,image,,,,KLK Kolb 100 Years Anniversary,"For a full century, the site along the Langestraat has been a familiar landmark for anyone passing through this corner of Twente. The chimney that once bore the name Servo is long gone, but the chemical company behind it, today known as KLK Kolb Specialties B.V., part of KLK OLEO Surfactants, remains deeply woven into the fabric of the region. A centenary worth celebrating.
The seven-hectare site is a world of its own. Laboratories, research facilities and towering reactors holding tens of thousands of litres operate virtually without pause, the only exception being public holidays. Visitors quickly learn the rules: beyond a clearly marked yellow line, only specially approved mobile phones are permitted. Safety is non-negotiable in this industry.
From Delden into Every Home
The plant does not manufacture finished consumer products. Instead, it produces surfactants, which are surface-active agents that allow oil and water to mix, or make substances soluble that would otherwise refuse to dissolve. These chemical building blocks end up in shampoos, laundry detergents, wall paints and textiles. In other words, there is a good chance something made in Delden is sitting in your home right now.
From a Steam Laundry to a Global Group
The story begins in 1926, when two local entrepreneurs, Kuiper and Rozenbroek, set up shop in a disused steam laundry after their original plan to build in Enschede fell through. They served the Twente textile industry, and during the Second World War even pivoted to food production when circumstances demanded it.
Decades of growth, restructuring and ownership changes followed. Locally the site is still affectionately called Servo, even though that name was officially retired in 2000 and the iconic chimney demolished in 2018. Today the company is owned by Swiss-based Kolb Distribution Ltd., itself part of KLK OLEO, the oleochemical arm of Malaysian conglomerate Kuala Lumpur Kepong Berhad.
More Than Just a Factory
The site is unusually well-equipped for an industrial location. It has its own volunteer fire brigade, a dedicated wastewater treatment plant, and most remarkably, a private railway spur that branches off the Zutphen–Oldenzaal line and runs directly onto the premises. Freight trains have used this connection for decades to deliver raw materials straight to the factory floor.
The railway has not always run without incident. In the early 1980s a wrongly set switch accidentally directed a passenger train onto the site. It was stopped in time, nobody was hurt, and the story has since become part of company folklore.
Three Generations, Fifty-Year Careers
Walk through the site with a long-serving colleague and you quickly sense that this is more than just a workplace. Over 200 people are employed here, the vast majority from Delden and the wider Twente area, with many of them cycling in each morning. Staff turnover is remarkably low: three employees recently marked 40 years of service, and last year one colleague reached 50. There are families where three generations have worked on the same site, and farmers’ sons who once looked for a temporary job and never left. That kind of loyalty speaks for itself.
Centenary Celebrations
The anniversary programme ran across several days. A business reception took place on Thursday 30 April, followed on Friday 1 May by a gathering for retirees and former staff, with dignitaries including the mayor, a provincial executive and the Count of Twickel in attendance, and an evening party for current employees.
On Saturday 2 May, the site opened its doors to the general public. As production continues around the clock and safety rules are strict, visitors were guided around the grounds by bus. The programme included live demonstrations by the company fire brigade and a kids’ science lab.
From a small chemical supplier for the local textile industry to a global player in specialty chemistry; one hundred years of growth, resilience and community. The story of KLK Kolb Specialties is far from over, and the next hundred years have already begun.",unclassified_crawl_asset,linked_to_in_scope_content,"[""page:https-www-klkoleo-com-news-media-celebrating-100-years-of-excellence-in-delden""]",0,False,True,Not matched to a WordPress media-library record
asset:crawl-03909711fb99,https://www.klkoleo.com/wp-content/uploads/2026/06/KLK-Kolb-100-Years-Anniversary-300x240.png,image,,,,KLK Kolb 100 Years Anniversary,"For a full century, the site along the Langestraat has been a familiar landmark for anyone passing through this corner of Twente. The chimney that once bore the name Servo is long gone, but the chemical company behind it, today known as KLK Kolb Specialties B.V., part of KLK OLEO Surfactants, remains deeply woven into the fabric of the region. A centenary worth celebrating.
The seven-hectare site is a world of its own. Laboratories, research facilities and towering reactors holding tens of thousands of litres operate virtually without pause, the only exception being public holidays. Visitors quickly learn the rules: beyond a clearly marked yellow line, only specially approved mobile phones are permitted. Safety is non-negotiable in this industry.
From Delden into Every Home
The plant does not manufacture finished consumer products. Instead, it produces surfactants, which are surface-active agents that allow oil and water to mix, or make substances soluble that would otherwise refuse to dissolve. These chemical building blocks end up in shampoos, laundry detergents, wall paints and textiles. In other words, there is a good chance something made in Delden is sitting in your home right now.
From a Steam Laundry to a Global Group
The story begins in 1926, when two local entrepreneurs, Kuiper and Rozenbroek, set up shop in a disused steam laundry after their original plan to build in Enschede fell through. They served the Twente textile industry, and during the Second World War even pivoted to food production when circumstances demanded it.
Decades of growth, restructuring and ownership changes followed. Locally the site is still affectionately called Servo, even though that name was officially retired in 2000 and the iconic chimney demolished in 2018. Today the company is owned by Swiss-based Kolb Distribution Ltd., itself part of KLK OLEO, the oleochemical arm of Malaysian conglomerate Kuala Lumpur Kepong Berhad.
More Than Just a Factory
The site is unusually well-equipped for an industrial location. It has its own volunteer fire brigade, a dedicated wastewater treatment plant, and most remarkably, a private railway spur that branches off the Zutphen–Oldenzaal line and runs directly onto the premises. Freight trains have used this connection for decades to deliver raw materials straight to the factory floor.
The railway has not always run without incident. In the early 1980s a wrongly set switch accidentally directed a passenger train onto the site. It was stopped in time, nobody was hurt, and the story has since become part of company folklore.
Three Generations, Fifty-Year Careers
Walk through the site with a long-serving colleague and you quickly sense that this is more than just a workplace. Over 200 people are employed here, the vast majority from Delden and the wider Twente area, with many of them cycling in each morning. Staff turnover is remarkably low: three employees recently marked 40 years of service, and last year one colleague reached 50. There are families where three generations have worked on the same site, and farmers’ sons who once looked for a temporary job and never left. That kind of loyalty speaks for itself.
Centenary Celebrations
The anniversary programme ran across several days. A business reception took place on Thursday 30 April, followed on Friday 1 May by a gathering for retirees and former staff, with dignitaries including the mayor, a provincial executive and the Count of Twickel in attendance, and an evening party for current employees.
On Saturday 2 May, the site opened its doors to the general public. As production continues around the clock and safety rules are strict, visitors were guided around the grounds by bus. The programme included live demonstrations by the company fire brigade and a kids’ science lab.
From a small chemical supplier for the local textile industry to a global player in specialty chemistry; one hundred years of growth, resilience and community. The story of KLK Kolb Specialties is far from over, and the next hundred years have already begun.",unclassified_crawl_asset,linked_to_in_scope_content,"[""page:https-www-klkoleo-com-news-media-celebrating-100-years-of-excellence-in-delden""]",0,False,True,Not matched to a WordPress media-library record
asset:crawl-afd822942865,https://www.klkoleo.com/wp-content/uploads/2026/06/KLK-Kolb-100-Years-Anniversary-600x480.png,image,,,,KLK Kolb 100 Years Anniversary,"For a full century, the site along the Langestraat has been a familiar landmark for anyone passing through this corner of Twente. The chimney that once bore the name Servo is long gone, but the chemical company behind it, today known as KLK Kolb Specialties B.V., part of KLK OLEO Surfactants, remains deeply woven into the fabric of the region. A centenary worth celebrating.
The seven-hectare site is a world of its own. Laboratories, research facilities and towering reactors holding tens of thousands of litres operate virtually without pause, the only exception being public holidays. Visitors quickly learn the rules: beyond a clearly marked yellow line, only specially approved mobile phones are permitted. Safety is non-negotiable in this industry.
From Delden into Every Home
The plant does not manufacture finished consumer products. Instead, it produces surfactants, which are surface-active agents that allow oil and water to mix, or make substances soluble that would otherwise refuse to dissolve. These chemical building blocks end up in shampoos, laundry detergents, wall paints and textiles. In other words, there is a good chance something made in Delden is sitting in your home right now.
From a Steam Laundry to a Global Group
The story begins in 1926, when two local entrepreneurs, Kuiper and Rozenbroek, set up shop in a disused steam laundry after their original plan to build in Enschede fell through. They served the Twente textile industry, and during the Second World War even pivoted to food production when circumstances demanded it.
Decades of growth, restructuring and ownership changes followed. Locally the site is still affectionately called Servo, even though that name was officially retired in 2000 and the iconic chimney demolished in 2018. Today the company is owned by Swiss-based Kolb Distribution Ltd., itself part of KLK OLEO, the oleochemical arm of Malaysian conglomerate Kuala Lumpur Kepong Berhad.
More Than Just a Factory
The site is unusually well-equipped for an industrial location. It has its own volunteer fire brigade, a dedicated wastewater treatment plant, and most remarkably, a private railway spur that branches off the Zutphen–Oldenzaal line and runs directly onto the premises. Freight trains have used this connection for decades to deliver raw materials straight to the factory floor.
The railway has not always run without incident. In the early 1980s a wrongly set switch accidentally directed a passenger train onto the site. It was stopped in time, nobody was hurt, and the story has since become part of company folklore.
Three Generations, Fifty-Year Careers
Walk through the site with a long-serving colleague and you quickly sense that this is more than just a workplace. Over 200 people are employed here, the vast majority from Delden and the wider Twente area, with many of them cycling in each morning. Staff turnover is remarkably low: three employees recently marked 40 years of service, and last year one colleague reached 50. There are families where three generations have worked on the same site, and farmers’ sons who once looked for a temporary job and never left. That kind of loyalty speaks for itself.
Centenary Celebrations
The anniversary programme ran across several days. A business reception took place on Thursday 30 April, followed on Friday 1 May by a gathering for retirees and former staff, with dignitaries including the mayor, a provincial executive and the Count of Twickel in attendance, and an evening party for current employees.
On Saturday 2 May, the site opened its doors to the general public. As production continues around the clock and safety rules are strict, visitors were guided around the grounds by bus. The programme included live demonstrations by the company fire brigade and a kids’ science lab.
From a small chemical supplier for the local textile industry to a global player in specialty chemistry; one hundred years of growth, resilience and community. The story of KLK Kolb Specialties is far from over, and the next hundred years have already begun.",unclassified_crawl_asset,linked_to_in_scope_content,"[""page:https-www-klkoleo-com-news-media-celebrating-100-years-of-excellence-in-delden""]",0,False,True,Not matched to a WordPress media-library record
asset:crawl-18156c33e2d0,https://www.klkoleo.com/wp-content/uploads/2026/06/KLK-Kolb-100-Years-Anniversary-768x614.png,image,,,,KLK Kolb 100 Years Anniversary,"For a full century, the site along the Langestraat has been a familiar landmark for anyone passing through this corner of Twente. The chimney that once bore the name Servo is long gone, but the chemical company behind it, today known as KLK Kolb Specialties B.V., part of KLK OLEO Surfactants, remains deeply woven into the fabric of the region. A centenary worth celebrating.
The seven-hectare site is a world of its own. Laboratories, research facilities and towering reactors holding tens of thousands of litres operate virtually without pause, the only exception being public holidays. Visitors quickly learn the rules: beyond a clearly marked yellow line, only specially approved mobile phones are permitted. Safety is non-negotiable in this industry.
From Delden into Every Home
The plant does not manufacture finished consumer products. Instead, it produces surfactants, which are surface-active agents that allow oil and water to mix, or make substances soluble that would otherwise refuse to dissolve. These chemical building blocks end up in shampoos, laundry detergents, wall paints and textiles. In other words, there is a good chance something made in Delden is sitting in your home right now.
From a Steam Laundry to a Global Group
The story begins in 1926, when two local entrepreneurs, Kuiper and Rozenbroek, set up shop in a disused steam laundry after their original plan to build in Enschede fell through. They served the Twente textile industry, and during the Second World War even pivoted to food production when circumstances demanded it.
Decades of growth, restructuring and ownership changes followed. Locally the site is still affectionately called Servo, even though that name was officially retired in 2000 and the iconic chimney demolished in 2018. Today the company is owned by Swiss-based Kolb Distribution Ltd., itself part of KLK OLEO, the oleochemical arm of Malaysian conglomerate Kuala Lumpur Kepong Berhad.
More Than Just a Factory
The site is unusually well-equipped for an industrial location. It has its own volunteer fire brigade, a dedicated wastewater treatment plant, and most remarkably, a private railway spur that branches off the Zutphen–Oldenzaal line and runs directly onto the premises. Freight trains have used this connection for decades to deliver raw materials straight to the factory floor.
The railway has not always run without incident. In the early 1980s a wrongly set switch accidentally directed a passenger train onto the site. It was stopped in time, nobody was hurt, and the story has since become part of company folklore.
Three Generations, Fifty-Year Careers
Walk through the site with a long-serving colleague and you quickly sense that this is more than just a workplace. Over 200 people are employed here, the vast majority from Delden and the wider Twente area, with many of them cycling in each morning. Staff turnover is remarkably low: three employees recently marked 40 years of service, and last year one colleague reached 50. There are families where three generations have worked on the same site, and farmers’ sons who once looked for a temporary job and never left. That kind of loyalty speaks for itself.
Centenary Celebrations
The anniversary programme ran across several days. A business reception took place on Thursday 30 April, followed on Friday 1 May by a gathering for retirees and former staff, with dignitaries including the mayor, a provincial executive and the Count of Twickel in attendance, and an evening party for current employees.
On Saturday 2 May, the site opened its doors to the general public. As production continues around the clock and safety rules are strict, visitors were guided around the grounds by bus. The programme included live demonstrations by the company fire brigade and a kids’ science lab.
From a small chemical supplier for the local textile industry to a global player in specialty chemistry; one hundred years of growth, resilience and community. The story of KLK Kolb Specialties is far from over, and the next hundred years have already begun.",unclassified_crawl_asset,linked_to_in_scope_content,"[""page:https-www-klkoleo-com-news-media-celebrating-100-years-of-excellence-in-delden""]",0,False,True,Not matched to a WordPress media-library record
asset:crawl-0c35eb5108e3,https://www.klkoleo.com/wp-content/uploads/2026/06/KLK-Kolb-100-Years-Anniversary.png,image,,,,KLK Kolb 100 Years Anniversary,"For a full century, the site along the Langestraat has been a familiar landmark for anyone passing through this corner of Twente. The chimney that once bore the name Servo is long gone, but the chemical company behind it, today known as KLK Kolb Specialties B.V., part of KLK OLEO Surfactants, remains deeply woven into the fabric of the region. A centenary worth celebrating.
The seven-hectare site is a world of its own. Laboratories, research facilities and towering reactors holding tens of thousands of litres operate virtually without pause, the only exception being public holidays. Visitors quickly learn the rules: beyond a clearly marked yellow line, only specially approved mobile phones are permitted. Safety is non-negotiable in this industry.
From Delden into Every Home
The plant does not manufacture finished consumer products. Instead, it produces surfactants, which are surface-active agents that allow oil and water to mix, or make substances soluble that would otherwise refuse to dissolve. These chemical building blocks end up in shampoos, laundry detergents, wall paints and textiles. In other words, there is a good chance something made in Delden is sitting in your home right now.
From a Steam Laundry to a Global Group
The story begins in 1926, when two local entrepreneurs, Kuiper and Rozenbroek, set up shop in a disused steam laundry after their original plan to build in Enschede fell through. They served the Twente textile industry, and during the Second World War even pivoted to food production when circumstances demanded it.
Decades of growth, restructuring and ownership changes followed. Locally the site is still affectionately called Servo, even though that name was officially retired in 2000 and the iconic chimney demolished in 2018. Today the company is owned by Swiss-based Kolb Distribution Ltd., itself part of KLK OLEO, the oleochemical arm of Malaysian conglomerate Kuala Lumpur Kepong Berhad.
More Than Just a Factory
The site is unusually well-equipped for an industrial location. It has its own volunteer fire brigade, a dedicated wastewater treatment plant, and most remarkably, a private railway spur that branches off the Zutphen–Oldenzaal line and runs directly onto the premises. Freight trains have used this connection for decades to deliver raw materials straight to the factory floor.
The railway has not always run without incident. In the early 1980s a wrongly set switch accidentally directed a passenger train onto the site. It was stopped in time, nobody was hurt, and the story has since become part of company folklore.
Three Generations, Fifty-Year Careers
Walk through the site with a long-serving colleague and you quickly sense that this is more than just a workplace. Over 200 people are employed here, the vast majority from Delden and the wider Twente area, with many of them cycling in each morning. Staff turnover is remarkably low: three employees recently marked 40 years of service, and last year one colleague reached 50. There are families where three generations have worked on the same site, and farmers’ sons who once looked for a temporary job and never left. That kind of loyalty speaks for itself.
Centenary Celebrations
The anniversary programme ran across several days. A business reception took place on Thursday 30 April, followed on Friday 1 May by a gathering for retirees and former staff, with dignitaries including the mayor, a provincial executive and the Count of Twickel in attendance, and an evening party for current employees.
On Saturday 2 May, the site opened its doors to the general public. As production continues around the clock and safety rules are strict, visitors were guided around the grounds by bus. The programme included live demonstrations by the company fire brigade and a kids’ science lab.
From a small chemical supplier for the local textile industry to a global player in specialty chemistry; one hundred years of growth, resilience and community. The story of KLK Kolb Specialties is far from over, and the next hundred years have already begun.",unclassified_crawl_asset,linked_to_in_scope_content,"[""page:https-www-klkoleo-com-news-media-celebrating-100-years-of-excellence-in-delden""]",0,False,True,Not matched to a WordPress media-library record
asset:crawl-7603759312bb,https://www.klkoleo.com/wp-content/uploads/2026/06/KLK-OLEO-in-cosmetics-Korea-100x100.png,image,,,,KLK OLEO in cosmetics Korea,"Sustainable ingredients, touching lives positively, everyday
										16 Jun 2026
										Visit KLK OLEO at Booth D-C60 and Innovation Zone at in-cosmetics Korea! Featured products: Sympare Sense: Transforms rich creams into a lightweight sensory experience. Sympare […]
										Know More",unclassified_crawl_asset,linked_to_in_scope_content,"[""page:https-www-klkoleo-com-archive-by-year-2026"",""page:https-www-klkoleo-com-news-media"",""page:https-www-klkoleo-com-news-media-sustainable-ingredients-touching-lives-positively-everyday""]",0,False,True,Not matched to a WordPress media-library record
asset:crawl-ac270bee3929,https://www.klkoleo.com/wp-content/uploads/2026/06/KLK-OLEO-in-cosmetics-Korea-1024x1024.png,image,,,,KLK OLEO in cosmetics Korea,"Sustainable ingredients, touching lives positively, everyday				
				
				
				
									
					
						
									Read More",unclassified_crawl_asset,linked_to_in_scope_content,"[""page:https-www-klkoleo-com"",""page:https-www-klkoleo-com-archive-by-year-2026"",""page:https-www-klkoleo-com-news-media"",""page:https-www-klkoleo-com-news-media-sustainable-ingredients-touching-lives-positively-everyday"",""page:https-www-klkoleo-com-r3d-de-assembly-terms-and-conditions-klke-dusseldorf"",""page:https-www-klkoleo-com-r3d-de-general-terms-and-conditions-of-purchase-klk-emmerich"",""page:https-www-klkoleo-com-r3d-de-general-terms-and-conditions-of-sale-klk-emmerich"",""page:https-www-klkoleo-com-r3d-de-safety-guide-klk-emmerich"",""page:https-www-klkoleo-com-r3d-eng-anti-corruption-policy-klk-group"",""page:https-www-klkoleo-com-r3d-eng-code-of-conduct-and-ethics-for-the-company-group-klk-group"",""page:https-www-klkoleo-com-r3d-eng-code-of-conduct-for-suppliers-klk-emmerich"",""page:https-www-klkoleo-com-r3d-eng-general-conditions-of-sale-klktemix"",""page:https-www-klkoleo-com-r3d-eng-general-terms-and-conditions-for-the-purchase-of-goods-and-or-services-klk-oleo-group"",""page:https-www-klkoleo-com-r3d-eng-general-terms-and-conditions-of-sale-klk-emmerich"",""page:https-www-klkoleo-com-r3d-eng-general-terms-and-conditions-of-sale-klk-tensachem"",""page:https-www-klkoleo-com-r3d-eng-general-terms-and-conditions-of-sale-or-supply-klk-kolb-specialties"",""page:https-www-klkoleo-com-r3d-eng-general-terms-and-conditions-of-sale-or-supply-palmoleo-klang"",""page:https-www-klkoleo-com-r3d-eng-quality-environmental-safety-and-food-safety-policy-klktemix"",""page:https-www-klkoleo-com-r3d-eng-supplier-code-of-conduct-klk-group"",""page:https-www-klkoleo-com-r3d-klk-oleo-beauty-and-personal-care-brochure"",""page:https-www-klkoleo-com-r3d-klk-oleo-palmester-biolubricant-base-oil-for-mwf-neat-oil-applications"",""page:https-www-klkoleo-com-r3d-klk-oleos-traceability"",""page:https-www-klkoleo-com-r3d-klk-sustainability-report-2021""]",0,False,True,Not matched to a WordPress media-library record
asset:crawl-84cb2fbdb398,https://www.klkoleo.com/wp-content/uploads/2026/06/KLK-OLEO-in-cosmetics-Korea-150x150.png,image,,,,KLK OLEO in cosmetics Korea,"Sustainable ingredients, touching lives positively, everyday
										16 Jun 2026
										Visit KLK OLEO at Booth D-C60 and Innovation Zone at in-cosmetics Korea! Featured products: Sympare Sense: Transforms rich creams into a lightweight sensory experience. Sympare […]
										Know More",unclassified_crawl_asset,linked_to_in_scope_content,"[""page:https-www-klkoleo-com-archive-by-year-2026"",""page:https-www-klkoleo-com-news-media"",""page:https-www-klkoleo-com-news-media-sustainable-ingredients-touching-lives-positively-everyday""]",0,False,True,Not matched to a WordPress media-library record
asset:crawl-43b2a481f598,https://www.klkoleo.com/wp-content/uploads/2026/06/KLK-OLEO-in-cosmetics-Korea-300x300.png,image,,,,KLK OLEO in cosmetics Korea,"Sustainable ingredients, touching lives positively, everyday
										16 Jun 2026
										Visit KLK OLEO at Booth D-C60 and Innovation Zone at in-cosmetics Korea! Featured products: Sympare Sense: Transforms rich creams into a lightweight sensory experience. Sympare […]
										Know More",unclassified_crawl_asset,linked_to_in_scope_content,"[""page:https-www-klkoleo-com-archive-by-year-2026"",""page:https-www-klkoleo-com-news-media"",""page:https-www-klkoleo-com-news-media-sustainable-ingredients-touching-lives-positively-everyday""]",0,False,True,Not matched to a WordPress media-library record
asset:crawl-5a35dcc42025,https://www.klkoleo.com/wp-content/uploads/2026/06/KLK-OLEO-in-cosmetics-Korea-600x600.png,image,,,,KLK OLEO in cosmetics Korea,"Sustainable ingredients, touching lives positively, everyday
										16 Jun 2026
										Visit KLK OLEO at Booth D-C60 and Innovation Zone at in-cosmetics Korea! Featured products: Sympare Sense: Transforms rich creams into a lightweight sensory experience. Sympare […]
										Know More",unclassified_crawl_asset,linked_to_in_scope_content,"[""page:https-www-klkoleo-com-archive-by-year-2026"",""page:https-www-klkoleo-com-news-media"",""page:https-www-klkoleo-com-news-media-sustainable-ingredients-touching-lives-positively-everyday""]",0,False,True,Not matched to a WordPress media-library record
asset:crawl-c6f5745c3fbe,https://www.klkoleo.com/wp-content/uploads/2026/06/KLK-OLEO-in-cosmetics-Korea-768x768.png,image,,,,KLK OLEO in cosmetics Korea,"Sustainable ingredients, touching lives positively, everyday
										16 Jun 2026
										Visit KLK OLEO at Booth D-C60 and Innovation Zone at in-cosmetics Korea! Featured products: Sympare Sense: Transforms rich creams into a lightweight sensory experience. Sympare […]
										Know More",unclassified_crawl_asset,linked_to_in_scope_content,"[""page:https-www-klkoleo-com-archive-by-year-2026"",""page:https-www-klkoleo-com-news-media"",""page:https-www-klkoleo-com-news-media-sustainable-ingredients-touching-lives-positively-everyday""]",0,False,True,Not matched to a WordPress media-library record
asset:crawl-ae8d800a5499,https://www.klkoleo.com/wp-content/uploads/2026/06/KLK-OLEO-in-cosmetics-Korea.png,image,,,,KLK OLEO in cosmetics Korea,"Sustainable ingredients, touching lives positively, everyday
										16 Jun 2026
										Visit KLK OLEO at Booth D-C60 and Innovation Zone at in-cosmetics Korea! Featured products: Sympare Sense: Transforms rich creams into a lightweight sensory experience. Sympare […]
										Know More",unclassified_crawl_asset,linked_to_in_scope_content,"[""page:https-www-klkoleo-com-archive-by-year-2026"",""page:https-www-klkoleo-com-news-media"",""page:https-www-klkoleo-com-news-media-sustainable-ingredients-touching-lives-positively-everyday""]",0,False,True,Not matched to a WordPress media-library record
asset:crawl-74092eb91441,https://www.klkoleo.com/wp-content/uploads/2026/08/2026-09-VItafoods-Asia-Visual-1080px--100x100.png,image,,,,2026 09 VItafoods Asia Visual (1080px),"Trusted Partner for Healthy Ageing and Healthier Living
										07 Aug 2026
										Meet the KLK OLEO team at Vitafoods Asia to learn more about their sustainable, high-performance functional ingredients for food and nutrition, as well as the […]
										Know More",unclassified_crawl_asset,linked_to_in_scope_content,"[""page:https-www-klkoleo-com-archive-by-year-2026"",""page:https-www-klkoleo-com-news-media"",""page:https-www-klkoleo-com-news-media-trusted-partner-for-healthy-ageing-and-healthier-living""]",0,False,True,Not matched to a WordPress media-library record
asset:crawl-c18baaf4b34e,https://www.klkoleo.com/wp-content/uploads/2026/08/2026-09-VItafoods-Asia-Visual-1080px--1024x1024.png,image,,,,2026 09 VItafoods Asia Visual (1080px),"Trusted Partner for Healthy Ageing and Healthier Living				
				
				
				
									
					
						
									Read More",unclassified_crawl_asset,linked_to_in_scope_content,"[""page:https-www-klkoleo-com"",""page:https-www-klkoleo-com-archive-by-year-2026"",""page:https-www-klkoleo-com-news-media"",""page:https-www-klkoleo-com-news-media-trusted-partner-for-healthy-ageing-and-healthier-living"",""page:https-www-klkoleo-com-r3d-de-assembly-terms-and-conditions-klke-dusseldorf"",""page:https-www-klkoleo-com-r3d-de-general-terms-and-conditions-of-purchase-klk-emmerich"",""page:https-www-klkoleo-com-r3d-de-general-terms-and-conditions-of-sale-klk-emmerich"",""page:https-www-klkoleo-com-r3d-de-safety-guide-klk-emmerich"",""page:https-www-klkoleo-com-r3d-eng-anti-corruption-policy-klk-group"",""page:https-www-klkoleo-com-r3d-eng-code-of-conduct-and-ethics-for-the-company-group-klk-group"",""page:https-www-klkoleo-com-r3d-eng-code-of-conduct-for-suppliers-klk-emmerich"",""page:https-www-klkoleo-com-r3d-eng-general-conditions-of-sale-klktemix"",""page:https-www-klkoleo-com-r3d-eng-general-terms-and-conditions-for-the-purchase-of-goods-and-or-services-klk-oleo-group"",""page:https-www-klkoleo-com-r3d-eng-general-terms-and-conditions-of-sale-klk-emmerich"",""page:https-www-klkoleo-com-r3d-eng-general-terms-and-conditions-of-sale-klk-tensachem"",""page:https-www-klkoleo-com-r3d-eng-general-terms-and-conditions-of-sale-or-supply-klk-kolb-specialties"",""page:https-www-klkoleo-com-r3d-eng-general-terms-and-conditions-of-sale-or-supply-palmoleo-klang"",""page:https-www-klkoleo-com-r3d-eng-quality-environmental-safety-and-food-safety-policy-klktemix"",""page:https-www-klkoleo-com-r3d-eng-supplier-code-of-conduct-klk-group"",""page:https-www-klkoleo-com-r3d-klk-oleo-beauty-and-personal-care-brochure"",""page:https-www-klkoleo-com-r3d-klk-oleo-palmester-biolubricant-base-oil-for-mwf-neat-oil-applications"",""page:https-www-klkoleo-com-r3d-klk-oleos-traceability"",""page:https-www-klkoleo-com-r3d-klk-sustainability-report-2021""]",0,False,True,Not matched to a WordPress media-library record
asset:crawl-f4b5acb661cf,https://www.klkoleo.com/wp-content/uploads/2026/08/2026-09-VItafoods-Asia-Visual-1080px--150x150.png,image,,,,2026 09 VItafoods Asia Visual (1080px),"Trusted Partner for Healthy Ageing and Healthier Living
										07 Aug 2026
										Meet the KLK OLEO team at Vitafoods Asia to learn more about their sustainable, high-performance functional ingredients for food and nutrition, as well as the […]
										Know More",unclassified_crawl_asset,linked_to_in_scope_content,"[""page:https-www-klkoleo-com-archive-by-year-2026"",""page:https-www-klkoleo-com-news-media"",""page:https-www-klkoleo-com-news-media-trusted-partner-for-healthy-ageing-and-healthier-living""]",0,False,True,Not matched to a WordPress media-library record
asset:crawl-45807deaba02,https://www.klkoleo.com/wp-content/uploads/2026/08/2026-09-VItafoods-Asia-Visual-1080px--300x300.png,image,,,,2026 09 VItafoods Asia Visual (1080px),"Trusted Partner for Healthy Ageing and Healthier Living
										07 Aug 2026
										Meet the KLK OLEO team at Vitafoods Asia to learn more about their sustainable, high-performance functional ingredients for food and nutrition, as well as the […]
										Know More",unclassified_crawl_asset,linked_to_in_scope_content,"[""page:https-www-klkoleo-com-archive-by-year-2026"",""page:https-www-klkoleo-com-news-media"",""page:https-www-klkoleo-com-news-media-trusted-partner-for-healthy-ageing-and-healthier-living""]",0,False,True,Not matched to a WordPress media-library record
asset:crawl-a37fc60a65f7,https://www.klkoleo.com/wp-content/uploads/2026/08/2026-09-VItafoods-Asia-Visual-1080px--600x600.png,image,,,,2026 09 VItafoods Asia Visual (1080px),"Trusted Partner for Healthy Ageing and Healthier Living
										07 Aug 2026
										Meet the KLK OLEO team at Vitafoods Asia to learn more about their sustainable, high-performance functional ingredients for food and nutrition, as well as the […]
										Know More",unclassified_crawl_asset,linked_to_in_scope_content,"[""page:https-www-klkoleo-com-archive-by-year-2026"",""page:https-www-klkoleo-com-news-media"",""page:https-www-klkoleo-com-news-media-trusted-partner-for-healthy-ageing-and-healthier-living""]",0,False,True,Not matched to a WordPress media-library record
asset:crawl-bf58b314fe71,https://www.klkoleo.com/wp-content/uploads/2026/08/2026-09-VItafoods-Asia-Visual-1080px--768x768.png,image,,,,2026 09 VItafoods Asia Visual (1080px),"Trusted Partner for Healthy Ageing and Healthier Living
										07 Aug 2026
										Meet the KLK OLEO team at Vitafoods Asia to learn more about their sustainable, high-performance functional ingredients for food and nutrition, as well as the […]
										Know More",unclassified_crawl_asset,linked_to_in_scope_content,"[""page:https-www-klkoleo-com-archive-by-year-2026"",""page:https-www-klkoleo-com-news-media"",""page:https-www-klkoleo-com-news-media-trusted-partner-for-healthy-ageing-and-healthier-living""]",0,False,True,Not matched to a WordPress media-library record
asset:crawl-232dd4681172,https://www.klkoleo.com/wp-content/uploads/2026/08/2026-09-VItafoods-Asia-Visual-1080px-.png,image,,,,2026 09 VItafoods Asia Visual (1080px),"Trusted Partner for Healthy Ageing and Healthier Living
										07 Aug 2026
										Meet the KLK OLEO team at Vitafoods Asia to learn more about their sustainable, high-performance functional ingredients for food and nutrition, as well as the […]
										Know More",unclassified_crawl_asset,linked_to_in_scope_content,"[""page:https-www-klkoleo-com-archive-by-year-2026"",""page:https-www-klkoleo-com-news-media"",""page:https-www-klkoleo-com-news-media-trusted-partner-for-healthy-ageing-and-healthier-living""]",0,False,True,Not matched to a WordPress media-library record
